dataset,frame_id,family,level,unit,n_finite,n_visible,fov_pct,n_objects,object_points,object_hits,box_pct,common_points,mean_shift_px,p95_shift_px
kitti,000001,yaw,-3.000000000,deg,120268,18637,15.496225097,2,88,0,0.000000000,17813,46.301088433,60.752388261
kitti,000001,yaw,-2.000000000,deg,120268,18627,15.487910334,2,88,12,13.636363636,18080,31.017977137,41.009245905
kitti,000001,yaw,-1.000000000,deg,120268,18635,15.494562145,2,88,45,51.136363636,18357,15.590652678,20.771858865
kitti,000001,yaw,-0.500000000,deg,120268,18633,15.492899192,2,88,67,76.136363636,18499,7.816907207,10.453218831
kitti,000001,yaw,0.000000000,deg,120268,18630,15.490404763,2,88,88,100.000000000,18630,0.000000000,0.000000000
kitti,000001,yaw,0.500000000,deg,120268,18629,15.489573286,2,88,63,71.590909091,18492,7.814318137,10.455353586
kitti,000001,yaw,1.000000000,deg,120268,18630,15.490404763,2,88,38,43.181818182,18360,15.585500515,20.777973090
kitti,000001,yaw,2.000000000,deg,120268,18633,15.492899192,2,88,7,7.954545455,18089,31.001620496,41.019910639
kitti,000001,yaw,3.000000000,deg,120268,18635,15.494562145,2,88,0,0.000000000,17815,46.253145522,60.768068986
kitti,000001,lateral,-0.100000000,m,120268,18599,15.464628995,2,88,87,98.863636364,18543,6.111151935,11.583393726
kitti,000001,lateral,-0.050000000,m,120268,18613,15.476269664,2,88,87,98.863636364,18589,3.059954271,5.795289441
kitti,000001,lateral,-0.020000000,m,120268,18624,15.485415904,2,88,88,100.000000000,18617,1.225043786,2.320020118
kitti,000001,lateral,0.000000000,m,120268,18630,15.490404763,2,88,88,100.000000000,18630,0.000000000,0.000000000
kitti,000001,lateral,0.020000000,m,120268,18637,15.496225097,2,88,88,100.000000000,18616,1.225340385,2.320588476
kitti,000001,lateral,0.050000000,m,120268,18650,15.507034290,2,88,87,98.863636364,18599,3.063132858,5.799866467
kitti,000001,lateral,0.100000000,m,120268,18659,15.514517577,2,88,85,96.590909091,18569,6.123174060,11.590544148
kitti,000004,yaw,-3.000000000,deg,115976,19049,16.424949990,2,103,18,17.475728155,18255,46.164379193,60.552562250
kitti,000004,yaw,-2.000000000,deg,115976,19067,16.440470442,2,103,47,45.631067961,18537,30.934875726,40.974224248
kitti,000004,yaw,-1.000000000,deg,115976,19080,16.451679658,2,103,80,77.669902913,18806,15.544472800,20.703029584
kitti,000004,yaw,-0.500000000,deg,115976,19076,16.448230668,2,103,95,92.233009709,18938,7.792105029,10.426574179
kitti,000004,yaw,0.000000000,deg,115976,19063,16.437021453,2,103,103,100.000000000,19063,0.000000000,0.000000000
kitti,000004,yaw,0.500000000,deg,115976,19053,16.428398979,2,103,97,94.174757282,18929,7.789305161,10.411536255
kitti,000004,yaw,1.000000000,deg,115976,19032,16.410291785,2,103,82,79.611650485,18793,15.536418254,20.689682799
kitti,000004,yaw,2.000000000,deg,115976,18975,16.361143685,2,103,56,54.368932039,18518,30.906855601,40.845391956
kitti,000004,yaw,3.000000000,deg,115976,18965,16.352521211,2,103,21,20.388349515,18244,46.121569903,60.531619684
kitti,000004,lateral,-0.100000000,m,115976,19063,16.437021453,2,103,103,100.000000000,19004,5.462852094,11.213602156
kitti,000004,lateral,-0.050000000,m,115976,19064,16.437883700,2,103,103,100.000000000,19034,2.734349809,5.609102409
kitti,000004,lateral,-0.020000000,m,115976,19065,16.438745947,2,103,103,100.000000000,19052,1.094193060,2.244063836
kitti,000004,lateral,0.000000000,m,115976,19063,16.437021453,2,103,103,100.000000000,19063,0.000000000,0.000000000
kitti,000004,lateral,0.020000000,m,115976,19073,16.445643926,2,103,103,100.000000000,19055,1.094160907,2.243620241
kitti,000004,lateral,0.050000000,m,115976,19075,16.447368421,2,103,103,100.000000000,19040,2.734971864,5.607986593
kitti,000004,lateral,0.100000000,m,115976,19069,16.442194937,2,103,103,100.000000000,19004,5.466282898,11.212237792
kitti,000007,yaw,-3.000000000,deg,122798,19515,15.891952638,3,235,46,19.574468085,18712,45.961048046,60.450098029
kitti,000007,yaw,-2.000000000,deg,122798,19508,15.886252219,3,235,105,44.680851064,18977,30.791392525,40.816898835
kitti,000007,yaw,-1.000000000,deg,122798,19363,15.768172120,3,235,174,74.042553191,19095,15.425471357,20.502498627
kitti,000007,yaw,-0.500000000,deg,122798,19351,15.758399974,3,235,217,92.340425532,19221,7.733387871,10.312624770
kitti,000007,yaw,0.000000000,deg,122798,19423,15.817032851,3,235,235,100.000000000,19423,0.000000000,0.000000000
kitti,000007,yaw,0.500000000,deg,122798,19433,15.825176306,3,235,209,88.936170213,19285,7.747391954,10.353094842
kitti,000007,yaw,1.000000000,deg,122798,19388,15.788530758,3,235,171,72.765957447,19144,15.452331573,20.565856821
kitti,000007,yaw,2.000000000,deg,122798,19236,15.664750240,3,235,99,42.127659574,18870,30.749492024,40.623794535
kitti,000007,yaw,3.000000000,deg,122798,19268,15.690809297,3,235,42,17.872340426,18593,45.896406374,60.169317634
kitti,000007,lateral,-0.100000000,m,122798,19314,15.728269190,3,235,233,99.148936170,19259,5.389849523,11.349278580
kitti,000007,lateral,-0.050000000,m,122798,19365,15.769800811,3,235,234,99.574468085,19340,2.709065167,5.704403872
kitti,000007,lateral,-0.020000000,m,122798,19402,15.799931595,3,235,235,100.000000000,19394,1.087569393,2.291127758
kitti,000007,lateral,0.000000000,m,122798,19423,15.817032851,3,235,235,100.000000000,19423,0.000000000,0.000000000
kitti,000007,lateral,0.020000000,m,122798,19436,15.827619342,3,235,235,100.000000000,19407,1.089374579,2.295865849
kitti,000007,lateral,0.050000000,m,122798,19445,15.834948452,3,235,234,99.574468085,19388,2.723016165,5.739636317
kitti,000007,lateral,0.100000000,m,122798,19449,15.838205834,3,235,229,97.446808511,19358,5.442472391,11.478276117
kitti,000008,yaw,-3.000000000,deg,122555,17099,13.952103137,6,5127,4276,83.401599376,16465,45.446878978,60.778950184
kitti,000008,yaw,-2.000000000,deg,122555,17106,13.957814859,6,5127,4646,90.618295299,16695,30.454934409,41.125954815
kitti,000008,yaw,-1.000000000,deg,122555,17161,14.002692669,6,5127,4973,96.996294129,16959,15.320559260,20.894651624
kitti,000008,yaw,-0.500000000,deg,122555,17198,14.032883195,6,5127,5070,98.888238736,17098,7.685740965,10.539652190
kitti,000008,yaw,0.000000000,deg,122555,17238,14.065521603,6,5127,5108,99.629412912,17238,0.000000000,0.000000000
kitti,000008,yaw,0.500000000,deg,122555,17281,14.100607890,6,5127,5067,98.829724985,17138,7.693172067,10.564580393
kitti,000008,yaw,1.000000000,deg,122555,17316,14.129166497,6,5127,4978,97.093817047,17033,15.345433937,20.990973596
kitti,000008,yaw,2.000000000,deg,122555,17384,14.184651789,6,5127,4709,91.847084065,16835,30.551158420,41.464954113
kitti,000008,yaw,3.000000000,deg,122555,17436,14.227081718,6,5127,4443,86.658864833,16622,45.612215033,61.552936858
kitti,000008,lateral,-0.100000000,m,122555,17271,14.092448289,6,5127,5068,98.849229569,17128,8.296880325,19.677255382
kitti,000008,lateral,-0.050000000,m,122555,17250,14.075313125,6,5127,5095,99.375853326,17181,4.151866552,9.837549647
kitti,000008,lateral,-0.020000000,m,122555,17246,14.072049284,6,5127,5103,99.531889994,17215,1.661415993,3.931068741
kitti,000008,lateral,0.000000000,m,122555,17238,14.065521603,6,5127,5108,99.629412912,17238,0.000000000,0.000000000
kitti,000008,lateral,0.020000000,m,122555,17234,14.062257762,6,5127,5099,99.453871660,17210,1.658394591,3.900031892
kitti,000008,lateral,0.050000000,m,122555,17228,14.057362001,6,5127,5080,99.083284572,17175,4.133207149,9.672695976
kitti,000008,lateral,0.100000000,m,122555,17205,14.038594917,6,5127,5041,98.322605812,17102,8.213040535,18.957388835
kitti,000009,yaw,-3.000000000,deg,123928,19443,15.688948422,1,219,70,31.963470320,18619,46.028984012,60.555738911
kitti,000009,yaw,-2.000000000,deg,123928,19440,15.686527661,1,219,124,56.621004566,18890,30.840514299,40.865579598
kitti,000009,yaw,-1.000000000,deg,123928,19429,15.677651540,1,219,176,80.365296804,19157,15.498408707,20.682903025
kitti,000009,yaw,-0.500000000,deg,123928,19427,15.676037699,1,219,205,93.607305936,19285,7.768705346,10.402953602
kitti,000009,yaw,0.000000000,deg,123928,19411,15.663126977,1,219,219,100.000000000,19411,0.000000000,0.000000000
kitti,000009,yaw,0.500000000,deg,123928,19412,15.663933897,1,219,203,92.694063927,19279,7.768075230,10.400343450
kitti,000009,yaw,1.000000000,deg,123928,19395,15.650216255,1,219,180,82.191780822,19140,15.494613312,20.663012320
kitti,000009,yaw,2.000000000,deg,123928,19381,15.638919373,1,219,120,54.794520548,18871,30.833116312,40.817321580
kitti,000009,yaw,3.000000000,deg,123928,19381,15.638919373,1,219,66,30.136986301,18598,46.021521535,60.479536734
kitti,000009,lateral,-0.100000000,m,123928,19423,15.672810019,1,219,214,97.716894977,19352,5.376401499,11.157570472
kitti,000009,lateral,-0.050000000,m,123928,19417,15.667968498,1,219,218,99.543378995,19379,2.689576747,5.580660562
kitti,000009,lateral,-0.020000000,m,123928,19411,15.663126977,1,219,219,100.000000000,19400,1.076185289,2.232667537
kitti,000009,lateral,0.000000000,m,123928,19411,15.663126977,1,219,219,100.000000000,19411,0.000000000,0.000000000
kitti,000009,lateral,0.020000000,m,123928,19413,15.664740817,1,219,219,100.000000000,19402,1.076165498,2.232196054
kitti,000009,lateral,0.050000000,m,123928,19410,15.662320057,1,219,219,100.000000000,19381,2.689317377,5.579397787
kitti,000009,lateral,0.100000000,m,123928,19402,15.655864696,1,219,217,99.086757991,19345,5.375420602,11.156495341
kitti,000010,yaw,-3.000000000,deg,115875,16717,14.426752967,9,2064,1381,66.908914729,15983,45.613542224,59.687459776
kitti,000010,yaw,-2.000000000,deg,115875,16646,14.365480043,9,2064,1629,78.924418605,16142,30.511117935,40.315726901
kitti,000010,yaw,-1.000000000,deg,115875,16555,14.286947141,9,2064,1901,92.102713178,16304,15.312380169,20.427990119
kitti,000010,yaw,-0.500000000,deg,115875,16501,14.240345200,9,2064,2004,97.093023256,16380,7.670341034,10.282436569
kitti,000010,yaw,0.000000000,deg,115875,16464,14.208414239,9,2064,2058,99.709302326,16464,0.000000000,0.000000000
kitti,000010,yaw,0.500000000,deg,115875,16412,14.163538296,9,2064,2051,99.370155039,16334,7.664075764,10.311163120
kitti,000010,yaw,1.000000000,deg,115875,16369,14.126429342,9,2064,1975,95.687984496,16212,15.285691533,20.490539805
kitti,000010,yaw,2.000000000,deg,115875,16299,14.066019417,9,2064,1775,85.998062016,15949,30.395729977,40.274622795
kitti,000010,yaw,3.000000000,deg,115875,16271,14.041855448,9,2064,1536,74.418604651,15707,45.357067199,59.630309024
kitti,000010,lateral,-0.100000000,m,115875,16484,14.225674218,9,2064,2034,98.546511628,16427,6.052848915,11.390410332
kitti,000010,lateral,-0.050000000,m,115875,16476,14.218770227,9,2064,2046,99.127906977,16447,3.030316161,5.697943182
kitti,000010,lateral,-0.020000000,m,115875,16461,14.205825243,9,2064,2055,99.563953488,16454,1.213074543,2.279957646
kitti,000010,lateral,0.000000000,m,115875,16464,14.208414239,9,2064,2058,99.709302326,16464,0.000000000,0.000000000
kitti,000010,lateral,0.020000000,m,115875,16457,14.202373247,9,2064,2061,99.854651163,16451,1.213220672,2.280090594
kitti,000010,lateral,0.050000000,m,115875,16454,14.199784250,9,2064,2061,99.854651163,16431,3.031859912,5.700145348
kitti,000010,lateral,0.100000000,m,115875,16436,14.184250270,9,2064,2060,99.806201550,16395,6.058119499,11.397262446
kitti,000011,yaw,-3.000000000,deg,108004,19832,18.362282878,6,725,136,18.758620690,19169,45.832226268,60.515549909
kitti,000011,yaw,-2.000000000,deg,108004,19876,18.403022110,6,725,331,45.655172414,19432,30.700187520,40.877637592
kitti,000011,yaw,-1.000000000,deg,108004,19933,18.455797933,6,725,565,77.931034483,19709,15.429531002,20.693203981
kitti,000011,yaw,-0.500000000,deg,108004,19955,18.476167549,6,725,672,92.689655172,19846,7.734910182,10.411460947
kitti,000011,yaw,0.000000000,deg,108004,19946,18.467834525,6,725,721,99.448275862,19946,0.000000000,0.000000000
kitti,000011,yaw,0.500000000,deg,108004,19946,18.467834525,6,725,634,87.448275862,19823,7.730612788,10.394514118
kitti,000011,yaw,1.000000000,deg,108004,19952,18.473389874,6,725,508,70.068965517,19700,15.424019031,20.658639301
kitti,000011,yaw,2.000000000,deg,108004,19963,18.483574682,6,725,269,37.103448276,19447,30.700584444,40.731197848
kitti,000011,yaw,3.000000000,deg,108004,19948,18.469686308,6,725,114,15.724137931,19180,45.828152698,60.387109195
kitti,000011,lateral,-0.100000000,m,108004,19979,18.498388949,6,725,705,97.241379310,19894,5.918864751,11.821941281
kitti,000011,lateral,-0.050000000,m,108004,19957,18.478019333,6,725,718,99.034482759,19916,2.962059594,5.923544775
kitti,000011,lateral,-0.020000000,m,108004,19949,18.470612200,6,725,720,99.310344828,19934,1.185472799,2.370772198
kitti,000011,lateral,0.000000000,m,108004,19946,18.467834525,6,725,721,99.448275862,19946,0.000000000,0.000000000
kitti,000011,lateral,0.020000000,m,108004,19950,18.471538091,6,725,714,98.482758621,19929,1.185080037,2.369846797
kitti,000011,lateral,0.050000000,m,108004,19939,18.461353283,6,725,699,96.413793103,19898,2.958898030,5.905681769
kitti,000011,lateral,0.100000000,m,108004,19926,18.449316692,6,725,669,92.275862069,19853,5.907514843,11.761620098
kitti,000012,yaw,-3.000000000,deg,120007,18664,15.552426108,2,52,0,0.000000000,17874,45.990002502,60.503166618
kitti,000012,yaw,-2.000000000,deg,120007,18666,15.554092678,2,52,5,9.615384615,18150,30.808919538,40.839576304
kitti,000012,yaw,-1.000000000,deg,120007,18666,15.554092678,2,52,28,53.846153846,18425,15.481688776,20.690817736
kitti,000012,yaw,-0.500000000,deg,120007,18677,15.563258810,2,52,46,88.461538462,18568,7.761299313,10.418157399
kitti,000012,yaw,0.000000000,deg,120007,18705,15.586590782,2,52,52,100.000000000,18705,0.000000000,0.000000000
kitti,000012,yaw,0.500000000,deg,120007,18688,15.572424942,2,52,48,92.307692308,18579,7.759646218,10.420758991
kitti,000012,yaw,1.000000000,deg,120007,18698,15.580757789,2,52,34,65.384615385,18440,15.472855563,20.719894097
kitti,000012,yaw,2.000000000,deg,120007,18699,15.581591074,2,52,5,9.615384615,18164,30.766794089,40.855195330
kitti,000012,yaw,3.000000000,deg,120007,18713,15.593257060,2,52,0,0.000000000,17905,45.904069829,60.485177700
kitti,000012,lateral,-0.100000000,m,120007,18708,15.589090636,2,52,52,100.000000000,18657,5.323331148,10.972149118
kitti,000012,lateral,-0.050000000,m,120007,18710,15.590757206,2,52,52,100.000000000,18682,2.662329942,5.486068446
kitti,000012,lateral,-0.020000000,m,120007,18711,15.591590491,2,52,52,100.000000000,18700,1.065306727,2.194426291
kitti,000012,lateral,0.000000000,m,120007,18705,15.586590782,2,52,52,100.000000000,18705,0.000000000,0.000000000
kitti,000012,lateral,0.020000000,m,120007,18700,15.582424359,2,52,52,100.000000000,18691,1.064958532,2.194100441
kitti,000012,lateral,0.050000000,m,120007,18701,15.583257643,2,52,52,100.000000000,18674,2.661782258,5.484542982
kitti,000012,lateral,0.100000000,m,120007,18703,15.584924213,2,52,52,100.000000000,18651,5.320952176,10.966969472
kitti,000015,yaw,-3.000000000,deg,122583,18302,14.930292129,5,2227,1673,75.123484508,17618,45.452958538,60.133801328
kitti,000015,yaw,-2.000000000,deg,122583,18327,14.950686474,5,2227,1923,86.349348900,17867,30.432698427,40.512553241
kitti,000015,yaw,-1.000000000,deg,122583,18347,14.967001950,5,2227,2117,95.060619668,18127,15.289039412,20.559884692
kitti,000015,yaw,-0.500000000,deg,122583,18347,14.967001950,5,2227,2195,98.563089358,18243,7.660961372,10.335998174
kitti,000015,yaw,0.000000000,deg,122583,18334,14.956396890,5,2227,2182,97.979344410,18334,0.000000000,0.000000000
kitti,000015,yaw,0.500000000,deg,122583,18379,14.993106711,5,2227,2042,91.692860350,18250,7.655110877,10.326814163
kitti,000015,yaw,1.000000000,deg,122583,18441,15.043684687,5,2227,1881,84.463403682,18165,15.276263363,20.548811984
kitti,000015,yaw,2.000000000,deg,122583,18470,15.067342127,5,2227,1673,75.123484508,17978,30.416333184,40.550465434
kitti,000015,yaw,3.000000000,deg,122583,18540,15.124446294,5,2227,1538,69.061517737,17797,45.431246002,60.180725882
kitti,000015,lateral,-0.100000000,m,122583,18358,14.975975462,5,2227,2195,98.563089358,18269,7.925583961,18.405627233
kitti,000015,lateral,-0.050000000,m,122583,18338,14.959659985,5,2227,2191,98.383475528,18296,3.964877655,9.200581994
kitti,000015,lateral,-0.020000000,m,122583,18338,14.959659985,5,2227,2188,98.248765155,18320,1.586682373,3.679606135
kitti,000015,lateral,0.000000000,m,122583,18334,14.956396890,5,2227,2182,97.979344410,18334,0.000000000,0.000000000
kitti,000015,lateral,0.020000000,m,122583,18335,14.957212664,5,2227,2171,97.485406376,18316,1.586189318,3.677265618
kitti,000015,lateral,0.050000000,m,122583,18345,14.965370402,5,2227,2145,96.317916480,18296,3.962748356,9.190548950
kitti,000015,lateral,0.100000000,m,122583,18366,14.982501652,5,2227,2089,93.803322856,18261,7.913788096,18.349916003
kitti,000016,yaw,-3.000000000,deg,113070,17840,15.777836738,5,3824,3484,91.108786611,17151,45.774329328,60.746770344
kitti,000016,yaw,-2.000000000,deg,113070,17869,15.803484567,5,3824,3651,95.475941423,17394,30.653695501,40.995474855
kitti,000016,yaw,-1.000000000,deg,113070,17879,15.812328646,5,3824,3789,99.084728033,17628,15.397253019,20.766432215
kitti,000016,yaw,-0.500000000,deg,113070,17881,15.814097462,5,3824,3822,99.947698745,17750,7.717299611,10.449096403
kitti,000016,yaw,0.000000000,deg,113070,17868,15.802600159,5,3824,3819,99.869246862,17868,0.000000000,0.000000000
kitti,000016,yaw,0.500000000,deg,113070,17872,15.806137791,5,3824,3742,97.855648536,17752,7.714340508,10.444443753
kitti,000016,yaw,1.000000000,deg,113070,17871,15.805253383,5,3824,3630,94.926778243,17625,15.382106618,20.709486711
kitti,000016,yaw,2.000000000,deg,113070,17883,15.815866278,5,3824,3411,89.199790795,17388,30.593872921,40.772544614
kitti,000016,yaw,3.000000000,deg,113070,17899,15.830016804,5,3824,3200,83.682008368,17169,45.662529164,60.361675283
kitti,000016,lateral,-0.100000000,m,113070,17893,15.824710356,5,3824,3819,99.869246862,17796,6.621516224,13.863047287
kitti,000016,lateral,-0.050000000,m,113070,17886,15.818519501,5,3824,3819,99.869246862,17834,3.314469265,6.935577566
kitti,000016,lateral,-0.020000000,m,113070,17875,15.808791014,5,3824,3819,99.869246862,17853,1.326480506,2.776084391
kitti,000016,lateral,0.000000000,m,113070,17868,15.802600159,5,3824,3819,99.869246862,17868,0.000000000,0.000000000
kitti,000016,lateral,0.020000000,m,113070,17869,15.803484567,5,3824,3808,99.581589958,17850,1.325133833,2.766529292
kitti,000016,lateral,0.050000000,m,113070,17855,15.791102857,5,3824,3784,98.953974895,17821,3.305253093,6.887728452
kitti,000016,lateral,0.100000000,m,113070,17841,15.778721146,5,3824,3743,97.881799163,17770,6.587481692,13.699272470
kitti,000019,yaw,-3.000000000,deg,115697,18613,16.087711868,4,6228,5490,88.150289017,17988,46.210119021,61.492918531
kitti,000019,yaw,-2.000000000,deg,115697,18699,16.162043960,4,6228,5855,94.010918433,18258,30.956887595,41.511500525
kitti,000019,yaw,-1.000000000,deg,115697,18740,16.197481352,4,6228,6159,98.892100193,18523,15.554119307,21.019229162
kitti,000019,yaw,-0.500000000,deg,115697,18765,16.219089518,4,6228,6213,99.759152216,18659,7.797344666,10.575197531
kitti,000019,yaw,0.000000000,deg,115697,18792,16.242426338,4,6228,6223,99.919717405,18792,0.000000000,0.000000000
kitti,000019,yaw,0.500000000,deg,115697,18828,16.273542097,4,6228,6113,98.153500321,18688,7.798597410,10.585993713
kitti,000019,yaw,1.000000000,deg,115697,18859,16.300336223,4,6228,5993,96.226718048,18589,15.562287889,21.058752306
kitti,000019,yaw,2.000000000,deg,115697,18912,16.346145535,4,6228,5691,91.377649326,18369,30.966771984,41.572044726
kitti,000019,yaw,3.000000000,deg,115697,18936,16.366889375,4,6228,5394,86.608863198,18139,46.215953287,61.615990262
kitti,000019,lateral,-0.100000000,m,115697,18837,16.281321037,4,6228,6220,99.871547848,18678,9.217382870,20.570163336
kitti,000019,lateral,-0.050000000,m,115697,18823,16.269220464,4,6228,6224,99.935773924,18740,4.611275619,10.277459218
kitti,000019,lateral,-0.020000000,m,115697,18809,16.257119891,4,6228,6223,99.919717405,18777,1.845108219,4.109466880
kitti,000019,lateral,0.000000000,m,115697,18792,16.242426338,4,6228,6223,99.919717405,18792,0.000000000,0.000000000
kitti,000019,lateral,0.020000000,m,115697,18785,16.236376051,4,6228,6193,99.438021837,18760,1.841493778,4.092526486
kitti,000019,lateral,0.050000000,m,115697,18766,16.219953845,4,6228,6145,98.667308927,18710,4.587191221,10.181087605
kitti,000019,lateral,0.100000000,m,115697,18747,16.203531639,4,6228,6069,97.447013487,18633,9.124424745,20.220309847
kitti,000021,yaw,-3.000000000,deg,125260,19920,15.902921922,8,2605,1720,66.026871401,19110,46.001573898,60.450284251
kitti,000021,yaw,-2.000000000,deg,125260,19860,15.855021555,8,2605,2045,78.502879079,19322,30.784369045,40.677518988
kitti,000021,yaw,-1.000000000,deg,125260,19815,15.819096280,8,2605,2353,90.326295585,19548,15.459962598,20.601050321
kitti,000021,yaw,-0.500000000,deg,125260,19814,15.818297940,8,2605,2514,96.506717850,19676,7.750238455,10.378655987
kitti,000021,yaw,0.000000000,deg,125260,19824,15.826281335,8,2605,2595,99.616122841,19824,0.000000000,0.000000000
kitti,000021,yaw,0.500000000,deg,125260,19818,15.821491298,8,2605,2600,99.808061420,19684,7.754059148,10.401660588
kitti,000021,yaw,1.000000000,deg,125260,19827,15.828676353,8,2605,2534,97.274472169,19544,15.466814918,20.667307071
kitti,000021,yaw,2.000000000,deg,125260,19841,15.839853106,8,2605,2367,90.863723608,19273,30.780948390,40.833800610
kitti,000021,yaw,3.000000000,deg,125260,19863,15.857416574,8,2605,2097,80.499040307,18996,45.945299922,60.504427152
kitti,000021,lateral,-0.100000000,m,125260,19779,15.790356059,8,2605,2511,96.391554702,19688,6.523114571,11.586229630
kitti,000021,lateral,-0.050000000,m,125260,19789,15.798339454,8,2605,2550,97.888675624,19749,3.276901868,5.814173438
kitti,000021,lateral,-0.020000000,m,125260,19809,15.814306243,8,2605,2577,98.925143954,19792,1.315241773,2.332622005
kitti,000021,lateral,0.000000000,m,125260,19824,15.826281335,8,2605,2595,99.616122841,19824,0.000000000,0.000000000
kitti,000021,lateral,0.020000000,m,125260,19838,15.837458087,8,2605,2603,99.923224568,19809,1.318271720,2.337336198
kitti,000021,lateral,0.050000000,m,125260,19845,15.843046463,8,2605,2603,99.923224568,19780,3.294575124,5.842718980
kitti,000021,lateral,0.100000000,m,125260,19874,15.866198308,8,2605,2602,99.884836852,19733,6.583059345,11.669609960
kitti,000023,yaw,-3.000000000,deg,120412,18578,15.428694814,3,107,0,0.000000000,17762,46.293307299,60.751323585
kitti,000023,yaw,-2.000000000,deg,120412,18581,15.431186261,3,107,17,15.887850467,18042,31.022010570,41.047169049
kitti,000023,yaw,-1.000000000,deg,120412,18584,15.433677707,3,107,56,52.336448598,18315,15.591074316,20.787796961
kitti,000023,yaw,-0.500000000,deg,120412,18595,15.442813009,3,107,82,76.635514019,18456,7.817555824,10.468001651
kitti,000023,yaw,0.000000000,deg,120412,18587,15.436169153,3,107,107,100.000000000,18587,0.000000000,0.000000000
kitti,000023,yaw,0.500000000,deg,120412,18585,15.434508189,3,107,84,78.504672897,18453,7.815358046,10.461004399
kitti,000023,yaw,1.000000000,deg,120412,18583,15.432847225,3,107,50,46.728971963,18314,15.586161634,20.781211037
kitti,000023,yaw,2.000000000,deg,120412,18592,15.440321563,3,107,10,9.345794393,18048,31.005088867,41.047414959
kitti,000023,yaw,3.000000000,deg,120412,18594,15.441982527,3,107,0,0.000000000,17777,46.260943003,60.818414172
kitti,000023,lateral,-0.100000000,m,120412,18552,15.407102282,3,107,106,99.065420561,18494,6.177116280,11.748950412
kitti,000023,lateral,-0.050000000,m,120412,18568,15.420389994,3,107,107,100.000000000,18543,3.093588320,5.882074032
kitti,000023,lateral,-0.020000000,m,120412,18580,15.430355778,3,107,107,100.000000000,18571,1.238549274,2.354266735
kitti,000023,lateral,0.000000000,m,120412,18587,15.436169153,3,107,107,100.000000000,18587,0.000000000,0.000000000
kitti,000023,lateral,0.020000000,m,120412,18592,15.440321563,3,107,107,100.000000000,18575,1.239224000,2.355630076
kitti,000023,lateral,0.050000000,m,120412,18606,15.451948311,3,107,107,100.000000000,18560,3.097295203,5.887962269
kitti,000023,lateral,0.100000000,m,120412,18616,15.460253131,3,107,105,98.130841121,18524,6.191674244,11.768420549
kitti,000025,yaw,-3.000000000,deg,115780,17549,15.157194680,6,1686,1277,75.741399763,17001,45.189213877,60.252212648
kitti,000025,yaw,-2.000000000,deg,115780,17528,15.139056832,6,1686,1441,85.468564650,17166,30.229920607,40.609625709
kitti,000025,yaw,-1.000000000,deg,115780,17543,15.152012437,6,1686,1598,94.780545670,17358,15.182975278,20.554663208
kitti,000025,yaw,-0.500000000,deg,115780,17538,15.147693902,6,1686,1654,98.102016607,17441,7.606969522,10.340866854
kitti,000025,yaw,0.000000000,deg,115780,17529,15.139920539,6,1686,1684,99.881376038,17529,0.000000000,0.000000000
kitti,000025,yaw,0.500000000,deg,115780,17534,15.144239074,6,1686,1645,97.568208778,17439,7.607029291,10.349188405
kitti,000025,yaw,1.000000000,deg,115780,17540,15.149421316,6,1686,1578,93.594306050,17346,15.181958923,20.591294629
kitti,000025,yaw,2.000000000,deg,115780,17541,15.150285023,6,1686,1405,83.333333333,17162,30.241321633,40.769637149
kitti,000025,yaw,3.000000000,deg,115780,17514,15.126964933,6,1686,1234,73.190984579,16956,45.170836791,60.491850815
kitti,000025,lateral,-0.100000000,m,115780,17532,15.142511660,6,1686,1671,99.110320285,17447,7.429466230,18.412133853
kitti,000025,lateral,-0.050000000,m,115780,17528,15.139056832,6,1686,1676,99.406880190,17484,3.720560771,9.209624534
kitti,000025,lateral,-0.020000000,m,115780,17527,15.138193125,6,1686,1681,99.703440095,17511,1.490383725,3.689023119
kitti,000025,lateral,0.000000000,m,115780,17529,15.139920539,6,1686,1684,99.881376038,17529,0.000000000,0.000000000
kitti,000025,lateral,0.020000000,m,115780,17528,15.139056832,6,1686,1684,99.881376038,17511,1.489783502,3.682875084
kitti,000025,lateral,0.050000000,m,115780,17539,15.148557609,6,1686,1682,99.762752076,17490,3.718956585,9.185984945
kitti,000025,lateral,0.100000000,m,115780,17545,15.153739851,6,1686,1677,99.466192171,17447,7.417895121,18.293276980
kitti,000031,yaw,-3.000000000,deg,121291,18968,15.638423296,6,3074,2332,75.862068966,18148,45.961636033,60.623470035
kitti,000031,yaw,-2.000000000,deg,121291,18931,15.607918147,6,3074,2648,86.141834743,18389,30.795916719,40.990129775
kitti,000031,yaw,-1.000000000,deg,121291,18905,15.586482097,6,3074,2948,95.901106051,18634,15.478692799,20.749849239
kitti,000031,yaw,-0.500000000,deg,121291,18907,15.588131024,6,3074,3039,98.861418347,18768,7.762335410,10.455970822
kitti,000031,yaw,0.000000000,deg,121291,18896,15.579061925,6,3074,3074,100.000000000,18896,0.000000000,0.000000000
kitti,000031,yaw,0.500000000,deg,121291,18877,15.563397119,6,3074,3040,98.893949252,18757,7.763047890,10.454271951
kitti,000031,yaw,1.000000000,deg,121291,18837,15.530418580,6,3074,2941,95.673389720,18626,15.487843310,20.772695831
kitti,000031,yaw,2.000000000,deg,121291,18783,15.485897552,6,3074,2638,85.816525699,18351,30.821594317,40.956948582
kitti,000031,yaw,3.000000000,deg,121291,18731,15.443025451,6,3074,2343,76.219908913,18088,46.019389279,60.642907108
kitti,000031,lateral,-0.100000000,m,121291,18870,15.557625875,6,3074,3069,99.837345478,18793,6.301218365,11.057122376
kitti,000031,lateral,-0.050000000,m,121291,18878,15.564221583,6,3074,3073,99.967469096,18843,3.160102975,5.532459866
kitti,000031,lateral,-0.020000000,m,121291,18891,15.574939608,6,3074,3074,100.000000000,18878,1.266780380,2.213905164
kitti,000031,lateral,0.000000000,m,121291,18896,15.579061925,6,3074,3074,100.000000000,18896,0.000000000,0.000000000
kitti,000031,lateral,0.020000000,m,121291,18897,15.579886389,6,3074,3074,100.000000000,18874,1.267944495,2.213988025
kitti,000031,lateral,0.050000000,m,121291,18893,15.576588535,6,3074,3073,99.967469096,18851,3.168870871,5.534840175
kitti,000031,lateral,0.100000000,m,121291,18894,15.577412998,6,3074,3063,99.642160052,18811,6.334858078,11.068746403
kitti,000032,yaw,-3.000000000,deg,118661,19537,16.464550273,10,4987,4036,80.930419090,18729,45.862896224,60.604855623
kitti,000032,yaw,-2.000000000,deg,118661,19540,16.467078484,10,4987,4484,89.913775817,19005,30.734227729,40.937938024
kitti,000032,yaw,-1.000000000,deg,118661,19539,16.466235747,10,4987,4842,97.092440345,19272,15.446783108,20.727351394
kitti,000032,yaw,-0.500000000,deg,118661,19536,16.463707537,10,4987,4946,99.177862442,19399,7.743204141,10.428824563
kitti,000032,yaw,0.000000000,deg,118661,19535,16.462864800,10,4987,4985,99.959895729,19535,0.000000000,0.000000000
kitti,000032,yaw,0.500000000,deg,118661,19547,16.472977642,10,4987,4963,99.518748747,19410,7.745393539,10.428906784
kitti,000032,yaw,1.000000000,deg,118661,19546,16.472134905,10,4987,4873,97.714056547,19276,15.449776371,20.731242388
kitti,000032,yaw,2.000000000,deg,118661,19548,16.473820379,10,4987,4625,92.741126930,19005,30.740444237,40.883155509
kitti,000032,yaw,3.000000000,deg,118661,19552,16.477191327,10,4987,4343,87.086424704,18737,45.885258703,60.583921414
kitti,000032,lateral,-0.100000000,m,118661,19550,16.475505853,10,4987,4975,99.759374373,19458,6.503858669,11.199465036
kitti,000032,lateral,-0.050000000,m,118661,19550,16.475505853,10,4987,4986,99.979947864,19500,3.253808414,5.603388909
kitti,000032,lateral,-0.020000000,m,118661,19538,16.465393010,10,4987,4986,99.979947864,19522,1.301982945,2.242022736
kitti,000032,lateral,0.000000000,m,118661,19535,16.462864800,10,4987,4985,99.959895729,19535,0.000000000,0.000000000
kitti,000032,lateral,0.020000000,m,118661,19534,16.462022063,10,4987,4985,99.959895729,19516,1.301658097,2.242056610
kitti,000032,lateral,0.050000000,m,118661,19529,16.457808378,10,4987,4985,99.959895729,19491,3.252899925,5.604152366
kitti,000032,lateral,0.100000000,m,118661,19531,16.459493852,10,4987,4982,99.899739322,19453,6.501738154,11.204537147
kitti,000043,yaw,-3.000000000,deg,122591,19565,15.959572889,4,514,0,0.000000000,18917,45.808515019,60.597537292
kitti,000043,yaw,-2.000000000,deg,122591,19572,15.965282933,4,514,36,7.003891051,19174,30.681122647,40.825474650
kitti,000043,yaw,-1.000000000,deg,122591,19623,16.006884682,4,514,337,65.564202335,19401,15.405330139,20.638347706
kitti,000043,yaw,-0.500000000,deg,122591,19619,16.003621799,4,514,473,92.023346304,19516,7.719690949,10.367621085
kitti,000043,yaw,0.000000000,deg,122591,19655,16.032987740,4,514,503,97.859922179,19655,0.000000000,0.000000000
kitti,000043,yaw,0.500000000,deg,122591,19689,16.060722239,4,514,419,81.517509728,19557,7.725815281,10.383269138
kitti,000043,yaw,1.000000000,deg,122591,19713,16.080299533,4,514,252,49.027237354,19445,15.418086571,20.634500502
kitti,000043,yaw,2.000000000,deg,122591,19769,16.125979884,4,514,17,3.307392996,19227,30.707355022,40.808870639
kitti,000043,yaw,3.000000000,deg,122591,19811,16.160240148,4,514,0,0.000000000,19001,45.867332048,60.520841061
kitti,000043,lateral,-0.100000000,m,122591,19647,16.026461975,4,514,488,94.941634241,19558,6.911858088,11.999061214
kitti,000043,lateral,-0.050000000,m,122591,19648,16.027277696,4,514,505,98.249027237,19605,3.459305987,6.001029154
kitti,000043,lateral,-0.020000000,m,122591,19650,16.028909137,4,514,505,98.249027237,19634,1.384608649,2.401134163
kitti,000043,lateral,0.000000000,m,122591,19655,16.032987740,4,514,503,97.859922179,19655,0.000000000,0.000000000
kitti,000043,lateral,0.020000000,m,122591,19653,16.031356299,4,514,502,97.665369650,19634,1.384194081,2.399049494
kitti,000043,lateral,0.050000000,m,122591,19659,16.036250622,4,514,490,95.330739300,19613,3.458226798,5.992051028
kitti,000043,lateral,0.100000000,m,122591,19671,16.046039269,4,514,460,89.494163424,19575,6.906680601,11.953827779
kitti,000048,yaw,-3.000000000,deg,122675,19795,16.136132056,4,402,0,0.000000000,19069,45.823211027,60.833826941
kitti,000048,yaw,-2.000000000,deg,122675,19848,16.179335643,4,402,61,15.174129353,19364,30.721923000,41.118653936
kitti,000048,yaw,-1.000000000,deg,122675,19870,16.197269207,4,402,310,77.114427861,19614,15.434567930,20.817144785
kitti,000048,yaw,-0.500000000,deg,122675,19824,16.159771755,4,402,380,94.527363184,19690,7.727808569,10.442618487
kitti,000048,yaw,0.000000000,deg,122675,19820,16.156511107,4,402,370,92.039800995,19820,0.000000000,0.000000000
kitti,000048,yaw,0.500000000,deg,122675,19841,16.173629509,4,402,286,71.144278607,19685,7.728121733,10.446169327
kitti,000048,yaw,1.000000000,deg,122675,19852,16.182596291,4,402,142,35.323383085,19547,15.414017104,20.752237343
kitti,000048,yaw,2.000000000,deg,122675,19883,16.207866313,4,402,2,0.497512438,19270,30.666303118,40.964320720
kitti,000048,yaw,3.000000000,deg,122675,19897,16.219278582,4,402,0,0.000000000,19008,45.777778595,60.693722269
kitti,000048,lateral,-0.100000000,m,122675,19788,16.130425922,4,402,385,95.771144279,19665,7.932913924,15.922944765
kitti,000048,lateral,-0.050000000,m,122675,19803,16.142653352,4,402,381,94.776119403,19738,3.987123488,8.009808110
kitti,000048,lateral,-0.020000000,m,122675,19809,16.147544324,4,402,378,94.029850746,19786,1.599486805,3.217329114
kitti,000048,lateral,0.000000000,m,122675,19820,16.156511107,4,402,370,92.039800995,19820,0.000000000,0.000000000
kitti,000048,lateral,0.020000000,m,122675,19827,16.162217241,4,402,363,90.298507463,19800,1.601945170,3.223864277
kitti,000048,lateral,0.050000000,m,122675,19858,16.187487263,4,402,353,87.810945274,19771,4.002979463,8.060979897
kitti,000048,lateral,0.100000000,m,122675,19898,16.220093744,4,402,326,81.094527363,19722,8.000052409,16.130643046
kitti,000049,yaw,-3.000000000,deg,113691,17790,15.647676597,16,4547,3499,76.951836376,17343,45.769948596,60.195884612
kitti,000049,yaw,-2.000000000,deg,113691,17890,15.735634307,16,4547,3924,86.298658456,17592,30.665491594,40.582404379
kitti,000049,yaw,-1.000000000,deg,113691,17986,15.820073709,16,4547,4365,95.997360897,17847,15.412988788,20.509984390
kitti,000049,yaw,-0.500000000,deg,113691,18033,15.861413832,16,4547,4489,98.724433693,17971,7.726271579,10.311469710
kitti,000049,yaw,0.000000000,deg,113691,18093,15.914188458,16,4547,4513,99.252254234,18093,0.000000000,0.000000000
kitti,000049,yaw,0.500000000,deg,113691,18134,15.950251119,16,4547,4433,97.492852430,18023,7.734419993,10.307325616
kitti,000049,yaw,1.000000000,deg,113691,18174,15.985434203,16,4547,4245,93.358258192,17948,15.444633755,20.503008236
kitti,000049,yaw,2.000000000,deg,113691,18229,16.033810944,16,4547,3813,83.857488454,17790,30.798702266,40.707877548
kitti,000049,yaw,3.000000000,deg,113691,18231,16.035570098,16,4547,3311,72.817242138,17594,46.033042667,60.479294518
kitti,000049,lateral,-0.100000000,m,113691,18071,15.894837762,16,4547,4533,99.692104684,18017,6.898185853,15.388383541
kitti,000049,lateral,-0.050000000,m,113691,18077,15.900115225,16,4547,4531,99.648119639,18050,3.455675575,7.713684396
kitti,000049,lateral,-0.020000000,m,113691,18086,15.908031418,16,4547,4524,99.494171982,18074,1.384308681,3.090061784
kitti,000049,lateral,0.000000000,m,113691,18093,15.914188458,16,4547,4513,99.252254234,18093,0.000000000,0.000000000
kitti,000049,lateral,0.020000000,m,113691,18094,15.915068035,16,4547,4502,99.010336486,18080,1.384473079,3.090781585
kitti,000049,lateral,0.050000000,m,113691,18103,15.922984229,16,4547,4493,98.812403783,18062,3.456549475,7.719612911
kitti,000049,lateral,0.100000000,m,113691,18114,15.932659577,16,4547,4459,98.064658016,18037,6.900460724,15.417897320
kitti,000061,yaw,-3.000000000,deg,125247,19657,15.694587495,5,1342,669,49.850968703,18963,45.125922186,60.192431090
kitti,000061,yaw,-2.000000000,deg,125247,19690,15.720935432,5,1342,855,63.710879285,19234,30.224054617,40.601806217
kitti,000061,yaw,-1.000000000,deg,125247,19733,15.755267591,5,1342,1142,85.096870343,19507,15.185266183,20.564570972
kitti,000061,yaw,-0.500000000,deg,125247,19765,15.780817105,5,1342,1281,95.454545455,19649,7.612399455,10.353945345
kitti,000061,yaw,0.000000000,deg,125247,19791,15.801576086,5,1342,1342,100.000000000,19791,0.000000000,0.000000000
kitti,000061,yaw,0.500000000,deg,125247,19813,15.819141377,5,1342,1293,96.348733234,19677,7.611996499,10.369708996
kitti,000061,yaw,1.000000000,deg,125247,19825,15.828722444,5,1342,1209,90.089418778,19559,15.183102122,20.616075517
kitti,000061,yaw,2.000000000,deg,125247,19866,15.861457759,5,1342,1022,76.154992548,19326,30.208585635,40.715963004
kitti,000061,yaw,3.000000000,deg,125247,19899,15.887805696,5,1342,818,60.953800298,19088,45.081706809,60.121879678
kitti,000061,lateral,-0.100000000,m,125247,19769,15.784010795,5,1342,1321,98.435171386,19715,5.606555951,10.775245973
kitti,000061,lateral,-0.050000000,m,125247,19783,15.795188707,5,1342,1332,99.254843517,19759,2.804860530,5.388569253
kitti,000061,lateral,-0.020000000,m,125247,19788,15.799180819,5,1342,1340,99.850968703,19779,1.122358617,2.156437982
kitti,000061,lateral,0.000000000,m,125247,19791,15.801576086,5,1342,1342,100.000000000,19791,0.000000000,0.000000000
kitti,000061,lateral,0.020000000,m,125247,19792,15.802374508,5,1342,1337,99.627421759,19780,1.122273962,2.156110625
kitti,000061,lateral,0.050000000,m,125247,19797,15.806366620,5,1342,1329,99.031296572,19762,2.805018708,5.389931391
kitti,000061,lateral,0.100000000,m,125247,19803,15.811157153,5,1342,1318,98.211624441,19739,5.607699071,10.777108478
nuscenes,scene-0103_000,yaw,-3.000000000,deg,34752,3054,8.787983425,0,0,0,,2872,76.216677394,90.183860133
nuscenes,scene-0103_000,yaw,-2.000000000,deg,34752,3035,8.733310313,0,0,0,,2913,51.003307640,60.642400997
nuscenes,scene-0103_000,yaw,-1.000000000,deg,34752,3009,8.658494475,0,0,0,,2951,25.596389799,30.601961992
nuscenes,scene-0103_000,yaw,-0.500000000,deg,34752,3000,8.632596685,0,0,0,,2972,12.825281241,15.390715949
nuscenes,scene-0103_000,yaw,0.000000000,deg,34752,2984,8.586556169,0,0,0,,2984,0.000000000,0.000000000
nuscenes,scene-0103_000,yaw,0.500000000,deg,34752,2972,8.552025783,0,0,0,,2951,12.817312798,15.373894197
nuscenes,scene-0103_000,yaw,1.000000000,deg,34752,2959,8.514617864,0,0,0,,2922,25.590304340,30.596036482
nuscenes,scene-0103_000,yaw,2.000000000,deg,34752,2934,8.442679558,0,0,0,,2863,51.003874907,60.508645445
nuscenes,scene-0103_000,yaw,3.000000000,deg,34752,2914,8.385128913,0,0,0,,2805,76.260014814,89.824787645
nuscenes,scene-0103_000,lateral,-0.100000000,m,34752,2989,8.600943831,0,0,0,,2968,11.311950085,25.776361529
nuscenes,scene-0103_000,lateral,-0.050000000,m,34752,2988,8.598066298,0,0,0,,2975,5.661325098,12.889497447
nuscenes,scene-0103_000,lateral,-0.020000000,m,34752,2986,8.592311234,0,0,0,,2979,2.264649138,5.156117752
nuscenes,scene-0103_000,lateral,0.000000000,m,34752,2984,8.586556169,0,0,0,,2984,0.000000000,0.000000000
nuscenes,scene-0103_000,lateral,0.020000000,m,34752,2986,8.592311234,0,0,0,,2983,2.265720998,5.156326428
nuscenes,scene-0103_000,lateral,0.050000000,m,34752,2986,8.592311234,0,0,0,,2977,5.654344125,12.887154948
nuscenes,scene-0103_000,lateral,0.100000000,m,34752,2990,8.603821363,0,0,0,,2970,11.290583170,25.770746402
nuscenes,scene-0103_001,yaw,-3.000000000,deg,34688,3102,8.942573801,1,20,0,0.000000000,2926,76.285726959,89.866300109
nuscenes,scene-0103_001,yaw,-2.000000000,deg,34688,3083,8.887799815,1,20,0,0.000000000,2965,51.027974703,60.509813468
nuscenes,scene-0103_001,yaw,-1.000000000,deg,34688,3057,8.812845941,1,20,7,35.000000000,3002,25.602661391,30.565369676
nuscenes,scene-0103_001,yaw,-0.500000000,deg,34688,3051,8.795548893,1,20,16,80.000000000,3027,12.829469720,15.351991322
nuscenes,scene-0103_001,yaw,0.000000000,deg,34688,3047,8.784017528,1,20,20,100.000000000,3047,0.000000000,0.000000000
nuscenes,scene-0103_001,yaw,0.500000000,deg,34688,3036,8.752306273,1,20,20,100.000000000,3020,12.832743108,15.349559214
nuscenes,scene-0103_001,yaw,1.000000000,deg,34688,3023,8.714829336,1,20,20,100.000000000,2991,25.620263978,30.545488676
nuscenes,scene-0103_001,yaw,2.000000000,deg,34688,3005,8.662938192,1,20,13,65.000000000,2938,51.083328922,60.528471451
nuscenes,scene-0103_001,yaw,3.000000000,deg,34688,2994,8.631226937,1,20,0,0.000000000,2882,76.387190376,90.090028619
nuscenes,scene-0103_001,lateral,-0.100000000,m,34688,3049,8.789783210,1,20,20,100.000000000,3033,11.013405785,25.872215774
nuscenes,scene-0103_001,lateral,-0.050000000,m,34688,3049,8.789783210,1,20,20,100.000000000,3040,5.511384100,12.937375278
nuscenes,scene-0103_001,lateral,-0.020000000,m,34688,3047,8.784017528,1,20,20,100.000000000,3043,2.206667506,5.175141525
nuscenes,scene-0103_001,lateral,0.000000000,m,34688,3047,8.784017528,1,20,20,100.000000000,3047,0.000000000,0.000000000
nuscenes,scene-0103_001,lateral,0.020000000,m,34688,3048,8.786900369,1,20,20,100.000000000,3043,2.203687394,5.172649935
nuscenes,scene-0103_001,lateral,0.050000000,m,34688,3048,8.786900369,1,20,19,95.000000000,3041,5.506904251,12.901268042
nuscenes,scene-0103_001,lateral,0.100000000,m,34688,3045,8.778251845,1,20,17,85.000000000,3029,10.992550333,25.796530334
nuscenes,scene-0103_002,yaw,-3.000000000,deg,34752,3093,8.900207182,1,11,0,0.000000000,2930,76.268754575,89.781422689
nuscenes,scene-0103_002,yaw,-2.000000000,deg,34752,3080,8.862799263,1,11,3,27.272727273,2965,51.000981402,60.407072409
nuscenes,scene-0103_002,yaw,-1.000000000,deg,34752,3088,8.885819521,1,11,9,81.818181818,3029,25.629824792,30.521609044
nuscenes,scene-0103_002,yaw,-0.500000000,deg,34752,3092,8.897329650,1,11,11,100.000000000,3062,12.848639790,15.318146794
nuscenes,scene-0103_002,yaw,0.000000000,deg,34752,3084,8.874309392,1,11,11,100.000000000,3084,0.000000000,0.000000000
nuscenes,scene-0103_002,yaw,0.500000000,deg,34752,3078,8.857044199,1,11,8,72.727272727,3056,12.850804764,15.341359259
nuscenes,scene-0103_002,yaw,1.000000000,deg,34752,3071,8.836901473,1,11,7,63.636363636,3027,25.654699637,30.566096430
nuscenes,scene-0103_002,yaw,2.000000000,deg,34752,3050,8.776473297,1,11,1,9.090909091,2963,51.107851176,60.527975911
nuscenes,scene-0103_002,yaw,3.000000000,deg,34752,3033,8.727555249,1,11,0,0.000000000,2906,76.410392300,89.954609501
nuscenes,scene-0103_002,lateral,-0.100000000,m,34752,3085,8.877186924,1,11,11,100.000000000,3068,10.335217560,24.422441862
nuscenes,scene-0103_002,lateral,-0.050000000,m,34752,3087,8.882941989,1,11,11,100.000000000,3078,5.169029552,12.204798949
nuscenes,scene-0103_002,lateral,-0.020000000,m,34752,3088,8.885819521,1,11,11,100.000000000,3083,2.069021567,4.880262866
nuscenes,scene-0103_002,lateral,0.000000000,m,34752,3084,8.874309392,1,11,11,100.000000000,3084,0.000000000,0.000000000
nuscenes,scene-0103_002,lateral,0.020000000,m,34752,3086,8.880064457,1,11,11,100.000000000,3083,2.070015509,4.880738588
nuscenes,scene-0103_002,lateral,0.050000000,m,34752,3082,8.868554328,1,11,11,100.000000000,3074,5.166541105,12.188116718
nuscenes,scene-0103_002,lateral,0.100000000,m,34752,3081,8.865676796,1,11,11,100.000000000,3065,10.318544435,24.359720436
nuscenes,scene-0103_003,yaw,-3.000000000,deg,34720,3097,8.919930876,2,27,10,37.037037037,2921,76.299449587,89.678819321
nuscenes,scene-0103_003,yaw,-2.000000000,deg,34720,3092,8.905529954,2,27,19,70.370370370,2975,51.069545549,60.350948462
nuscenes,scene-0103_003,yaw,-1.000000000,deg,34720,3097,8.919930876,2,27,27,100.000000000,3037,25.650368804,30.479766432
nuscenes,scene-0103_003,yaw,-0.500000000,deg,34720,3091,8.902649770,2,27,27,100.000000000,3063,12.850165909,15.285193609
nuscenes,scene-0103_003,yaw,0.000000000,deg,34720,3100,8.928571429,2,27,27,100.000000000,3100,0.000000000,0.000000000
nuscenes,scene-0103_003,yaw,0.500000000,deg,34720,3100,8.928571429,2,27,27,100.000000000,3074,12.862372356,15.316920856
nuscenes,scene-0103_003,yaw,1.000000000,deg,34720,3104,8.940092166,2,27,24,88.888888889,3047,25.679288170,30.492322251
nuscenes,scene-0103_003,yaw,2.000000000,deg,34720,3102,8.934331797,2,27,14,51.851851852,2992,51.181685396,60.440744159
nuscenes,scene-0103_003,yaw,3.000000000,deg,34720,3089,8.896889401,2,27,6,22.222222222,2933,76.496988413,89.895840166
nuscenes,scene-0103_003,lateral,-0.100000000,m,34720,3103,8.937211982,2,27,27,100.000000000,3085,10.478368718,24.420663480
nuscenes,scene-0103_003,lateral,-0.050000000,m,34720,3098,8.922811060,2,27,27,100.000000000,3090,5.244694795,12.206912822
nuscenes,scene-0103_003,lateral,-0.020000000,m,34720,3099,8.925691244,2,27,27,100.000000000,3097,2.098247586,4.880342211
nuscenes,scene-0103_003,lateral,0.000000000,m,34720,3100,8.928571429,2,27,27,100.000000000,3100,0.000000000,0.000000000
nuscenes,scene-0103_003,lateral,0.020000000,m,34720,3096,8.917050691,2,27,27,100.000000000,3094,2.096296976,4.878017919
nuscenes,scene-0103_003,lateral,0.050000000,m,34720,3094,8.911290323,2,27,27,100.000000000,3089,5.242443650,12.197171896
nuscenes,scene-0103_003,lateral,0.100000000,m,34720,3096,8.917050691,2,27,27,100.000000000,3080,10.466169129,24.364101503
nuscenes,scene-0103_004,yaw,-3.000000000,deg,34784,3062,8.802897884,3,79,46,58.227848101,2899,76.624209015,89.993143325
nuscenes,scene-0103_004,yaw,-2.000000000,deg,34784,3075,8.840271389,3,79,49,62.025316456,2954,51.280899356,60.532734932
nuscenes,scene-0103_004,yaw,-1.000000000,deg,34784,3063,8.805772769,3,79,70,88.607594937,3003,25.734851199,30.586105494
nuscenes,scene-0103_004,yaw,-0.500000000,deg,34784,3061,8.800022999,3,79,79,100.000000000,3032,12.895278602,15.387040012
nuscenes,scene-0103_004,yaw,0.000000000,deg,34784,3062,8.802897884,3,79,79,100.000000000,3062,0.000000000,0.000000000
nuscenes,scene-0103_004,yaw,0.500000000,deg,34784,3052,8.774149034,3,79,72,91.139240506,3025,12.890524687,15.349684763
nuscenes,scene-0103_004,yaw,1.000000000,deg,34784,3056,8.785648574,3,79,68,86.075949367,2999,25.737775756,30.552114129
nuscenes,scene-0103_004,yaw,2.000000000,deg,34784,3065,8.811522539,3,79,58,73.417721519,2945,51.295137054,60.525563044
nuscenes,scene-0103_004,yaw,3.000000000,deg,34784,3073,8.834521619,3,79,47,59.493670886,2893,76.690111542,90.114111986
nuscenes,scene-0103_004,lateral,-0.100000000,m,34784,3062,8.802897884,3,79,76,96.202531646,3041,11.278209092,24.672578352
nuscenes,scene-0103_004,lateral,-0.050000000,m,34784,3058,8.791398344,3,79,77,97.468354430,3048,5.642173893,12.333479296
nuscenes,scene-0103_004,lateral,-0.020000000,m,34784,3058,8.791398344,3,79,79,100.000000000,3057,2.258022381,4.931510632
nuscenes,scene-0103_004,lateral,0.000000000,m,34784,3062,8.802897884,3,79,79,100.000000000,3062,0.000000000,0.000000000
nuscenes,scene-0103_004,lateral,0.020000000,m,34784,3059,8.794273229,3,79,79,100.000000000,3056,2.255245417,4.929945286
nuscenes,scene-0103_004,lateral,0.050000000,m,34784,3056,8.785648574,3,79,79,100.000000000,3051,5.635384729,12.321442581
nuscenes,scene-0103_004,lateral,0.100000000,m,34784,3055,8.782773689,3,79,79,100.000000000,3039,11.253339778,24.640462681
nuscenes,scene-0103_005,yaw,-3.000000000,deg,34720,3055,8.798963134,2,92,79,85.869565217,2917,76.180945806,89.605424343
nuscenes,scene-0103_005,yaw,-2.000000000,deg,34720,3064,8.824884793,2,92,79,85.869565217,2977,50.984429970,60.285171781
nuscenes,scene-0103_005,yaw,-1.000000000,deg,34720,3074,8.853686636,2,92,86,93.478260870,3033,25.588082763,30.415090591
nuscenes,scene-0103_005,yaw,-0.500000000,deg,34720,3077,8.862327189,2,92,90,97.826086957,3057,12.816105094,15.280933368
nuscenes,scene-0103_005,yaw,0.000000000,deg,34720,3083,8.879608295,2,92,92,100.000000000,3083,0.000000000,0.000000000
nuscenes,scene-0103_005,yaw,0.500000000,deg,34720,3089,8.896889401,2,92,89,96.739130435,3065,12.822440353,15.291078956
nuscenes,scene-0103_005,yaw,1.000000000,deg,34720,3087,8.891129032,2,92,83,90.217391304,3040,25.593369389,30.423421887
nuscenes,scene-0103_005,yaw,2.000000000,deg,34720,3109,8.954493088,2,92,65,70.652173913,2999,51.034622929,60.344340897
nuscenes,scene-0103_005,yaw,3.000000000,deg,34720,3122,8.991935484,2,92,54,58.695652174,2955,76.320784647,89.825981168
nuscenes,scene-0103_005,lateral,-0.100000000,m,34720,3088,8.894009217,2,92,86,93.478260870,3068,12.291641835,26.900112881
nuscenes,scene-0103_005,lateral,-0.050000000,m,34720,3087,8.891129032,2,92,89,96.739130435,3077,6.154712845,13.441959814
nuscenes,scene-0103_005,lateral,-0.020000000,m,34720,3086,8.888248848,2,92,92,100.000000000,3083,2.465614915,5.375228854
nuscenes,scene-0103_005,lateral,0.000000000,m,34720,3083,8.879608295,2,92,92,100.000000000,3083,0.000000000,0.000000000
nuscenes,scene-0103_005,lateral,0.020000000,m,34720,3083,8.879608295,2,92,92,100.000000000,3081,2.466411930,5.376067170
nuscenes,scene-0103_005,lateral,0.050000000,m,34720,3079,8.868087558,2,92,92,100.000000000,3072,6.158559675,13.438102160
nuscenes,scene-0103_005,lateral,0.100000000,m,34720,3081,8.873847926,2,92,92,100.000000000,3066,12.303325825,26.861849787
nuscenes,scene-0103_006,yaw,-3.000000000,deg,34688,3175,9.153021218,2,33,20,60.606060606,3003,76.636454497,89.906936811
nuscenes,scene-0103_006,yaw,-2.000000000,deg,34688,3175,9.153021218,2,33,28,84.848484848,3063,51.295052168,60.462810676
nuscenes,scene-0103_006,yaw,-1.000000000,deg,34688,3177,9.158786900,2,33,31,93.939393939,3124,25.755134773,30.530481597
nuscenes,scene-0103_006,yaw,-0.500000000,deg,34688,3176,9.155904059,2,33,33,100.000000000,3151,12.902129737,15.329835755
nuscenes,scene-0103_006,yaw,0.000000000,deg,34688,3180,9.167435424,2,33,33,100.000000000,3180,0.000000000,0.000000000
nuscenes,scene-0103_006,yaw,0.500000000,deg,34688,3183,9.176083948,2,33,32,96.969696970,3151,12.905140343,15.358941490
nuscenes,scene-0103_006,yaw,1.000000000,deg,34688,3183,9.176083948,2,33,31,93.939393939,3120,25.756823926,30.555598371
nuscenes,scene-0103_006,yaw,2.000000000,deg,34688,3183,9.176083948,2,33,25,75.757575758,3059,51.312497956,60.537369412
nuscenes,scene-0103_006,yaw,3.000000000,deg,34688,3183,9.176083948,2,33,19,57.575757576,2998,76.678626433,89.997075516
nuscenes,scene-0103_006,lateral,-0.100000000,m,34688,3188,9.190498155,2,33,33,100.000000000,3161,11.802672607,25.921523429
nuscenes,scene-0103_006,lateral,-0.050000000,m,34688,3185,9.181849631,2,33,33,100.000000000,3173,5.903265304,12.961015496
nuscenes,scene-0103_006,lateral,-0.020000000,m,34688,3183,9.176083948,2,33,33,100.000000000,3179,2.362817270,5.184527842
nuscenes,scene-0103_006,lateral,0.000000000,m,34688,3180,9.167435424,2,33,33,100.000000000,3180,0.000000000,0.000000000
nuscenes,scene-0103_006,lateral,0.020000000,m,34688,3179,9.164552583,2,33,33,100.000000000,3175,2.360801209,5.179541660
nuscenes,scene-0103_006,lateral,0.050000000,m,34688,3177,9.158786900,2,33,33,100.000000000,3168,5.893475611,12.939416205
nuscenes,scene-0103_006,lateral,0.100000000,m,34688,3170,9.138607011,2,33,33,100.000000000,3154,11.779914078,25.905074400
nuscenes,scene-0103_007,yaw,-3.000000000,deg,34688,3141,9.055004613,2,112,92,82.142857143,2958,76.712931138,90.004141011
nuscenes,scene-0103_007,yaw,-2.000000000,deg,34688,3139,9.049238930,2,112,100,89.285714286,3017,51.348000828,60.527233319
nuscenes,scene-0103_007,yaw,-1.000000000,deg,34688,3146,9.069418819,2,112,110,98.214285714,3084,25.792795187,30.536969305
nuscenes,scene-0103_007,yaw,-0.500000000,deg,34688,3141,9.055004613,2,112,112,100.000000000,3113,12.923326476,15.344497433
nuscenes,scene-0103_007,yaw,0.000000000,deg,34688,3143,9.060770295,2,112,112,100.000000000,3143,0.000000000,0.000000000
nuscenes,scene-0103_007,yaw,0.500000000,deg,34688,3141,9.055004613,2,112,112,100.000000000,3113,12.925326062,15.353181477
nuscenes,scene-0103_007,yaw,1.000000000,deg,34688,3140,9.052121771,2,112,110,98.214285714,3086,25.803821395,30.580852174
nuscenes,scene-0103_007,yaw,2.000000000,deg,34688,3139,9.049238930,2,112,104,92.857142857,3023,51.396984830,60.563560576
nuscenes,scene-0103_007,yaw,3.000000000,deg,34688,3139,9.049238930,2,112,99,88.392857143,2962,76.802097824,90.049513489
nuscenes,scene-0103_007,lateral,-0.100000000,m,34688,3147,9.072301661,2,112,112,100.000000000,3124,12.210367363,26.592919158
nuscenes,scene-0103_007,lateral,-0.050000000,m,34688,3145,9.066535978,2,112,112,100.000000000,3134,6.110676832,13.304970541
nuscenes,scene-0103_007,lateral,-0.020000000,m,34688,3148,9.075184502,2,112,112,100.000000000,3142,2.445356816,5.320493794
nuscenes,scene-0103_007,lateral,0.000000000,m,34688,3143,9.060770295,2,112,112,100.000000000,3143,0.000000000,0.000000000
nuscenes,scene-0103_007,lateral,0.020000000,m,34688,3144,9.063653137,2,112,112,100.000000000,3140,2.444687598,5.321665975
nuscenes,scene-0103_007,lateral,0.050000000,m,34688,3138,9.046356089,2,112,112,100.000000000,3129,6.107835279,13.296645891
nuscenes,scene-0103_007,lateral,0.100000000,m,34688,3134,9.034824723,2,112,112,100.000000000,3118,12.201608662,26.578678883
nuscenes,scene-0103_008,yaw,-3.000000000,deg,34720,2994,8.623271889,2,109,90,82.568807339,2831,76.599976060,89.856088043
nuscenes,scene-0103_008,yaw,-2.000000000,deg,34720,3004,8.652073733,2,109,100,91.743119266,2892,51.271849744,60.462087324
nuscenes,scene-0103_008,yaw,-1.000000000,deg,34720,2984,8.594470046,2,109,106,97.247706422,2931,25.707734091,30.512344918
nuscenes,scene-0103_008,yaw,-0.500000000,deg,34720,2972,8.559907834,2,109,109,100.000000000,2947,12.869848405,15.348509916
nuscenes,scene-0103_008,yaw,0.000000000,deg,34720,2968,8.548387097,2,109,109,100.000000000,2968,0.000000000,0.000000000
nuscenes,scene-0103_008,yaw,0.500000000,deg,34720,2970,8.554147465,2,109,100,91.743119266,2939,12.863782307,15.323105787
nuscenes,scene-0103_008,yaw,1.000000000,deg,34720,2972,8.559907834,2,109,90,82.568807339,2911,25.671114493,30.478218337
nuscenes,scene-0103_008,yaw,2.000000000,deg,34720,2978,8.577188940,2,109,69,63.302752294,2857,51.140426557,60.286691847
nuscenes,scene-0103_008,yaw,3.000000000,deg,34720,2981,8.585829493,2,109,47,43.119266055,2802,76.411242444,89.698031145
nuscenes,scene-0103_008,lateral,-0.100000000,m,34720,2975,8.568548387,2,109,95,87.155963303,2947,11.635871617,26.489990612
nuscenes,scene-0103_008,lateral,-0.050000000,m,34720,2974,8.565668203,2,109,102,93.577981651,2957,5.834209261,13.291996091
nuscenes,scene-0103_008,lateral,-0.020000000,m,34720,2970,8.554147465,2,109,106,97.247706422,2964,2.336963669,5.327334090
nuscenes,scene-0103_008,lateral,0.000000000,m,34720,2968,8.548387097,2,109,109,100.000000000,2968,0.000000000,0.000000000
nuscenes,scene-0103_008,lateral,0.020000000,m,34720,2965,8.539746544,2,109,109,100.000000000,2961,2.336822867,5.333407050
nuscenes,scene-0103_008,lateral,0.050000000,m,34720,2964,8.536866359,2,109,109,100.000000000,2955,5.838178717,13.331292398
nuscenes,scene-0103_008,lateral,0.100000000,m,34720,2967,8.545506912,2,109,108,99.082568807,2948,11.653928745,26.657857595
nuscenes,scene-0103_009,yaw,-3.000000000,deg,34720,3043,8.764400922,3,87,65,74.712643678,2869,76.564989008,89.855440908
nuscenes,scene-0103_009,yaw,-2.000000000,deg,34720,3046,8.773041475,3,87,76,87.356321839,2930,51.240321260,60.459456489
nuscenes,scene-0103_009,yaw,-1.000000000,deg,34720,3046,8.773041475,3,87,85,97.701149425,2989,25.720278063,30.501752350
nuscenes,scene-0103_009,yaw,-0.500000000,deg,34720,3046,8.773041475,3,87,87,100.000000000,3017,12.883842747,15.311394190
nuscenes,scene-0103_009,yaw,0.000000000,deg,34720,3044,8.767281106,3,87,87,100.000000000,3044,0.000000000,0.000000000
nuscenes,scene-0103_009,yaw,0.500000000,deg,34720,3040,8.755760369,3,87,82,94.252873563,3015,12.880082610,15.323454070
nuscenes,scene-0103_009,yaw,1.000000000,deg,34720,3045,8.770161290,3,87,77,88.505747126,2987,25.707496193,30.492891593
nuscenes,scene-0103_009,yaw,2.000000000,deg,34720,3033,8.735599078,3,87,65,74.712643678,2931,51.208660513,60.209806932
nuscenes,scene-0103_009,yaw,3.000000000,deg,34720,3034,8.738479263,3,87,50,57.471264368,2881,76.543424599,89.746784188
nuscenes,scene-0103_009,lateral,-0.100000000,m,34720,3044,8.767281106,3,87,83,95.402298851,3026,10.967699552,25.091988302
nuscenes,scene-0103_009,lateral,-0.050000000,m,34720,3045,8.770161290,3,87,86,98.850574713,3036,5.488363721,12.542673867
nuscenes,scene-0103_009,lateral,-0.020000000,m,34720,3041,8.758640553,3,87,87,100.000000000,3040,2.196444683,5.016651849
nuscenes,scene-0103_009,lateral,0.000000000,m,34720,3044,8.767281106,3,87,87,100.000000000,3044,0.000000000,0.000000000
nuscenes,scene-0103_009,lateral,0.020000000,m,34720,3046,8.773041475,3,87,87,100.000000000,3041,2.195043985,5.012253034
nuscenes,scene-0103_009,lateral,0.050000000,m,34720,3041,8.758640553,3,87,87,100.000000000,3032,5.490093252,12.536748739
nuscenes,scene-0103_009,lateral,0.100000000,m,34720,3041,8.758640553,3,87,87,100.000000000,3024,10.959266319,25.060531955
nuscenes,scene-0103_010,yaw,-3.000000000,deg,34720,3091,8.902649770,3,78,56,71.794871795,2934,76.678376580,89.803512394
nuscenes,scene-0103_010,yaw,-2.000000000,deg,34720,3108,8.951612903,3,78,68,87.179487179,2996,51.330368177,60.408857838
nuscenes,scene-0103_010,yaw,-1.000000000,deg,34720,3114,8.968894009,3,78,77,98.717948718,3059,25.774478212,30.482922211
nuscenes,scene-0103_010,yaw,-0.500000000,deg,34720,3120,8.986175115,3,78,78,100.000000000,3092,12.916834878,15.321812776
nuscenes,scene-0103_010,yaw,0.000000000,deg,34720,3120,8.986175115,3,78,78,100.000000000,3120,0.000000000,0.000000000
nuscenes,scene-0103_010,yaw,0.500000000,deg,34720,3126,9.003456221,3,78,77,98.717948718,3092,12.916680562,15.315719514
nuscenes,scene-0103_010,yaw,1.000000000,deg,34720,3125,9.000576037,3,78,74,94.871794872,3063,25.784621038,30.511449805
nuscenes,scene-0103_010,yaw,2.000000000,deg,34720,3126,9.003456221,3,78,66,84.615384615,3001,51.359701674,60.404972713
nuscenes,scene-0103_010,yaw,3.000000000,deg,34720,3133,9.023617512,3,78,57,73.076923077,2944,76.759284462,89.835657274
nuscenes,scene-0103_010,lateral,-0.100000000,m,34720,3129,9.012096774,3,78,78,100.000000000,3105,11.080596149,25.315763745
nuscenes,scene-0103_010,lateral,-0.050000000,m,34720,3125,9.000576037,3,78,78,100.000000000,3114,5.544147509,12.654407756
nuscenes,scene-0103_010,lateral,-0.020000000,m,34720,3123,8.994815668,3,78,78,100.000000000,3118,2.218545166,5.061226518
nuscenes,scene-0103_010,lateral,0.000000000,m,34720,3120,8.986175115,3,78,78,100.000000000,3120,0.000000000,0.000000000
nuscenes,scene-0103_010,lateral,0.020000000,m,34720,3120,8.986175115,3,78,78,100.000000000,3118,2.219828916,5.061638333
nuscenes,scene-0103_010,lateral,0.050000000,m,34720,3116,8.974654378,3,78,78,100.000000000,3110,5.541918115,12.646537630
nuscenes,scene-0103_010,lateral,0.100000000,m,34720,3113,8.966013825,3,78,78,100.000000000,3095,11.079219299,25.288136360
nuscenes,scene-0103_011,yaw,-3.000000000,deg,34688,3098,8.931042435,3,91,62,68.131868132,2920,77.106634023,90.320405959
nuscenes,scene-0103_011,yaw,-2.000000000,deg,34688,3099,8.933925277,3,91,72,79.120879121,2979,51.612618859,60.757314319
nuscenes,scene-0103_011,yaw,-1.000000000,deg,34688,3095,8.922393911,3,91,82,90.109890110,3035,25.910189540,30.666472868
nuscenes,scene-0103_011,yaw,-0.500000000,deg,34688,3099,8.933925277,3,91,87,95.604395604,3067,12.984842001,15.403888892
nuscenes,scene-0103_011,yaw,0.000000000,deg,34688,3097,8.928159594,3,91,91,100.000000000,3097,0.000000000,0.000000000
nuscenes,scene-0103_011,yaw,0.500000000,deg,34688,3098,8.931042435,3,91,91,100.000000000,3069,12.989010851,15.422442950
nuscenes,scene-0103_011,yaw,1.000000000,deg,34688,3099,8.933925277,3,91,87,95.604395604,3037,25.921592826,30.693926528
nuscenes,scene-0103_011,yaw,2.000000000,deg,34688,3103,8.945456642,3,91,76,83.516483516,2980,51.655947215,60.882462525
nuscenes,scene-0103_011,yaw,3.000000000,deg,34688,3103,8.945456642,3,91,66,72.527472527,2918,77.184148753,90.486517207
nuscenes,scene-0103_011,lateral,-0.100000000,m,34688,3105,8.951222325,3,91,91,100.000000000,3081,11.875448302,26.499746080
nuscenes,scene-0103_011,lateral,-0.050000000,m,34688,3100,8.936808118,3,91,91,100.000000000,3088,5.941141836,13.248154105
nuscenes,scene-0103_011,lateral,-0.020000000,m,34688,3096,8.925276753,3,91,91,100.000000000,3094,2.377000781,5.298524366
nuscenes,scene-0103_011,lateral,0.000000000,m,34688,3097,8.928159594,3,91,91,100.000000000,3097,0.000000000,0.000000000
nuscenes,scene-0103_011,lateral,0.020000000,m,34688,3095,8.922393911,3,91,90,98.901098901,3092,2.379099903,5.301749059
nuscenes,scene-0103_011,lateral,0.050000000,m,34688,3095,8.922393911,3,91,90,98.901098901,3085,5.941079656,13.252427146
nuscenes,scene-0103_011,lateral,0.100000000,m,34688,3090,8.907979705,3,91,89,97.802197802,3072,11.867820366,26.501443597
nuscenes,scene-0103_012,yaw,-3.000000000,deg,34688,3030,8.735009225,3,119,91,76.470588235,2846,77.351097741,90.836916484
nuscenes,scene-0103_012,yaw,-2.000000000,deg,34688,3028,8.729243542,3,119,105,88.235294118,2905,51.785655432,61.127164208
nuscenes,scene-0103_012,yaw,-1.000000000,deg,34688,3031,8.737892066,3,119,119,100.000000000,2968,26.010910497,30.841907657
nuscenes,scene-0103_012,yaw,-0.500000000,deg,34688,3023,8.714829336,3,119,119,100.000000000,2992,13.029003637,15.481180037
nuscenes,scene-0103_012,yaw,0.000000000,deg,34688,3023,8.714829336,3,119,119,100.000000000,3023,0.000000000,0.000000000
nuscenes,scene-0103_012,yaw,0.500000000,deg,34688,3016,8.694649446,3,119,119,100.000000000,2991,13.031863040,15.490794839
nuscenes,scene-0103_012,yaw,1.000000000,deg,34688,3020,8.706180812,3,119,116,97.478991597,2962,26.012550332,30.845747128
nuscenes,scene-0103_012,yaw,2.000000000,deg,34688,3017,8.697532288,3,119,109,91.596638655,2899,51.810361780,61.129964890
nuscenes,scene-0103_012,yaw,3.000000000,deg,34688,3013,8.686000923,3,119,98,82.352941176,2839,77.419845827,90.980581158
nuscenes,scene-0103_012,lateral,-0.100000000,m,34688,3028,8.729243542,3,119,119,100.000000000,3005,11.940795003,26.351086837
nuscenes,scene-0103_012,lateral,-0.050000000,m,34688,3023,8.714829336,3,119,119,100.000000000,3013,5.976885212,13.177588293
nuscenes,scene-0103_012,lateral,-0.020000000,m,34688,3022,8.711946494,3,119,119,100.000000000,3019,2.390747611,5.271313319
nuscenes,scene-0103_012,lateral,0.000000000,m,34688,3023,8.714829336,3,119,119,100.000000000,3023,0.000000000,0.000000000
nuscenes,scene-0103_012,lateral,0.020000000,m,34688,3021,8.709063653,3,119,119,100.000000000,3018,2.388009224,5.271228534
nuscenes,scene-0103_012,lateral,0.050000000,m,34688,3020,8.706180812,3,119,119,100.000000000,3012,5.969617407,13.166092194
nuscenes,scene-0103_012,lateral,0.100000000,m,34688,3019,8.703297970,3,119,119,100.000000000,3003,11.923309771,26.355833530
nuscenes,scene-0103_013,yaw,-3.000000000,deg,34688,3050,8.792666052,3,176,151,85.795454545,2864,77.540652291,91.156621856
nuscenes,scene-0103_013,yaw,-2.000000000,deg,34688,3030,8.735009225,3,176,164,93.181818182,2910,51.870301011,61.360183581
nuscenes,scene-0103_013,yaw,-1.000000000,deg,34688,3028,8.729243542,3,176,175,99.431818182,2965,26.041284241,30.953043000
nuscenes,scene-0103_013,yaw,-0.500000000,deg,34688,3025,8.720595018,3,176,175,99.431818182,2991,13.045740562,15.539425089
nuscenes,scene-0103_013,yaw,0.000000000,deg,34688,3024,8.717712177,3,176,176,100.000000000,3024,0.000000000,0.000000000
nuscenes,scene-0103_013,yaw,0.500000000,deg,34688,3018,8.700415129,3,176,176,100.000000000,2994,13.050629367,15.558879121
nuscenes,scene-0103_013,yaw,1.000000000,deg,34688,3014,8.688883764,3,176,175,99.431818182,2959,26.038868431,30.932639408
nuscenes,scene-0103_013,yaw,2.000000000,deg,34688,3014,8.688883764,3,176,167,94.886363636,2897,51.859150180,61.308886730
nuscenes,scene-0103_013,yaw,3.000000000,deg,34688,3009,8.674469557,3,176,155,88.068181818,2834,77.458728581,90.957284311
nuscenes,scene-0103_013,lateral,-0.100000000,m,34688,3029,8.732126384,3,176,176,100.000000000,3008,12.026393397,26.299249760
nuscenes,scene-0103_013,lateral,-0.050000000,m,34688,3026,8.723477860,3,176,176,100.000000000,3017,6.018244933,13.157822569
nuscenes,scene-0103_013,lateral,-0.020000000,m,34688,3022,8.711946494,3,176,176,100.000000000,3020,2.408100710,5.263465674
nuscenes,scene-0103_013,lateral,0.000000000,m,34688,3024,8.717712177,3,176,176,100.000000000,3024,0.000000000,0.000000000
nuscenes,scene-0103_013,lateral,0.020000000,m,34688,3020,8.706180812,3,176,176,100.000000000,3016,2.406010725,5.258262897
nuscenes,scene-0103_013,lateral,0.050000000,m,34688,3020,8.706180812,3,176,176,100.000000000,3010,6.018175393,13.152231310
nuscenes,scene-0103_013,lateral,0.100000000,m,34688,3018,8.700415129,3,176,176,100.000000000,2999,12.021182926,26.290455352
nuscenes,scene-0103_014,yaw,-3.000000000,deg,34720,3027,8.718317972,3,287,264,91.986062718,2836,77.756110128,91.708178749
nuscenes,scene-0103_014,yaw,-2.000000000,deg,34720,3020,8.698156682,3,287,280,97.560975610,2893,52.056033467,61.684074745
nuscenes,scene-0103_014,yaw,-1.000000000,deg,34720,3020,8.698156682,3,287,286,99.651567944,2957,26.150694161,31.109703918
nuscenes,scene-0103_014,yaw,-0.500000000,deg,34720,3020,8.698156682,3,287,287,100.000000000,2988,13.106746469,15.640591266
nuscenes,scene-0103_014,yaw,0.000000000,deg,34720,3013,8.677995392,3,287,287,100.000000000,3013,0.000000000,0.000000000
nuscenes,scene-0103_014,yaw,0.500000000,deg,34720,3012,8.675115207,3,287,287,100.000000000,2981,13.102455743,15.626850053
nuscenes,scene-0103_014,yaw,1.000000000,deg,34720,3006,8.657834101,3,287,282,98.257839721,2950,26.148981105,31.079605888
nuscenes,scene-0103_014,yaw,2.000000000,deg,34720,2995,8.626152074,3,287,267,93.031358885,2892,52.096207428,61.498958611
nuscenes,scene-0103_014,yaw,3.000000000,deg,34720,2998,8.634792627,3,287,252,87.804878049,2843,77.903582921,91.576728455
nuscenes,scene-0103_014,lateral,-0.100000000,m,34720,3016,8.686635945,3,287,287,100.000000000,2992,12.315748597,26.466420867
nuscenes,scene-0103_014,lateral,-0.050000000,m,34720,3015,8.683755760,3,287,287,100.000000000,3003,6.159478078,13.227566920
nuscenes,scene-0103_014,lateral,-0.020000000,m,34720,3015,8.683755760,3,287,287,100.000000000,3009,2.465228816,5.295076751
nuscenes,scene-0103_014,lateral,0.000000000,m,34720,3013,8.677995392,3,287,287,100.000000000,3013,0.000000000,0.000000000
nuscenes,scene-0103_014,lateral,0.020000000,m,34720,3015,8.683755760,3,287,287,100.000000000,3011,2.466561439,5.295005646
nuscenes,scene-0103_014,lateral,0.050000000,m,34720,3009,8.666474654,3,287,287,100.000000000,3001,6.159010076,13.231515332
nuscenes,scene-0103_014,lateral,0.100000000,m,34720,3010,8.669354839,3,287,287,100.000000000,2991,12.306000221,26.456733757
nuscenes,scene-0103_015,yaw,-3.000000000,deg,34688,2967,8.553390221,3,342,283,82.748538012,2778,78.250460100,92.053145326
nuscenes,scene-0103_015,yaw,-2.000000000,deg,34688,2966,8.550507380,3,342,311,90.935672515,2839,52.392322546,61.961004488
nuscenes,scene-0103_015,yaw,-1.000000000,deg,34688,2941,8.478436347,3,342,327,95.614035088,2878,26.283612657,31.230389250
nuscenes,scene-0103_015,yaw,-0.500000000,deg,34688,2937,8.466904982,3,342,334,97.660818713,2905,13.171496117,15.695729726
nuscenes,scene-0103_015,yaw,0.000000000,deg,34688,2935,8.461139299,3,342,342,100.000000000,2935,0.000000000,0.000000000
nuscenes,scene-0103_015,yaw,0.500000000,deg,34688,2941,8.478436347,3,342,342,100.000000000,2910,13.180311944,15.702295505
nuscenes,scene-0103_015,yaw,1.000000000,deg,34688,2943,8.484202030,3,342,342,100.000000000,2880,26.307398024,31.249504465
nuscenes,scene-0103_015,yaw,2.000000000,deg,34688,2943,8.484202030,3,342,330,96.491228070,2823,52.421570328,62.032108726
nuscenes,scene-0103_015,yaw,3.000000000,deg,34688,2940,8.475553506,3,342,316,92.397660819,2761,78.319862211,92.036432207
nuscenes,scene-0103_015,lateral,-0.100000000,m,34688,2946,8.492850554,3,342,342,100.000000000,2920,12.519032999,26.392474340
nuscenes,scene-0103_015,lateral,-0.050000000,m,34688,2940,8.475553506,3,342,342,100.000000000,2928,6.263159480,13.195580226
nuscenes,scene-0103_015,lateral,-0.020000000,m,34688,2938,8.469787823,3,342,342,100.000000000,2934,2.506483653,5.277958724
nuscenes,scene-0103_015,lateral,0.000000000,m,34688,2935,8.461139299,3,342,342,100.000000000,2935,0.000000000,0.000000000
nuscenes,scene-0103_015,lateral,0.020000000,m,34688,2939,8.472670664,3,342,340,99.415204678,2933,2.505661628,5.278544619
nuscenes,scene-0103_015,lateral,0.050000000,m,34688,2936,8.464022140,3,342,339,99.122807018,2924,6.256049782,13.193390629
nuscenes,scene-0103_015,lateral,0.100000000,m,34688,2925,8.432310886,3,342,334,97.660818713,2908,12.497799587,26.385117451
nuscenes,scene-0103_016,yaw,-3.000000000,deg,34720,2975,8.568548387,2,308,266,86.363636364,2799,78.445376094,92.230263786
nuscenes,scene-0103_016,yaw,-2.000000000,deg,34720,2967,8.545506912,2,308,278,90.259740260,2853,52.505060539,62.026504521
nuscenes,scene-0103_016,yaw,-1.000000000,deg,34720,2965,8.539746544,2,308,292,94.805194805,2908,26.361682295,31.304327039
nuscenes,scene-0103_016,yaw,-0.500000000,deg,34720,2962,8.531105991,2,308,299,97.077922078,2934,13.208747251,15.741036673
nuscenes,scene-0103_016,yaw,0.000000000,deg,34720,2951,8.499423963,2,308,306,99.350649351,2951,0.000000000,0.000000000
nuscenes,scene-0103_016,yaw,0.500000000,deg,34720,2942,8.473502304,2,308,307,99.675324675,2920,13.202887194,15.748065436
nuscenes,scene-0103_016,yaw,1.000000000,deg,34720,2940,8.467741935,2,308,306,99.350649351,2891,26.355683307,31.382481395
nuscenes,scene-0103_016,yaw,2.000000000,deg,34720,2938,8.461981567,2,308,294,95.454545455,2830,52.505461190,62.132766803
nuscenes,scene-0103_016,yaw,3.000000000,deg,34720,2935,8.453341014,2,308,279,90.584415584,2766,78.445306244,92.273248029
nuscenes,scene-0103_016,lateral,-0.100000000,m,34720,2953,8.505184332,2,308,308,100.000000000,2934,12.213396829,25.853017499
nuscenes,scene-0103_016,lateral,-0.050000000,m,34720,2951,8.499423963,2,308,308,100.000000000,2942,6.109421794,12.927183035
nuscenes,scene-0103_016,lateral,-0.020000000,m,34720,2953,8.505184332,2,308,308,100.000000000,2947,2.443784158,5.170813156
nuscenes,scene-0103_016,lateral,0.000000000,m,34720,2951,8.499423963,2,308,306,99.350649351,2951,0.000000000,0.000000000
nuscenes,scene-0103_016,lateral,0.020000000,m,34720,2951,8.499423963,2,308,304,98.701298701,2947,2.443160910,5.171271048
nuscenes,scene-0103_016,lateral,0.050000000,m,34720,2952,8.502304147,2,308,303,98.376623377,2942,6.099563171,12.925415463
nuscenes,scene-0103_016,lateral,0.100000000,m,34720,2951,8.499423963,2,308,299,97.077922078,2932,12.171983651,25.838147137
nuscenes,scene-0103_017,yaw,-3.000000000,deg,34720,2950,8.496543779,3,281,225,80.071174377,2775,78.366189723,92.156683291
nuscenes,scene-0103_017,yaw,-2.000000000,deg,34720,2942,8.473502304,3,281,243,86.476868327,2827,52.455262099,62.020785613
nuscenes,scene-0103_017,yaw,-1.000000000,deg,34720,2949,8.493663594,3,281,263,93.594306050,2889,26.350960589,31.360382934
nuscenes,scene-0103_017,yaw,-0.500000000,deg,34720,2951,8.499423963,3,281,269,95.729537367,2916,13.204112764,15.754854779
nuscenes,scene-0103_017,yaw,0.000000000,deg,34720,2940,8.467741935,3,281,280,99.644128114,2940,0.000000000,0.000000000
nuscenes,scene-0103_017,yaw,0.500000000,deg,34720,2946,8.485023041,3,281,281,100.000000000,2912,13.207236396,15.766449964
nuscenes,scene-0103_017,yaw,1.000000000,deg,34720,2928,8.433179724,3,281,280,99.644128114,2879,26.355762276,31.371887544
nuscenes,scene-0103_017,yaw,2.000000000,deg,34720,2904,8.364055300,3,281,266,94.661921708,2819,52.509909857,62.132842806
nuscenes,scene-0103_017,yaw,3.000000000,deg,34720,2902,8.358294931,3,281,250,88.967971530,2756,78.456954145,92.386103530
nuscenes,scene-0103_017,lateral,-0.100000000,m,34720,2943,8.476382488,3,281,281,100.000000000,2922,11.986681813,25.628276488
nuscenes,scene-0103_017,lateral,-0.050000000,m,34720,2942,8.473502304,3,281,281,100.000000000,2931,5.995518171,12.808355306
nuscenes,scene-0103_017,lateral,-0.020000000,m,34720,2941,8.470622120,3,281,281,100.000000000,2938,2.400294509,5.127365602
nuscenes,scene-0103_017,lateral,0.000000000,m,34720,2940,8.467741935,3,281,280,99.644128114,2940,0.000000000,0.000000000
nuscenes,scene-0103_017,lateral,0.020000000,m,34720,2941,8.470622120,3,281,278,98.932384342,2936,2.398004533,5.122536142
nuscenes,scene-0103_017,lateral,0.050000000,m,34720,2942,8.473502304,3,281,274,97.508896797,2931,5.987786759,12.811216520
nuscenes,scene-0103_017,lateral,0.100000000,m,34720,2940,8.467741935,3,281,269,95.729537367,2920,11.942294197,25.610806610
nuscenes,scene-0103_018,yaw,-3.000000000,deg,34784,2965,8.524034039,4,315,236,74.920634921,2783,78.397789424,92.333815820
nuscenes,scene-0103_018,yaw,-2.000000000,deg,34784,2960,8.509659614,4,315,265,84.126984127,2836,52.476147005,62.123942692
nuscenes,scene-0103_018,yaw,-1.000000000,deg,34784,2949,8.478035879,4,315,292,92.698412698,2887,26.347041326,31.372690400
nuscenes,scene-0103_018,yaw,-0.500000000,deg,34784,2939,8.449287029,4,315,302,95.873015873,2910,13.198083142,15.752063905
nuscenes,scene-0103_018,yaw,0.000000000,deg,34784,2938,8.446412144,4,315,315,100.000000000,2938,0.000000000,0.000000000
nuscenes,scene-0103_018,yaw,0.500000000,deg,34784,2925,8.409038638,4,315,315,100.000000000,2904,13.198338139,15.740355174
nuscenes,scene-0103_018,yaw,1.000000000,deg,34784,2933,8.432037718,4,315,313,99.365079365,2876,26.350082329,31.345436197
nuscenes,scene-0103_018,yaw,2.000000000,deg,34784,2924,8.406163753,4,315,293,93.015873016,2813,52.488675158,62.084072695
nuscenes,scene-0103_018,yaw,3.000000000,deg,34784,2898,8.331416743,4,315,265,84.126984127,2751,78.430766123,92.299858728
nuscenes,scene-0103_018,lateral,-0.100000000,m,34784,2940,8.452161914,4,315,315,100.000000000,2919,11.944835726,25.595965274
nuscenes,scene-0103_018,lateral,-0.050000000,m,34784,2938,8.446412144,4,315,315,100.000000000,2928,5.975786453,12.794836964
nuscenes,scene-0103_018,lateral,-0.020000000,m,34784,2936,8.440662374,4,315,315,100.000000000,2935,2.389994608,5.116520959
nuscenes,scene-0103_018,lateral,0.000000000,m,34784,2938,8.446412144,4,315,315,100.000000000,2938,0.000000000,0.000000000
nuscenes,scene-0103_018,lateral,0.020000000,m,34784,2932,8.429162833,4,315,311,98.730158730,2931,2.386917744,5.114742801
nuscenes,scene-0103_018,lateral,0.050000000,m,34784,2935,8.437787489,4,315,309,98.095238095,2928,5.962090955,12.772822667
nuscenes,scene-0103_018,lateral,0.100000000,m,34784,2932,8.429162833,4,315,301,95.555555556,2915,11.898003283,25.522317817
nuscenes,scene-0103_019,yaw,-3.000000000,deg,34784,2994,8.607405704,4,236,174,73.728813559,2813,78.079881015,91.962157369
nuscenes,scene-0103_019,yaw,-2.000000000,deg,34784,2982,8.572907084,4,236,202,85.593220339,2861,52.245245418,61.913350920
nuscenes,scene-0103_019,yaw,-1.000000000,deg,34784,2966,8.526908924,4,236,219,92.796610169,2908,26.220872805,31.272477003
nuscenes,scene-0103_019,yaw,-0.500000000,deg,34784,2955,8.495285189,4,236,225,95.338983051,2926,13.130954477,15.699866233
nuscenes,scene-0103_019,yaw,0.000000000,deg,34784,2958,8.503909844,4,236,235,99.576271186,2958,0.000000000,0.000000000
nuscenes,scene-0103_019,yaw,0.500000000,deg,34784,2949,8.478035879,4,236,236,100.000000000,2927,13.138828584,15.726489122
nuscenes,scene-0103_019,yaw,1.000000000,deg,34784,2946,8.469411224,4,236,234,99.152542373,2896,26.222222835,31.298315943
nuscenes,scene-0103_019,yaw,2.000000000,deg,34784,2942,8.457911684,4,236,219,92.796610169,2833,52.228770360,61.961165866
nuscenes,scene-0103_019,yaw,3.000000000,deg,34784,2933,8.432037718,4,236,205,86.864406780,2775,78.057806366,92.160564311
nuscenes,scene-0103_019,lateral,-0.100000000,m,34784,2957,8.501034959,4,236,236,100.000000000,2939,11.665315663,25.288602547
nuscenes,scene-0103_019,lateral,-0.050000000,m,34784,2959,8.506784729,4,236,236,100.000000000,2950,5.837123374,12.657871763
nuscenes,scene-0103_019,lateral,-0.020000000,m,34784,2958,8.503909844,4,236,236,100.000000000,2955,2.335873056,5.060768287
nuscenes,scene-0103_019,lateral,0.000000000,m,34784,2958,8.503909844,4,236,235,99.576271186,2958,0.000000000,0.000000000
nuscenes,scene-0103_019,lateral,0.020000000,m,34784,2952,8.486660534,4,236,232,98.305084746,2947,2.332684563,5.057686466
nuscenes,scene-0103_019,lateral,0.050000000,m,34784,2954,8.492410304,4,236,230,97.457627119,2945,5.827896872,12.641295653
nuscenes,scene-0103_019,lateral,0.100000000,m,34784,2949,8.478035879,4,236,226,95.762711864,2932,11.627946937,25.277769876
nuscenes,scene-0103_020,yaw,-3.000000000,deg,34752,3019,8.687269797,5,225,155,68.888888889,2834,77.912652083,91.618288401
nuscenes,scene-0103_020,yaw,-2.000000000,deg,34752,3009,8.658494475,5,225,184,81.777777778,2886,52.144999185,61.718600905
nuscenes,scene-0103_020,yaw,-1.000000000,deg,34752,3002,8.638351750,5,225,207,92.000000000,2941,26.180320385,31.175251172
nuscenes,scene-0103_020,yaw,-0.500000000,deg,34752,3001,8.635474217,5,225,218,96.888888889,2969,13.117609694,15.670431299
nuscenes,scene-0103_020,yaw,0.000000000,deg,34752,2990,8.603821363,5,225,225,100.000000000,2990,0.000000000,0.000000000
nuscenes,scene-0103_020,yaw,0.500000000,deg,34752,2982,8.580801105,5,225,224,99.555555556,2962,13.117181339,15.695279155
nuscenes,scene-0103_020,yaw,1.000000000,deg,34752,2973,8.554903315,5,225,221,98.222222222,2929,26.174394254,31.236022861
nuscenes,scene-0103_020,yaw,2.000000000,deg,34752,2965,8.531883057,5,225,202,89.777777778,2866,52.130761130,61.818681212
nuscenes,scene-0103_020,yaw,3.000000000,deg,34752,2960,8.517495396,5,225,177,78.666666667,2809,77.913022162,91.940835475
nuscenes,scene-0103_020,lateral,-0.100000000,m,34752,2992,8.609576427,5,225,225,100.000000000,2974,11.558748324,25.208005517
nuscenes,scene-0103_020,lateral,-0.050000000,m,34752,2994,8.615331492,5,225,225,100.000000000,2985,5.780715495,12.600083356
nuscenes,scene-0103_020,lateral,-0.020000000,m,34752,2994,8.615331492,5,225,225,100.000000000,2990,2.313122615,5.039964487
nuscenes,scene-0103_020,lateral,0.000000000,m,34752,2990,8.603821363,5,225,225,100.000000000,2990,0.000000000,0.000000000
nuscenes,scene-0103_020,lateral,0.020000000,m,34752,2993,8.612453959,5,225,224,99.555555556,2987,2.311103686,5.040625492
nuscenes,scene-0103_020,lateral,0.050000000,m,34752,2993,8.612453959,5,225,220,97.777777778,2982,5.768459957,12.599214150
nuscenes,scene-0103_020,lateral,0.100000000,m,34752,2994,8.615331492,5,225,217,96.444444444,2973,11.516883588,25.191742146
nuscenes,scene-0103_021,yaw,-3.000000000,deg,34752,3009,8.658494475,5,213,164,76.995305164,2826,77.812546026,91.548952768
nuscenes,scene-0103_021,yaw,-2.000000000,deg,34752,3008,8.655616943,5,213,185,86.854460094,2885,52.100484900,61.803934892
nuscenes,scene-0103_021,yaw,-1.000000000,deg,34752,3003,8.641229282,5,213,203,95.305164319,2942,26.157629066,31.083587338
nuscenes,scene-0103_021,yaw,-0.500000000,deg,34752,3002,8.638351750,5,213,211,99.061032864,2972,13.107067736,15.591102632
nuscenes,scene-0103_021,yaw,0.000000000,deg,34752,2996,8.621086556,5,213,213,100.000000000,2996,0.000000000,0.000000000
nuscenes,scene-0103_021,yaw,0.500000000,deg,34752,2999,8.629719153,5,213,212,99.530516432,2968,13.106284692,15.611566977
nuscenes,scene-0103_021,yaw,1.000000000,deg,34752,2987,8.595188766,5,213,204,95.774647887,2935,26.151188364,31.065468082
nuscenes,scene-0103_021,yaw,2.000000000,deg,34752,2971,8.549148250,5,213,191,89.671361502,2872,52.078934966,61.522890754
nuscenes,scene-0103_021,yaw,3.000000000,deg,34752,2960,8.517495396,5,213,179,84.037558685,2811,77.804151102,91.438708476
nuscenes,scene-0103_021,lateral,-0.100000000,m,34752,2998,8.626841621,5,213,213,100.000000000,2978,11.501520807,25.134911914
nuscenes,scene-0103_021,lateral,-0.050000000,m,34752,2999,8.629719153,5,213,213,100.000000000,2988,5.754003434,12.561768562
nuscenes,scene-0103_021,lateral,-0.020000000,m,34752,3001,8.635474217,5,213,213,100.000000000,2994,2.302704339,5.023526136
nuscenes,scene-0103_021,lateral,0.000000000,m,34752,2996,8.621086556,5,213,213,100.000000000,2996,0.000000000,0.000000000
nuscenes,scene-0103_021,lateral,0.020000000,m,34752,2997,8.623964088,5,213,213,100.000000000,2994,2.301891117,5.023958375
nuscenes,scene-0103_021,lateral,0.050000000,m,34752,2996,8.621086556,5,213,213,100.000000000,2988,5.743635762,12.556049079
nuscenes,scene-0103_021,lateral,0.100000000,m,34752,3001,8.635474217,5,213,213,100.000000000,2984,11.477406645,25.110224070
nuscenes,scene-0103_022,yaw,-3.000000000,deg,34752,2982,8.580801105,3,189,163,86.243386243,2805,77.769589950,91.457029785
nuscenes,scene-0103_022,yaw,-2.000000000,deg,34752,2979,8.572168508,3,189,176,93.121693122,2860,52.035969689,61.580970326
nuscenes,scene-0103_022,yaw,-1.000000000,deg,34752,2963,8.526127993,3,189,182,96.296296296,2906,26.105826646,31.081215064
nuscenes,scene-0103_022,yaw,-0.500000000,deg,34752,2954,8.500230203,3,189,187,98.941798942,2928,13.075760059,15.616169004
nuscenes,scene-0103_022,yaw,0.000000000,deg,34752,2943,8.468577348,3,189,189,100.000000000,2943,0.000000000,0.000000000
nuscenes,scene-0103_022,yaw,0.500000000,deg,34752,2935,8.445557090,3,189,185,97.883597884,2917,13.068021206,15.639073690
nuscenes,scene-0103_022,yaw,1.000000000,deg,34752,2927,8.422536832,3,189,179,94.708994709,2888,26.080851518,31.088469978
nuscenes,scene-0103_022,yaw,2.000000000,deg,34752,2928,8.425414365,3,189,166,87.830687831,2832,51.952444355,61.543659963
nuscenes,scene-0103_022,yaw,3.000000000,deg,34752,2942,8.465699816,3,189,150,79.365079365,2780,77.653445714,91.521788465
nuscenes,scene-0103_022,lateral,-0.100000000,m,34752,2943,8.468577348,3,189,186,98.412698413,2928,11.533423315,25.035164937
nuscenes,scene-0103_022,lateral,-0.050000000,m,34752,2940,8.459944751,3,189,187,98.941798942,2933,5.774592504,12.533605198
nuscenes,scene-0103_022,lateral,-0.020000000,m,34752,2944,8.471454880,3,189,188,99.470899471,2939,2.310721458,5.009849575
nuscenes,scene-0103_022,lateral,0.000000000,m,34752,2943,8.468577348,3,189,189,100.000000000,2943,0.000000000,0.000000000
nuscenes,scene-0103_022,lateral,0.020000000,m,34752,2943,8.468577348,3,189,189,100.000000000,2940,2.310956768,5.009637564
nuscenes,scene-0103_022,lateral,0.050000000,m,34752,2944,8.471454880,3,189,189,100.000000000,2936,5.770092068,12.519906318
nuscenes,scene-0103_022,lateral,0.100000000,m,34752,2944,8.471454880,3,189,189,100.000000000,2926,11.524434008,25.035452521
nuscenes,scene-0103_023,yaw,-3.000000000,deg,34720,2985,8.597350230,4,213,181,84.976525822,2827,77.890795872,91.671781425
nuscenes,scene-0103_023,yaw,-2.000000000,deg,34720,2986,8.600230415,4,213,194,91.079812207,2883,52.117283072,61.684839711
nuscenes,scene-0103_023,yaw,-1.000000000,deg,34720,2988,8.605990783,4,213,202,94.835680751,2934,26.150983386,31.137923277
nuscenes,scene-0103_023,yaw,-0.500000000,deg,34720,2988,8.605990783,4,213,209,98.122065728,2961,13.099767144,15.651445477
nuscenes,scene-0103_023,yaw,0.000000000,deg,34720,2992,8.617511521,4,213,213,100.000000000,2992,0.000000000,0.000000000
nuscenes,scene-0103_023,yaw,0.500000000,deg,34720,2985,8.597350230,4,213,203,95.305164319,2962,13.099902171,15.633822540
nuscenes,scene-0103_023,yaw,1.000000000,deg,34720,2988,8.605990783,4,213,191,89.671361502,2934,26.146301664,31.111631222
nuscenes,scene-0103_023,yaw,2.000000000,deg,34720,2987,8.603110599,4,213,165,77.464788732,2877,52.080217733,61.589326677
nuscenes,scene-0103_023,yaw,3.000000000,deg,34720,2979,8.580069124,4,213,144,67.605633803,2820,77.812316281,91.571122454
nuscenes,scene-0103_023,lateral,-0.100000000,m,34720,2985,8.597350230,4,213,204,95.774647887,2969,11.567434611,24.952782737
nuscenes,scene-0103_023,lateral,-0.050000000,m,34720,2986,8.600230415,4,213,207,97.183098592,2978,5.790351746,12.480264038
nuscenes,scene-0103_023,lateral,-0.020000000,m,34720,2987,8.603110599,4,213,211,99.061032864,2985,2.317877925,4.991687241
nuscenes,scene-0103_023,lateral,0.000000000,m,34720,2992,8.617511521,4,213,213,100.000000000,2992,0.000000000,0.000000000
nuscenes,scene-0103_023,lateral,0.020000000,m,34720,2990,8.611751152,4,213,213,100.000000000,2986,2.315535288,4.989253378
nuscenes,scene-0103_023,lateral,0.050000000,m,34720,2993,8.620391705,4,213,213,100.000000000,2983,5.791344643,12.476437387
nuscenes,scene-0103_023,lateral,0.100000000,m,34720,2990,8.611751152,4,213,213,100.000000000,2972,11.573663485,24.940363410
nuscenes,scene-0103_024,yaw,-3.000000000,deg,34688,2954,8.515913284,6,177,123,69.491525424,2783,77.689505258,91.463705717
nuscenes,scene-0103_024,yaw,-2.000000000,deg,34688,2956,8.521678967,6,177,145,81.920903955,2841,51.985401042,61.571514650
nuscenes,scene-0103_024,yaw,-1.000000000,deg,34688,2956,8.521678967,6,177,170,96.045197740,2897,26.089652264,31.068747700
nuscenes,scene-0103_024,yaw,-0.500000000,deg,34688,2954,8.515913284,6,177,175,98.870056497,2925,13.069034586,15.613554916
nuscenes,scene-0103_024,yaw,0.000000000,deg,34688,2952,8.510147601,6,177,177,100.000000000,2952,0.000000000,0.000000000
nuscenes,scene-0103_024,yaw,0.500000000,deg,34688,2950,8.504381919,6,177,165,93.220338983,2922,13.063345178,15.580530728
nuscenes,scene-0103_024,yaw,1.000000000,deg,34688,2952,8.510147601,6,177,155,87.570621469,2896,26.072860443,31.023196935
nuscenes,scene-0103_024,yaw,2.000000000,deg,34688,2958,8.527444649,6,177,129,72.881355932,2843,51.937394959,61.438257815
nuscenes,scene-0103_024,yaw,3.000000000,deg,34688,2956,8.521678967,6,177,103,58.192090395,2788,77.594035156,91.183646556
nuscenes,scene-0103_024,lateral,-0.100000000,m,34688,2947,8.495733395,6,177,165,93.220338983,2927,11.540614149,24.891456215
nuscenes,scene-0103_024,lateral,-0.050000000,m,34688,2949,8.501499077,6,177,170,96.045197740,2939,5.778860545,12.450886924
nuscenes,scene-0103_024,lateral,-0.020000000,m,34688,2951,8.507264760,6,177,175,98.870056497,2947,2.313730638,4.979139851
nuscenes,scene-0103_024,lateral,0.000000000,m,34688,2952,8.510147601,6,177,177,100.000000000,2952,0.000000000,0.000000000
nuscenes,scene-0103_024,lateral,0.020000000,m,34688,2950,8.504381919,6,177,177,100.000000000,2947,2.312867499,4.979564264
nuscenes,scene-0103_024,lateral,0.050000000,m,34688,2959,8.530327491,6,177,176,99.435028249,2946,5.782738948,12.450015717
nuscenes,scene-0103_024,lateral,0.100000000,m,34688,2956,8.521678967,6,177,176,99.435028249,2936,11.544999109,24.880718590
nuscenes,scene-0103_025,yaw,-3.000000000,deg,34688,2940,8.475553506,5,85,39,45.882352941,2774,77.594723527,90.676133750
nuscenes,scene-0103_025,yaw,-2.000000000,deg,34688,2933,8.455373616,5,85,53,62.352941176,2825,51.902825944,61.019378364
nuscenes,scene-0103_025,yaw,-1.000000000,deg,34688,2931,8.449607934,5,85,75,88.235294118,2879,26.047636436,30.816315081
nuscenes,scene-0103_025,yaw,-0.500000000,deg,34688,2944,8.487084871,5,85,82,96.470588235,2913,13.054718831,15.493147191
nuscenes,scene-0103_025,yaw,0.000000000,deg,34688,2941,8.478436347,5,85,85,100.000000000,2941,0.000000000,0.000000000
nuscenes,scene-0103_025,yaw,0.500000000,deg,34688,2956,8.521678967,5,85,83,97.647058824,2926,13.064839581,15.520458199
nuscenes,scene-0103_025,yaw,1.000000000,deg,34688,2954,8.515913284,5,85,74,87.058823529,2898,26.076941083,30.896887554
nuscenes,scene-0103_025,yaw,2.000000000,deg,34688,2945,8.489967712,5,85,56,65.882352941,2839,51.931470151,61.278483217
nuscenes,scene-0103_025,yaw,3.000000000,deg,34688,2945,8.489967712,5,85,44,51.764705882,2781,77.574846009,91.102869933
nuscenes,scene-0103_025,lateral,-0.100000000,m,34688,2947,8.495733395,5,85,83,97.647058824,2930,11.514686497,24.967628684
nuscenes,scene-0103_025,lateral,-0.050000000,m,34688,2942,8.481319188,5,85,84,98.823529412,2934,5.761960165,12.480159711
nuscenes,scene-0103_025,lateral,-0.020000000,m,34688,2941,8.478436347,5,85,85,100.000000000,2937,2.305298463,4.990886339
nuscenes,scene-0103_025,lateral,0.000000000,m,34688,2941,8.478436347,5,85,85,100.000000000,2941,0.000000000,0.000000000
nuscenes,scene-0103_025,lateral,0.020000000,m,34688,2943,8.484202030,5,85,85,100.000000000,2938,2.305442504,4.990816423
nuscenes,scene-0103_025,lateral,0.050000000,m,34688,2940,8.475553506,5,85,85,100.000000000,2932,5.756336035,12.471062559
nuscenes,scene-0103_025,lateral,0.100000000,m,34688,2939,8.472670664,5,85,85,100.000000000,2921,11.501119434,24.939873756
nuscenes,scene-0103_026,yaw,-3.000000000,deg,34688,2887,8.322762915,4,95,56,58.947368421,2714,77.574798823,91.037578943
nuscenes,scene-0103_026,yaw,-2.000000000,deg,34688,2892,8.337177122,4,95,72,75.789473684,2777,51.917673687,61.257842414
nuscenes,scene-0103_026,yaw,-1.000000000,deg,34688,2884,8.314114391,4,95,89,93.684210526,2825,26.041412862,30.926674140
nuscenes,scene-0103_026,yaw,-0.500000000,deg,34688,2884,8.314114391,4,95,93,97.894736842,2855,13.047243373,15.533994789
nuscenes,scene-0103_026,yaw,0.000000000,deg,34688,2882,8.308348708,4,95,95,100.000000000,2882,0.000000000,0.000000000
nuscenes,scene-0103_026,yaw,0.500000000,deg,34688,2888,8.325645756,4,95,93,97.894736842,2856,13.043808282,15.549653459
nuscenes,scene-0103_026,yaw,1.000000000,deg,34688,2887,8.322762915,4,95,90,94.736842105,2830,26.032875343,30.952326543
nuscenes,scene-0103_026,yaw,2.000000000,deg,34688,2886,8.319880074,4,95,74,77.894736842,2771,51.823740759,61.204587342
nuscenes,scene-0103_026,yaw,3.000000000,deg,34688,2882,8.308348708,4,95,56,58.947368421,2718,77.416406571,90.923994377
nuscenes,scene-0103_026,lateral,-0.100000000,m,34688,2888,8.325645756,4,95,94,98.947368421,2868,11.627976661,25.075329630
nuscenes,scene-0103_026,lateral,-0.050000000,m,34688,2884,8.314114391,4,95,94,98.947368421,2874,5.817928033,12.533271645
nuscenes,scene-0103_026,lateral,-0.020000000,m,34688,2883,8.311231550,4,95,94,98.947368421,2878,2.327847974,5.012097920
nuscenes,scene-0103_026,lateral,0.000000000,m,34688,2882,8.308348708,4,95,95,100.000000000,2882,0.000000000,0.000000000
nuscenes,scene-0103_026,lateral,0.020000000,m,34688,2880,8.302583026,4,95,95,100.000000000,2877,2.326672372,5.008496029
nuscenes,scene-0103_026,lateral,0.050000000,m,34688,2879,8.299700185,4,95,95,100.000000000,2870,5.807122554,12.515461225
nuscenes,scene-0103_026,lateral,0.100000000,m,34688,2883,8.311231550,4,95,95,100.000000000,2864,11.601955478,25.018543044
nuscenes,scene-0103_027,yaw,-3.000000000,deg,34752,2821,8.117518416,4,110,60,54.545454545,2673,77.431149611,90.734178330
nuscenes,scene-0103_027,yaw,-2.000000000,deg,34752,2826,8.131906077,4,110,80,72.727272727,2732,51.813657673,61.030686025
nuscenes,scene-0103_027,yaw,-1.000000000,deg,34752,2838,8.166436464,4,110,100,90.909090909,2792,26.007629221,30.805121058
nuscenes,scene-0103_027,yaw,-0.500000000,deg,34752,2835,8.157803867,4,110,108,98.181818182,2815,13.023852488,15.463334120
nuscenes,scene-0103_027,yaw,0.000000000,deg,34752,2840,8.172191529,4,110,110,100.000000000,2840,0.000000000,0.000000000
nuscenes,scene-0103_027,yaw,0.500000000,deg,34752,2830,8.143416206,4,110,110,100.000000000,2813,13.017343244,15.457233019
nuscenes,scene-0103_027,yaw,1.000000000,deg,34752,2839,8.169313996,4,110,107,97.272727273,2795,25.995697219,30.830636286
nuscenes,scene-0103_027,yaw,2.000000000,deg,34752,2863,8.238374770,4,110,96,87.272727273,2748,51.795878610,61.082126126
nuscenes,scene-0103_027,yaw,3.000000000,deg,34752,2873,8.267150092,4,110,80,72.727272727,2704,77.431136122,90.931342876
nuscenes,scene-0103_027,lateral,-0.100000000,m,34752,2837,8.163558932,4,110,110,100.000000000,2823,11.798809636,25.380004513
nuscenes,scene-0103_027,lateral,-0.050000000,m,34752,2838,8.166436464,4,110,110,100.000000000,2832,5.903021361,12.688163359
nuscenes,scene-0103_027,lateral,-0.020000000,m,34752,2838,8.166436464,4,110,110,100.000000000,2836,2.362159930,5.077487765
nuscenes,scene-0103_027,lateral,0.000000000,m,34752,2840,8.172191529,4,110,110,100.000000000,2840,0.000000000,0.000000000
nuscenes,scene-0103_027,lateral,0.020000000,m,34752,2839,8.169313996,4,110,110,100.000000000,2837,2.362122210,5.077896092
nuscenes,scene-0103_027,lateral,0.050000000,m,34752,2839,8.169313996,4,110,110,100.000000000,2832,5.899402105,12.691035589
nuscenes,scene-0103_027,lateral,0.100000000,m,34752,2838,8.166436464,4,110,110,100.000000000,2823,11.781870447,25.375897385
nuscenes,scene-0103_028,yaw,-3.000000000,deg,34720,2779,8.004032258,4,125,84,67.200000000,2628,77.190208641,90.720969615
nuscenes,scene-0103_028,yaw,-2.000000000,deg,34720,2786,8.024193548,4,125,98,78.400000000,2682,51.641130486,60.953956298
nuscenes,scene-0103_028,yaw,-1.000000000,deg,34720,2783,8.015552995,4,125,116,92.800000000,2732,25.908414751,30.760618706
nuscenes,scene-0103_028,yaw,-0.500000000,deg,34720,2792,8.041474654,4,125,124,99.200000000,2765,12.984520487,15.466279467
nuscenes,scene-0103_028,yaw,0.000000000,deg,34720,2791,8.038594470,4,125,125,100.000000000,2791,0.000000000,0.000000000
nuscenes,scene-0103_028,yaw,0.500000000,deg,34720,2796,8.052995392,4,125,124,99.200000000,2765,12.977698258,15.450920127
nuscenes,scene-0103_028,yaw,1.000000000,deg,34720,2802,8.070276498,4,125,120,96.000000000,2743,25.904298129,30.753500403
nuscenes,scene-0103_028,yaw,2.000000000,deg,34720,2807,8.084677419,4,125,110,88.000000000,2701,51.624610679,60.956569407
nuscenes,scene-0103_028,yaw,3.000000000,deg,34720,2819,8.119239631,4,125,91,72.800000000,2654,77.141929152,90.551016246
nuscenes,scene-0103_028,lateral,-0.100000000,m,34720,2795,8.050115207,4,125,125,100.000000000,2773,11.557418844,24.886046608
nuscenes,scene-0103_028,lateral,-0.050000000,m,34720,2791,8.038594470,4,125,125,100.000000000,2781,5.781944738,12.436762650
nuscenes,scene-0103_028,lateral,-0.020000000,m,34720,2788,8.029953917,4,125,125,100.000000000,2786,2.314702381,4.980764253
nuscenes,scene-0103_028,lateral,0.000000000,m,34720,2791,8.038594470,4,125,125,100.000000000,2791,0.000000000,0.000000000
nuscenes,scene-0103_028,lateral,0.020000000,m,34720,2792,8.041474654,4,125,125,100.000000000,2789,2.315410486,4.980059521
nuscenes,scene-0103_028,lateral,0.050000000,m,34720,2787,8.027073733,4,125,125,100.000000000,2781,5.780326593,12.439514173
nuscenes,scene-0103_028,lateral,0.100000000,m,34720,2783,8.015552995,4,125,125,100.000000000,2769,11.555697394,24.878684600
nuscenes,scene-0103_029,yaw,-3.000000000,deg,34720,2760,7.949308756,4,158,115,72.784810127,2627,77.185836735,90.319091824
nuscenes,scene-0103_029,yaw,-2.000000000,deg,34720,2768,7.972350230,4,158,128,81.012658228,2677,51.629786356,60.747067766
nuscenes,scene-0103_029,yaw,-1.000000000,deg,34720,2774,7.989631336,4,158,150,94.936708861,2731,25.910434383,30.665485213
nuscenes,scene-0103_029,yaw,-0.500000000,deg,34720,2784,8.018433180,4,158,158,100.000000000,2760,12.981915066,15.413394296
nuscenes,scene-0103_029,yaw,0.000000000,deg,34720,2785,8.021313364,4,158,158,100.000000000,2785,0.000000000,0.000000000
nuscenes,scene-0103_029,yaw,0.500000000,deg,34720,2793,8.044354839,4,158,155,98.101265823,2764,12.982273984,15.439764382
nuscenes,scene-0103_029,yaw,1.000000000,deg,34720,2799,8.061635945,4,158,148,93.670886076,2744,25.919632497,30.779826932
nuscenes,scene-0103_029,yaw,2.000000000,deg,34720,2805,8.078917051,4,158,131,82.911392405,2695,51.633238575,60.963175964
nuscenes,scene-0103_029,yaw,3.000000000,deg,34720,2814,8.104838710,4,158,108,68.354430380,2647,77.156771459,90.628303023
nuscenes,scene-0103_029,lateral,-0.100000000,m,34720,2789,8.032834101,4,158,156,98.734177215,2772,11.506244553,24.644530613
nuscenes,scene-0103_029,lateral,-0.050000000,m,34720,2790,8.035714286,4,158,158,100.000000000,2779,5.755743001,12.319332342
nuscenes,scene-0103_029,lateral,-0.020000000,m,34720,2791,8.038594470,4,158,158,100.000000000,2783,2.303704760,4.926767471
nuscenes,scene-0103_029,lateral,0.000000000,m,34720,2785,8.021313364,4,158,158,100.000000000,2785,0.000000000,0.000000000
nuscenes,scene-0103_029,lateral,0.020000000,m,34720,2786,8.024193548,4,158,158,100.000000000,2784,2.304712473,4.926789027
nuscenes,scene-0103_029,lateral,0.050000000,m,34720,2784,8.018433180,4,158,158,100.000000000,2775,5.754184990,12.306851164
nuscenes,scene-0103_029,lateral,0.100000000,m,34720,2780,8.006912442,4,158,158,100.000000000,2765,11.499274998,24.601051033
nuscenes,scene-0103_030,yaw,-3.000000000,deg,34688,2804,8.083487085,5,218,157,72.018348624,2669,77.129922246,90.408231305
nuscenes,scene-0103_030,yaw,-2.000000000,deg,34688,2815,8.115198339,5,218,186,85.321100917,2722,51.605170315,60.847601004
nuscenes,scene-0103_030,yaw,-1.000000000,deg,34688,2817,8.120964022,5,218,212,97.247706422,2774,25.897270048,30.714242700
nuscenes,scene-0103_030,yaw,-0.500000000,deg,34688,2820,8.129612546,5,218,217,99.541284404,2800,12.972259247,15.424784755
nuscenes,scene-0103_030,yaw,0.000000000,deg,34688,2826,8.146909594,5,218,218,100.000000000,2826,0.000000000,0.000000000
nuscenes,scene-0103_030,yaw,0.500000000,deg,34688,2826,8.146909594,5,218,212,97.247706422,2804,12.974930754,15.440598703
nuscenes,scene-0103_030,yaw,1.000000000,deg,34688,2833,8.167089483,5,218,204,93.577981651,2783,25.905578981,30.766722097
nuscenes,scene-0103_030,yaw,2.000000000,deg,34688,2838,8.181503690,5,218,184,84.403669725,2738,51.628889818,60.983331486
nuscenes,scene-0103_030,yaw,3.000000000,deg,34688,2841,8.190152214,5,218,160,73.394495413,2689,77.159068172,90.691916564
nuscenes,scene-0103_030,lateral,-0.100000000,m,34688,2827,8.149792435,5,218,215,98.623853211,2809,11.788976541,25.109156695
nuscenes,scene-0103_030,lateral,-0.050000000,m,34688,2828,8.152675277,5,218,217,99.541284404,2818,5.898578387,12.550994454
nuscenes,scene-0103_030,lateral,-0.020000000,m,34688,2822,8.135378229,5,218,218,100.000000000,2822,2.359973372,5.019942308
nuscenes,scene-0103_030,lateral,0.000000000,m,34688,2826,8.146909594,5,218,218,100.000000000,2826,0.000000000,0.000000000
nuscenes,scene-0103_030,lateral,0.020000000,m,34688,2821,8.132495387,5,218,218,100.000000000,2818,2.358823846,5.021185499
nuscenes,scene-0103_030,lateral,0.050000000,m,34688,2823,8.138261070,5,218,218,100.000000000,2815,5.898414933,12.555472484
nuscenes,scene-0103_030,lateral,0.100000000,m,34688,2816,8.118081181,5,218,218,100.000000000,2803,11.778728664,25.091928185
nuscenes,scene-0103_031,yaw,-3.000000000,deg,34688,2811,8.103666974,6,291,216,74.226804124,2664,77.084959387,90.479762148
nuscenes,scene-0103_031,yaw,-2.000000000,deg,34688,2809,8.097901292,6,291,251,86.254295533,2709,51.548301065,60.839372463
nuscenes,scene-0103_031,yaw,-1.000000000,deg,34688,2816,8.118081181,6,291,277,95.189003436,2768,25.881196079,30.698200375
nuscenes,scene-0103_031,yaw,-0.500000000,deg,34688,2822,8.135378229,6,291,283,97.250859107,2795,12.966542412,15.415044888
nuscenes,scene-0103_031,yaw,0.000000000,deg,34688,2820,8.129612546,6,291,291,100.000000000,2820,0.000000000,0.000000000
nuscenes,scene-0103_031,yaw,0.500000000,deg,34688,2829,8.155558118,6,291,289,99.312714777,2799,12.967642481,15.426701765
nuscenes,scene-0103_031,yaw,1.000000000,deg,34688,2832,8.164206642,6,291,283,97.250859107,2776,25.886579804,30.729988950
nuscenes,scene-0103_031,yaw,2.000000000,deg,34688,2833,8.167089483,6,291,258,88.659793814,2728,51.580988055,60.884035058
nuscenes,scene-0103_031,yaw,3.000000000,deg,34688,2837,8.178620849,6,291,220,75.601374570,2679,77.088478663,90.375805660
nuscenes,scene-0103_031,lateral,-0.100000000,m,34688,2828,8.152675277,6,291,290,99.656357388,2806,11.691125694,24.948455028
nuscenes,scene-0103_031,lateral,-0.050000000,m,34688,2823,8.138261070,6,291,290,99.656357388,2813,5.847744575,12.473064458
nuscenes,scene-0103_031,lateral,-0.020000000,m,34688,2823,8.138261070,6,291,291,100.000000000,2818,2.340491767,4.988829078
nuscenes,scene-0103_031,lateral,0.000000000,m,34688,2820,8.129612546,6,291,291,100.000000000,2820,0.000000000,0.000000000
nuscenes,scene-0103_031,lateral,0.020000000,m,34688,2821,8.132495387,6,291,289,99.312714777,2819,2.341276966,4.989131576
nuscenes,scene-0103_031,lateral,0.050000000,m,34688,2818,8.123846863,6,291,287,98.625429553,2807,5.845499080,12.471382283
nuscenes,scene-0103_031,lateral,0.100000000,m,34688,2818,8.123846863,6,291,285,97.938144330,2800,11.683532240,24.938805388
nuscenes,scene-0103_032,yaw,-3.000000000,deg,34752,2843,8.180824125,8,319,227,71.159874608,2697,77.126130909,90.413091919
nuscenes,scene-0103_032,yaw,-2.000000000,deg,34752,2839,8.169313996,8,319,267,83.699059561,2740,51.576587337,60.843385650
nuscenes,scene-0103_032,yaw,-1.000000000,deg,34752,2843,8.180824125,8,319,305,95.611285266,2793,25.891453320,30.746388348
nuscenes,scene-0103_032,yaw,-0.500000000,deg,34752,2847,8.192334254,8,319,316,99.059561129,2821,12.973558058,15.450355627
nuscenes,scene-0103_032,yaw,0.000000000,deg,34752,2837,8.163558932,8,319,319,100.000000000,2837,0.000000000,0.000000000
nuscenes,scene-0103_032,yaw,0.500000000,deg,34752,2839,8.169313996,8,319,316,99.059561129,2812,12.965956150,15.435851181
nuscenes,scene-0103_032,yaw,1.000000000,deg,34752,2831,8.146293738,8,319,306,95.924764890,2784,25.876520088,30.742015333
nuscenes,scene-0103_032,yaw,2.000000000,deg,34752,2823,8.123273481,8,319,272,85.266457680,2727,51.536972168,60.859292347
nuscenes,scene-0103_032,yaw,3.000000000,deg,34752,2821,8.117518416,8,319,227,71.159874608,2677,77.029516432,90.441442144
nuscenes,scene-0103_032,lateral,-0.100000000,m,34752,2844,8.183701657,8,319,317,99.373040752,2823,11.666223353,24.861097523
nuscenes,scene-0103_032,lateral,-0.050000000,m,34752,2840,8.172191529,8,319,318,99.686520376,2830,5.836084796,12.425365124
nuscenes,scene-0103_032,lateral,-0.020000000,m,34752,2842,8.177946593,8,319,319,100.000000000,2834,2.335107560,4.968974515
nuscenes,scene-0103_032,lateral,0.000000000,m,34752,2837,8.163558932,8,319,319,100.000000000,2837,0.000000000,0.000000000
nuscenes,scene-0103_032,lateral,0.020000000,m,34752,2842,8.177946593,8,319,319,100.000000000,2836,2.335448628,4.968657434
nuscenes,scene-0103_032,lateral,0.050000000,m,34752,2840,8.172191529,8,319,317,99.373040752,2830,5.830877809,12.415026769
nuscenes,scene-0103_032,lateral,0.100000000,m,34752,2840,8.172191529,8,319,316,99.059561129,2823,11.645715903,24.824299040
nuscenes,scene-0103_033,yaw,-3.000000000,deg,34784,2856,8.210671573,6,362,267,73.756906077,2700,77.044578351,90.727201304
nuscenes,scene-0103_033,yaw,-2.000000000,deg,34784,2855,8.207796688,6,362,311,85.911602210,2748,51.545257582,61.008629847
nuscenes,scene-0103_033,yaw,-1.000000000,deg,34784,2857,8.213546458,6,362,345,95.303867403,2802,25.878545198,30.813829456
nuscenes,scene-0103_033,yaw,-0.500000000,deg,34784,2854,8.204921803,6,362,357,98.618784530,2827,12.963974620,15.475796641
nuscenes,scene-0103_033,yaw,0.000000000,deg,34784,2853,8.202046918,6,362,362,100.000000000,2853,0.000000000,0.000000000
nuscenes,scene-0103_033,yaw,0.500000000,deg,34784,2846,8.181922723,6,362,357,98.618784530,2824,12.962636589,15.459513672
nuscenes,scene-0103_033,yaw,1.000000000,deg,34784,2850,8.193422263,6,362,348,96.132596685,2798,25.873966236,30.742337061
nuscenes,scene-0103_033,yaw,2.000000000,deg,34784,2844,8.176172953,6,362,321,88.674033149,2741,51.530207301,60.766447448
nuscenes,scene-0103_033,yaw,3.000000000,deg,34784,2840,8.164673413,6,362,281,77.624309392,2687,77.001166968,90.265284757
nuscenes,scene-0103_033,lateral,-0.100000000,m,34784,2854,8.204921803,6,362,358,98.895027624,2833,11.965662092,25.255709478
nuscenes,scene-0103_033,lateral,-0.050000000,m,34784,2853,8.202046918,6,362,360,99.447513812,2842,5.984979819,12.621273315
nuscenes,scene-0103_033,lateral,-0.020000000,m,34784,2849,8.190547378,6,362,361,99.723756906,2848,2.394435540,5.046805600
nuscenes,scene-0103_033,lateral,0.000000000,m,34784,2853,8.202046918,6,362,362,100.000000000,2853,0.000000000,0.000000000
nuscenes,scene-0103_033,lateral,0.020000000,m,34784,2853,8.202046918,6,362,360,99.447513812,2849,2.393270326,5.046896461
nuscenes,scene-0103_033,lateral,0.050000000,m,34784,2855,8.207796688,6,362,359,99.171270718,2845,5.981635060,12.621421071
nuscenes,scene-0103_033,lateral,0.100000000,m,34784,2849,8.190547378,6,362,357,98.618784530,2834,11.942679469,25.215326874
nuscenes,scene-0103_034,yaw,-3.000000000,deg,34688,2865,8.259340406,5,413,322,77.966101695,2689,77.135479173,90.412395514
nuscenes,scene-0103_034,yaw,-2.000000000,deg,34688,2858,8.239160517,5,413,361,87.409200969,2744,51.623949196,60.853809981
nuscenes,scene-0103_034,yaw,-1.000000000,deg,34688,2856,8.233394834,5,413,396,95.883777240,2797,25.913031461,30.734361792
nuscenes,scene-0103_034,yaw,-0.500000000,deg,34688,2848,8.210332103,5,413,409,99.031476998,2821,12.979610901,15.443147638
nuscenes,scene-0103_034,yaw,0.000000000,deg,34688,2844,8.198800738,5,413,412,99.757869249,2844,0.000000000,0.000000000
nuscenes,scene-0103_034,yaw,0.500000000,deg,34688,2836,8.175738007,5,413,403,97.578692494,2814,12.972570062,15.419513902
nuscenes,scene-0103_034,yaw,1.000000000,deg,34688,2836,8.175738007,5,413,394,95.399515738,2788,25.896353961,30.710269490
nuscenes,scene-0103_034,yaw,2.000000000,deg,34688,2830,8.158440959,5,413,364,88.135593220,2730,51.570378245,60.769465736
nuscenes,scene-0103_034,yaw,3.000000000,deg,34688,2824,8.141143911,5,413,323,78.208232446,2675,77.045451122,90.287426646
nuscenes,scene-0103_034,lateral,-0.100000000,m,34688,2848,8.210332103,5,413,407,98.547215496,2826,11.963255951,25.170365494
nuscenes,scene-0103_034,lateral,-0.050000000,m,34688,2847,8.207449262,5,413,411,99.515738499,2835,5.984555758,12.582094958
nuscenes,scene-0103_034,lateral,-0.020000000,m,34688,2848,8.210332103,5,413,413,100.000000000,2842,2.393834191,5.031919856
nuscenes,scene-0103_034,lateral,0.000000000,m,34688,2844,8.198800738,5,413,412,99.757869249,2844,0.000000000,0.000000000
nuscenes,scene-0103_034,lateral,0.020000000,m,34688,2840,8.187269373,5,413,412,99.757869249,2838,2.391974653,5.031397859
nuscenes,scene-0103_034,lateral,0.050000000,m,34688,2844,8.198800738,5,413,412,99.757869249,2836,5.975444741,12.565957367
nuscenes,scene-0103_034,lateral,0.100000000,m,34688,2844,8.198800738,5,413,409,99.031476998,2824,11.939058865,25.121035885
nuscenes,scene-0103_035,yaw,-3.000000000,deg,34720,2854,8.220046083,7,382,280,73.298429319,2673,77.218186109,90.563234654
nuscenes,scene-0103_035,yaw,-2.000000000,deg,34720,2840,8.179723502,7,382,321,84.031413613,2719,51.641281954,60.896707534
nuscenes,scene-0103_035,yaw,-1.000000000,deg,34720,2823,8.130760369,7,382,362,94.764397906,2761,25.902407835,30.790267224
nuscenes,scene-0103_035,yaw,-0.500000000,deg,34720,2810,8.093317972,7,382,372,97.382198953,2778,12.968281987,15.448253655
nuscenes,scene-0103_035,yaw,0.000000000,deg,34720,2809,8.090437788,7,382,381,99.738219895,2809,0.000000000,0.000000000
nuscenes,scene-0103_035,yaw,0.500000000,deg,34720,2795,8.050115207,7,382,369,96.596858639,2780,12.970685251,15.479664638
nuscenes,scene-0103_035,yaw,1.000000000,deg,34720,2785,8.021313364,7,382,353,92.408376963,2751,25.881522354,30.794392872
nuscenes,scene-0103_035,yaw,2.000000000,deg,34720,2781,8.009792627,7,382,306,80.104712042,2697,51.550694693,61.034318709
nuscenes,scene-0103_035,yaw,3.000000000,deg,34720,2776,7.995391705,7,382,243,63.612565445,2639,76.990215788,90.691307229
nuscenes,scene-0103_035,lateral,-0.100000000,m,34720,2806,8.081797235,7,382,374,97.905759162,2790,12.170898830,25.278456237
nuscenes,scene-0103_035,lateral,-0.050000000,m,34720,2807,8.084677419,7,382,378,98.952879581,2799,6.092416490,12.648410686
nuscenes,scene-0103_035,lateral,-0.020000000,m,34720,2806,8.081797235,7,382,381,99.738219895,2805,2.437530453,5.057899763
nuscenes,scene-0103_035,lateral,0.000000000,m,34720,2809,8.090437788,7,382,381,99.738219895,2809,0.000000000,0.000000000
nuscenes,scene-0103_035,lateral,0.020000000,m,34720,2806,8.081797235,7,382,378,98.952879581,2801,2.433789035,5.054032885
nuscenes,scene-0103_035,lateral,0.050000000,m,34720,2809,8.090437788,7,382,377,98.691099476,2798,6.082069116,12.637908332
nuscenes,scene-0103_035,lateral,0.100000000,m,34720,2807,8.084677419,7,382,373,97.643979058,2786,12.138533433,25.262475674
nuscenes,scene-0103_036,yaw,-3.000000000,deg,34752,2803,8.065722836,6,277,178,64.259927798,2633,76.968501641,90.179514337
nuscenes,scene-0103_036,yaw,-2.000000000,deg,34752,2798,8.051335175,6,277,215,77.617328520,2687,51.511085116,60.716987940
nuscenes,scene-0103_036,yaw,-1.000000000,deg,34752,2794,8.039825046,6,277,254,91.696750903,2743,25.861087431,30.657327201
nuscenes,scene-0103_036,yaw,-0.500000000,deg,34752,2794,8.039825046,6,277,269,97.111913357,2771,12.958306073,15.401252629
nuscenes,scene-0103_036,yaw,0.000000000,deg,34752,2795,8.042702578,6,277,277,100.000000000,2795,0.000000000,0.000000000
nuscenes,scene-0103_036,yaw,0.500000000,deg,34752,2804,8.068600368,6,277,273,98.555956679,2772,12.958082215,15.404335112
nuscenes,scene-0103_036,yaw,1.000000000,deg,34752,2795,8.042702578,6,277,263,94.945848375,2744,25.860987245,30.707407128
nuscenes,scene-0103_036,yaw,2.000000000,deg,34752,2795,8.042702578,6,277,239,86.281588448,2691,51.511936577,60.898132791
nuscenes,scene-0103_036,yaw,3.000000000,deg,34752,2786,8.016804788,6,277,208,75.090252708,2629,76.908584379,90.486503942
nuscenes,scene-0103_036,lateral,-0.100000000,m,34752,2810,8.085865562,6,277,276,99.638989170,2782,12.256816944,25.597667522
nuscenes,scene-0103_036,lateral,-0.050000000,m,34752,2804,8.068600368,6,277,276,99.638989170,2791,6.130538176,12.794727246
nuscenes,scene-0103_036,lateral,-0.020000000,m,34752,2803,8.065722836,6,277,276,99.638989170,2793,2.453179784,5.117737965
nuscenes,scene-0103_036,lateral,0.000000000,m,34752,2795,8.042702578,6,277,277,100.000000000,2795,0.000000000,0.000000000
nuscenes,scene-0103_036,lateral,0.020000000,m,34752,2795,8.042702578,6,277,276,99.638989170,2793,2.453825796,5.118185953
nuscenes,scene-0103_036,lateral,0.050000000,m,34752,2792,8.034069982,6,277,275,99.277978339,2785,6.128206100,12.790921739
nuscenes,scene-0103_036,lateral,0.100000000,m,34752,2789,8.025437385,6,277,270,97.472924188,2774,12.240304167,25.582368766
nuscenes,scene-0103_037,yaw,-3.000000000,deg,34720,2730,7.862903226,5,331,233,70.392749245,2563,77.085677116,90.514043663
nuscenes,scene-0103_037,yaw,-2.000000000,deg,34720,2729,7.860023041,5,331,273,82.477341390,2618,51.586084209,60.893431042
nuscenes,scene-0103_037,yaw,-1.000000000,deg,34720,2722,7.839861751,5,331,308,93.051359517,2668,25.886711753,30.742014156
nuscenes,scene-0103_037,yaw,-0.500000000,deg,34720,2718,7.828341014,5,331,321,96.978851964,2691,12.964688158,15.430094407
nuscenes,scene-0103_037,yaw,0.000000000,deg,34720,2721,7.836981567,5,331,330,99.697885196,2721,0.000000000,0.000000000
nuscenes,scene-0103_037,yaw,0.500000000,deg,34720,2714,7.816820276,5,331,324,97.885196375,2693,12.964458500,15.457531758
nuscenes,scene-0103_037,yaw,1.000000000,deg,34720,2712,7.811059908,5,331,313,94.561933535,2665,25.866967626,30.756505875
nuscenes,scene-0103_037,yaw,2.000000000,deg,34720,2707,7.796658986,5,331,286,86.404833837,2611,51.502884888,60.908194382
nuscenes,scene-0103_037,yaw,3.000000000,deg,34720,2709,7.802419355,5,331,255,77.039274924,2562,76.950326624,90.523150280
nuscenes,scene-0103_037,lateral,-0.100000000,m,34720,2720,7.834101382,5,331,325,98.187311178,2701,12.374062303,25.531919922
nuscenes,scene-0103_037,lateral,-0.050000000,m,34720,2723,7.842741935,5,331,329,99.395770393,2714,6.190119286,12.771916909
nuscenes,scene-0103_037,lateral,-0.020000000,m,34720,2719,7.831221198,5,331,331,100.000000000,2717,2.476709546,5.108314987
nuscenes,scene-0103_037,lateral,0.000000000,m,34720,2721,7.836981567,5,331,330,99.697885196,2721,0.000000000,0.000000000
nuscenes,scene-0103_037,lateral,0.020000000,m,34720,2718,7.828341014,5,331,327,98.791540785,2714,2.474881936,5.106281211
nuscenes,scene-0103_037,lateral,0.050000000,m,34720,2717,7.825460829,5,331,326,98.489425982,2710,6.183872320,12.767632559
nuscenes,scene-0103_037,lateral,0.100000000,m,34720,2716,7.822580645,5,331,321,96.978851964,2699,12.348432185,25.533042745
nuscenes,scene-0103_038,yaw,-3.000000000,deg,34752,2724,7.838397790,7,389,292,75.064267352,2580,76.725525009,91.079634755
nuscenes,scene-0103_038,yaw,-2.000000000,deg,34752,2732,7.861418048,7,389,336,86.375321337,2627,51.305154109,61.326436529
nuscenes,scene-0103_038,yaw,-1.000000000,deg,34752,2729,7.852785451,7,389,368,94.601542416,2675,25.736887959,30.938881035
nuscenes,scene-0103_038,yaw,-0.500000000,deg,34752,2731,7.858540516,7,389,382,98.200514139,2703,12.893111343,15.538509069
nuscenes,scene-0103_038,yaw,0.000000000,deg,34752,2734,7.867173112,7,389,388,99.742930591,2734,0.000000000,0.000000000
nuscenes,scene-0103_038,yaw,0.500000000,deg,34752,2738,7.878683241,7,389,379,97.429305913,2709,12.890538109,15.540437415
nuscenes,scene-0103_038,yaw,1.000000000,deg,34752,2735,7.870050645,7,389,357,91.773778920,2676,25.695354311,30.856964995
nuscenes,scene-0103_038,yaw,2.000000000,deg,34752,2743,7.893070902,7,389,311,79.948586118,2625,51.132753981,60.941007000
nuscenes,scene-0103_038,yaw,3.000000000,deg,34752,2753,7.921846225,7,389,259,66.580976864,2582,76.370825035,90.632811818
nuscenes,scene-0103_038,lateral,-0.100000000,m,34752,2737,7.875805709,7,389,370,95.115681234,2711,13.151277829,27.027029831
nuscenes,scene-0103_038,lateral,-0.050000000,m,34752,2734,7.867173112,7,389,380,97.686375321,2723,6.603190249,13.529201081
nuscenes,scene-0103_038,lateral,-0.020000000,m,34752,2734,7.867173112,7,389,386,99.228791774,2730,2.648114981,5.418993052
nuscenes,scene-0103_038,lateral,0.000000000,m,34752,2734,7.867173112,7,389,388,99.742930591,2734,0.000000000,0.000000000
nuscenes,scene-0103_038,lateral,0.020000000,m,34752,2733,7.864295580,7,389,387,99.485861183,2728,2.646991658,5.421081855
nuscenes,scene-0103_038,lateral,0.050000000,m,34752,2737,7.875805709,7,389,386,99.228791774,2723,6.619372348,13.554573860
nuscenes,scene-0103_038,lateral,0.100000000,m,34752,2736,7.872928177,7,389,383,98.457583548,2709,13.214887038,27.102864183
nuscenes,scene-0103_039,yaw,-3.000000000,deg,34720,2704,7.788018433,5,265,201,75.849056604,2541,76.647320782,89.860007840
nuscenes,scene-0103_039,yaw,-2.000000000,deg,34720,2705,7.790898618,5,265,231,87.169811321,2591,51.267043603,60.455426851
nuscenes,scene-0103_039,yaw,-1.000000000,deg,34720,2703,7.785138249,5,265,257,96.981132075,2647,25.732143499,30.510645758
nuscenes,scene-0103_039,yaw,-0.500000000,deg,34720,2687,7.739055300,5,265,263,99.245283019,2664,12.880790680,15.295889825
nuscenes,scene-0103_039,yaw,0.000000000,deg,34720,2695,7.762096774,5,265,265,100.000000000,2695,0.000000000,0.000000000
nuscenes,scene-0103_039,yaw,0.500000000,deg,34720,2702,7.782258065,5,265,263,99.245283019,2676,12.887277240,15.332553597
nuscenes,scene-0103_039,yaw,1.000000000,deg,34720,2718,7.828341014,5,265,257,96.981132075,2656,25.726525550,30.507061244
nuscenes,scene-0103_039,yaw,2.000000000,deg,34720,2741,7.894585253,5,265,237,89.433962264,2619,51.281799713,60.474152856
nuscenes,scene-0103_039,yaw,3.000000000,deg,34720,2753,7.929147465,5,265,208,78.490566038,2578,76.653673043,89.821473640
nuscenes,scene-0103_039,lateral,-0.100000000,m,34720,2702,7.782258065,5,265,263,99.245283019,2680,12.176262744,25.673717087
nuscenes,scene-0103_039,lateral,-0.050000000,m,34720,2698,7.770737327,5,265,265,100.000000000,2687,6.095226544,12.850666978
nuscenes,scene-0103_039,lateral,-0.020000000,m,34720,2692,7.753456221,5,265,265,100.000000000,2690,2.438162210,5.139460183
nuscenes,scene-0103_039,lateral,0.000000000,m,34720,2695,7.762096774,5,265,265,100.000000000,2695,0.000000000,0.000000000
nuscenes,scene-0103_039,lateral,0.020000000,m,34720,2691,7.750576037,5,265,265,100.000000000,2690,2.436917973,5.125580528
nuscenes,scene-0103_039,lateral,0.050000000,m,34720,2690,7.747695853,5,265,265,100.000000000,2684,6.091475346,12.831680979
nuscenes,scene-0103_039,lateral,0.100000000,m,34720,2685,7.733294931,5,265,265,100.000000000,2670,12.168120630,25.554140135
nuscenes,scene-1094_000,yaw,-3.000000000,deg,34400,3492,10.151162791,4,573,504,87.958115183,3360,77.484565482,90.746897673
nuscenes,scene-1094_000,yaw,-2.000000000,deg,34400,3515,10.218023256,4,573,550,95.986038394,3422,51.818950352,60.970384611
nuscenes,scene-1094_000,yaw,-1.000000000,deg,34400,3534,10.273255814,4,573,572,99.825479930,3486,25.997972911,30.760842241
nuscenes,scene-1094_000,yaw,-0.500000000,deg,34400,3545,10.305232558,4,573,573,100.000000000,3521,13.023402291,15.456162651
nuscenes,scene-1094_000,yaw,0.000000000,deg,34400,3549,10.316860465,4,573,573,100.000000000,3549,0.000000000,0.000000000
nuscenes,scene-1094_000,yaw,0.500000000,deg,34400,3559,10.345930233,4,573,570,99.476439791,3528,13.024055419,15.467408776
nuscenes,scene-1094_000,yaw,1.000000000,deg,34400,3570,10.377906977,4,573,558,97.382198953,3511,26.017582824,30.896763624
nuscenes,scene-1094_000,yaw,2.000000000,deg,34400,3587,10.427325581,4,573,517,90.226876091,3468,51.887559061,61.566104864
nuscenes,scene-1094_000,yaw,3.000000000,deg,34400,3598,10.459302326,4,573,484,84.467713787,3421,77.612323646,91.894859735
nuscenes,scene-1094_000,lateral,-0.100000000,m,34400,3548,10.313953488,4,573,569,99.301919721,3534,10.315475346,24.210301562
nuscenes,scene-1094_000,lateral,-0.050000000,m,34400,3550,10.319767442,4,573,572,99.825479930,3542,5.166648160,12.133948911
nuscenes,scene-1094_000,lateral,-0.020000000,m,34400,3547,10.311046512,4,573,573,100.000000000,3546,2.069885692,4.858303640
nuscenes,scene-1094_000,lateral,0.000000000,m,34400,3549,10.316860465,4,573,573,100.000000000,3549,0.000000000,0.000000000
nuscenes,scene-1094_000,lateral,0.020000000,m,34400,3550,10.319767442,4,573,573,100.000000000,3546,2.070375498,4.859837969
nuscenes,scene-1094_000,lateral,0.050000000,m,34400,3552,10.325581395,4,573,573,100.000000000,3544,5.174382396,12.149955114
nuscenes,scene-1094_000,lateral,0.100000000,m,34400,3557,10.340116279,4,573,573,100.000000000,3539,10.341938175,24.301520165
nuscenes,scene-1094_001,yaw,-3.000000000,deg,34688,3498,10.084178967,5,560,467,83.392857143,3367,77.508598248,91.419507578
nuscenes,scene-1094_001,yaw,-2.000000000,deg,34688,3521,10.150484317,5,560,520,92.857142857,3430,51.838403273,61.503347060
nuscenes,scene-1094_001,yaw,-1.000000000,deg,34688,3542,10.211023985,5,560,556,99.285714286,3494,26.008120940,31.025618049
nuscenes,scene-1094_001,yaw,-0.500000000,deg,34688,3552,10.239852399,5,560,560,100.000000000,3526,13.027833480,15.576366984
nuscenes,scene-1094_001,yaw,0.000000000,deg,34688,3555,10.248500923,5,560,560,100.000000000,3555,0.000000000,0.000000000
nuscenes,scene-1094_001,yaw,0.500000000,deg,34688,3562,10.268680812,5,560,558,99.642857143,3530,13.026822545,15.611759962
nuscenes,scene-1094_001,yaw,1.000000000,deg,34688,3560,10.262915129,5,560,553,98.750000000,3497,25.993725709,31.085969070
nuscenes,scene-1094_001,yaw,2.000000000,deg,34688,3567,10.283095018,5,560,516,92.142857143,3441,51.790780561,61.725662762
nuscenes,scene-1094_001,yaw,3.000000000,deg,34688,3571,10.294626384,5,560,458,81.785714286,3387,77.410703675,91.755607761
nuscenes,scene-1094_001,lateral,-0.100000000,m,34688,3559,10.260032288,5,560,558,99.642857143,3541,10.217857872,24.206766848
nuscenes,scene-1094_001,lateral,-0.050000000,m,34688,3558,10.257149446,5,560,559,99.821428571,3548,5.116866347,12.111399540
nuscenes,scene-1094_001,lateral,-0.020000000,m,34688,3561,10.265797970,5,560,560,100.000000000,3554,2.049731593,4.846801465
nuscenes,scene-1094_001,lateral,0.000000000,m,34688,3555,10.248500923,5,560,560,100.000000000,3555,0.000000000,0.000000000
nuscenes,scene-1094_001,lateral,0.020000000,m,34688,3556,10.251383764,5,560,560,100.000000000,3552,2.051312764,4.849979401
nuscenes,scene-1094_001,lateral,0.050000000,m,34688,3555,10.248500923,5,560,560,100.000000000,3546,5.119723407,12.115424918
nuscenes,scene-1094_001,lateral,0.100000000,m,34688,3552,10.239852399,5,560,560,100.000000000,3538,10.238399671,24.234461187
nuscenes,scene-1094_002,yaw,-3.000000000,deg,34720,3503,10.089285714,6,538,437,81.226765799,3366,77.327747154,91.105784320
nuscenes,scene-1094_002,yaw,-2.000000000,deg,34720,3527,10.158410138,6,538,488,90.706319703,3430,51.721577395,61.287405968
nuscenes,scene-1094_002,yaw,-1.000000000,deg,34720,3544,10.207373272,6,538,529,98.327137546,3493,25.948555947,30.900364622
nuscenes,scene-1094_002,yaw,-0.500000000,deg,34720,3544,10.207373272,6,538,535,99.442379182,3518,12.992328822,15.522576820
nuscenes,scene-1094_002,yaw,0.000000000,deg,34720,3551,10.227534562,6,538,538,100.000000000,3551,0.000000000,0.000000000
nuscenes,scene-1094_002,yaw,0.500000000,deg,34720,3556,10.241935484,6,538,537,99.814126394,3529,12.997001383,15.578438974
nuscenes,scene-1094_002,yaw,1.000000000,deg,34720,3551,10.227534562,6,538,530,98.513011152,3501,25.944257648,31.071296292
nuscenes,scene-1094_002,yaw,2.000000000,deg,34720,3544,10.207373272,6,538,495,92.007434944,3449,51.708899745,61.946890384
nuscenes,scene-1094_002,yaw,3.000000000,deg,34720,3542,10.201612903,6,538,450,83.643122677,3400,77.329494777,92.337190491
nuscenes,scene-1094_002,lateral,-0.100000000,m,34720,3548,10.218894009,6,538,537,99.814126394,3540,9.945832698,23.745557927
nuscenes,scene-1094_002,lateral,-0.050000000,m,34720,3548,10.218894009,6,538,538,100.000000000,3545,4.980126102,11.888000909
nuscenes,scene-1094_002,lateral,-0.020000000,m,34720,3550,10.224654378,6,538,538,100.000000000,3550,1.995427771,4.759052825
nuscenes,scene-1094_002,lateral,0.000000000,m,34720,3551,10.227534562,6,538,538,100.000000000,3551,0.000000000,0.000000000
nuscenes,scene-1094_002,lateral,0.020000000,m,34720,3552,10.230414747,6,538,538,100.000000000,3547,1.994875546,4.759664388
nuscenes,scene-1094_002,lateral,0.050000000,m,34720,3552,10.230414747,6,538,538,100.000000000,3544,4.983304947,11.893259937
nuscenes,scene-1094_002,lateral,0.100000000,m,34720,3553,10.233294931,6,538,537,99.814126394,3537,9.951016118,23.771270572
nuscenes,scene-1094_003,yaw,-3.000000000,deg,34688,3543,10.213906827,6,524,434,82.824427481,3413,77.242727294,91.502875261
nuscenes,scene-1094_003,yaw,-2.000000000,deg,34688,3559,10.260032288,6,524,481,91.793893130,3473,51.654996433,61.518630378
nuscenes,scene-1094_003,yaw,-1.000000000,deg,34688,3566,10.280212177,6,524,512,97.709923664,3526,25.901507126,31.005716025
nuscenes,scene-1094_003,yaw,-0.500000000,deg,34688,3570,10.291743542,6,524,518,98.854961832,3550,12.968912068,15.571937331
nuscenes,scene-1094_003,yaw,0.000000000,deg,34688,3581,10.323454797,6,524,524,100.000000000,3581,0.000000000,0.000000000
nuscenes,scene-1094_003,yaw,0.500000000,deg,34688,3583,10.329220480,6,524,522,99.618320611,3559,12.973788616,15.621555994
nuscenes,scene-1094_003,yaw,1.000000000,deg,34688,3587,10.340751845,6,524,512,97.709923664,3532,25.903027515,31.192244067
nuscenes,scene-1094_003,yaw,2.000000000,deg,34688,3589,10.346517528,6,524,472,90.076335878,3483,51.647745148,61.861373717
nuscenes,scene-1094_003,yaw,3.000000000,deg,34688,3576,10.309040590,6,524,436,83.206106870,3422,77.186502648,92.209808353
nuscenes,scene-1094_003,lateral,-0.100000000,m,34688,3579,10.317689114,6,524,523,99.809160305,3567,9.810196876,23.442841125
nuscenes,scene-1094_003,lateral,-0.050000000,m,34688,3579,10.317689114,6,524,524,100.000000000,3574,4.913802913,11.733860773
nuscenes,scene-1094_003,lateral,-0.020000000,m,34688,3581,10.323454797,6,524,524,100.000000000,3578,1.968085351,4.696099521
nuscenes,scene-1094_003,lateral,0.000000000,m,34688,3581,10.323454797,6,524,524,100.000000000,3581,0.000000000,0.000000000
nuscenes,scene-1094_003,lateral,0.020000000,m,34688,3580,10.320571956,6,524,522,99.618320611,3577,1.966568842,4.697909634
nuscenes,scene-1094_003,lateral,0.050000000,m,34688,3578,10.314806273,6,524,521,99.427480916,3573,4.917532949,11.745699706
nuscenes,scene-1094_003,lateral,0.100000000,m,34688,3572,10.297509225,6,524,518,98.854961832,3561,9.820354723,23.489507751
nuscenes,scene-1094_004,yaw,-3.000000000,deg,34720,3561,10.256336406,5,510,427,83.725490196,3427,77.215650331,92.131087878
nuscenes,scene-1094_004,yaw,-2.000000000,deg,34720,3579,10.308179724,5,510,471,92.352941176,3488,51.642322823,61.827449382
nuscenes,scene-1094_004,yaw,-1.000000000,deg,34720,3592,10.345622120,5,510,500,98.039215686,3543,25.899601927,31.193499326
nuscenes,scene-1094_004,yaw,-0.500000000,deg,34720,3588,10.334101382,5,510,504,98.823529412,3565,12.966834152,15.688589458
nuscenes,scene-1094_004,yaw,0.000000000,deg,34720,3602,10.374423963,5,510,510,100.000000000,3602,0.000000000,0.000000000
nuscenes,scene-1094_004,yaw,0.500000000,deg,34720,3599,10.365783410,5,510,506,99.215686275,3576,12.972232292,15.727492881
nuscenes,scene-1094_004,yaw,1.000000000,deg,34720,3593,10.348502304,5,510,491,96.274509804,3541,25.882422330,31.303183016
nuscenes,scene-1094_004,yaw,2.000000000,deg,34720,3558,10.247695853,5,510,467,91.568627451,3459,51.456863865,61.735776393
nuscenes,scene-1094_004,yaw,3.000000000,deg,34720,3531,10.169930876,5,510,439,86.078431373,3381,76.767146332,91.532261519
nuscenes,scene-1094_004,lateral,-0.100000000,m,34720,3599,10.365783410,5,510,507,99.411764706,3587,9.746669733,23.460287859
nuscenes,scene-1094_004,lateral,-0.050000000,m,34720,3601,10.371543779,5,510,507,99.411764706,3594,4.884711173,11.741532879
nuscenes,scene-1094_004,lateral,-0.020000000,m,34720,3600,10.368663594,5,510,510,100.000000000,3597,1.956101477,4.699102185
nuscenes,scene-1094_004,lateral,0.000000000,m,34720,3602,10.374423963,5,510,510,100.000000000,3602,0.000000000,0.000000000
nuscenes,scene-1094_004,lateral,0.020000000,m,34720,3598,10.362903226,5,510,508,99.607843137,3597,1.956304774,4.702359993
nuscenes,scene-1094_004,lateral,0.050000000,m,34720,3595,10.354262673,5,510,508,99.607843137,3588,4.889431406,11.745264188
nuscenes,scene-1094_004,lateral,0.100000000,m,34720,3594,10.351382488,5,510,505,99.019607843,3581,9.767112199,23.494225502
nuscenes,scene-1094_005,yaw,-3.000000000,deg,34752,3553,10.223872007,5,548,464,84.671532847,3358,76.656370628,91.335857273
nuscenes,scene-1094_005,yaw,-2.000000000,deg,34752,3548,10.209484346,5,548,513,93.613138686,3424,51.277650572,61.468460277
nuscenes,scene-1094_005,yaw,-1.000000000,deg,34752,3543,10.195096685,5,548,546,99.635036496,3489,25.728181564,30.977785410
nuscenes,scene-1094_005,yaw,-0.500000000,deg,34752,3550,10.215239411,5,548,548,100.000000000,3523,12.888257769,15.548763039
nuscenes,scene-1094_005,yaw,0.000000000,deg,34752,3548,10.209484346,5,548,548,100.000000000,3548,0.000000000,0.000000000
nuscenes,scene-1094_005,yaw,0.500000000,deg,34752,3550,10.215239411,5,548,541,98.722627737,3521,12.877145250,15.463010849
nuscenes,scene-1094_005,yaw,1.000000000,deg,34752,3550,10.215239411,5,548,526,95.985401460,3495,25.700122046,30.628388281
nuscenes,scene-1094_005,yaw,2.000000000,deg,34752,3554,10.226749540,5,548,487,88.868613139,3448,51.201209815,60.402834940
nuscenes,scene-1094_005,yaw,3.000000000,deg,34752,3569,10.269912523,5,548,451,82.299270073,3406,76.559321047,89.694642049
nuscenes,scene-1094_005,lateral,-0.100000000,m,34752,3543,10.195096685,5,548,540,98.540145985,3526,9.257465314,22.575199152
nuscenes,scene-1094_005,lateral,-0.050000000,m,34752,3550,10.215239411,5,548,546,99.635036496,3538,4.651007801,11.349316383
nuscenes,scene-1094_005,lateral,-0.020000000,m,34752,3545,10.200851750,5,548,546,99.635036496,3542,1.863619015,4.542488753
nuscenes,scene-1094_005,lateral,0.000000000,m,34752,3548,10.209484346,5,548,548,100.000000000,3548,0.000000000,0.000000000
nuscenes,scene-1094_005,lateral,0.020000000,m,34752,3551,10.218116943,5,548,548,100.000000000,3546,1.867070608,4.559631781
nuscenes,scene-1094_005,lateral,0.050000000,m,34752,3549,10.212361878,5,548,548,100.000000000,3541,4.665517890,11.392792008
nuscenes,scene-1094_005,lateral,0.100000000,m,34752,3558,10.238259669,5,548,548,100.000000000,3538,9.322933568,22.789002772
nuscenes,scene-1094_006,yaw,-3.000000000,deg,34688,3540,10.205258303,5,550,483,87.818181818,3406,76.613868270,89.637038181
nuscenes,scene-1094_006,yaw,-2.000000000,deg,34688,3554,10.245618081,5,550,526,95.636363636,3473,51.253122988,60.270963134
nuscenes,scene-1094_006,yaw,-1.000000000,deg,34688,3576,10.309040590,5,550,545,99.090909091,3538,25.719051031,30.410994887
nuscenes,scene-1094_006,yaw,-0.500000000,deg,34688,3588,10.343634686,5,550,549,99.818181818,3571,12.882661775,15.289557548
nuscenes,scene-1094_006,yaw,0.000000000,deg,34688,3602,10.383994465,5,550,550,100.000000000,3602,0.000000000,0.000000000
nuscenes,scene-1094_006,yaw,0.500000000,deg,34688,3617,10.427237085,5,550,547,99.454545455,3584,12.889689544,15.311951683
nuscenes,scene-1094_006,yaw,1.000000000,deg,34688,3629,10.461831181,5,550,538,97.818181818,3566,25.748919276,30.538168242
nuscenes,scene-1094_006,yaw,2.000000000,deg,34688,3637,10.484893911,5,550,512,93.090909091,3515,51.339116944,60.578995790
nuscenes,scene-1094_006,yaw,3.000000000,deg,34688,3631,10.467596863,5,550,476,86.545454545,3456,76.739846985,90.071704094
nuscenes,scene-1094_006,lateral,-0.100000000,m,34688,3609,10.404174354,5,550,548,99.636363636,3590,8.951414526,21.722662764
nuscenes,scene-1094_006,lateral,-0.050000000,m,34688,3608,10.401291513,5,550,550,100.000000000,3596,4.484102195,10.863352881
nuscenes,scene-1094_006,lateral,-0.020000000,m,34688,3601,10.381111624,5,550,550,100.000000000,3599,1.795268219,4.345485731
nuscenes,scene-1094_006,lateral,0.000000000,m,34688,3602,10.383994465,5,550,550,100.000000000,3602,0.000000000,0.000000000
nuscenes,scene-1094_006,lateral,0.020000000,m,34688,3600,10.378228782,5,550,550,100.000000000,3600,1.795915928,4.345575524
nuscenes,scene-1094_006,lateral,0.050000000,m,34688,3600,10.378228782,5,550,550,100.000000000,3594,4.487209544,10.864072378
nuscenes,scene-1094_006,lateral,0.100000000,m,34688,3598,10.372463100,5,550,550,100.000000000,3587,8.970060919,21.728508730
nuscenes,scene-1094_007,yaw,-3.000000000,deg,34720,3643,10.492511521,3,572,520,90.909090909,3479,76.827643004,90.180413026
nuscenes,scene-1094_007,yaw,-2.000000000,deg,34720,3660,10.541474654,3,572,551,96.328671329,3544,51.393299142,60.663367981
nuscenes,scene-1094_007,yaw,-1.000000000,deg,34720,3669,10.567396313,3,572,571,99.825174825,3611,25.790867211,30.622316177
nuscenes,scene-1094_007,yaw,-0.500000000,deg,34720,3671,10.573156682,3,572,572,100.000000000,3643,12.918432019,15.385829455
nuscenes,scene-1094_007,yaw,0.000000000,deg,34720,3678,10.593317972,3,572,572,100.000000000,3678,0.000000000,0.000000000
nuscenes,scene-1094_007,yaw,0.500000000,deg,34720,3676,10.587557604,3,572,566,98.951048951,3646,12.919115673,15.396058580
nuscenes,scene-1094_007,yaw,1.000000000,deg,34720,3678,10.593317972,3,572,551,96.328671329,3612,25.782767105,30.587507249
nuscenes,scene-1094_007,yaw,2.000000000,deg,34720,3681,10.601958525,3,572,518,90.559440559,3551,51.375071549,60.570960490
nuscenes,scene-1094_007,yaw,3.000000000,deg,34720,3682,10.604838710,3,572,486,84.965034965,3492,76.799841528,90.008221165
nuscenes,scene-1094_007,lateral,-0.100000000,m,34720,3678,10.593317972,3,572,568,99.300699301,3663,9.501345536,22.367239694
nuscenes,scene-1094_007,lateral,-0.050000000,m,34720,3682,10.604838710,3,572,571,99.825174825,3673,4.753733840,11.186238562
nuscenes,scene-1094_007,lateral,-0.020000000,m,34720,3678,10.593317972,3,572,571,99.825174825,3675,1.902563745,4.476108634
nuscenes,scene-1094_007,lateral,0.000000000,m,34720,3678,10.593317972,3,572,572,100.000000000,3678,0.000000000,0.000000000
nuscenes,scene-1094_007,lateral,0.020000000,m,34720,3676,10.587557604,3,572,572,100.000000000,3674,1.903431104,4.474634541
nuscenes,scene-1094_007,lateral,0.050000000,m,34720,3673,10.578917051,3,572,572,100.000000000,3666,4.754256749,11.182931334
nuscenes,scene-1094_007,lateral,0.100000000,m,34720,3671,10.573156682,3,572,572,100.000000000,3658,9.501879951,22.345219765
nuscenes,scene-1094_008,yaw,-3.000000000,deg,34752,3647,10.494360037,5,612,570,93.137254902,3458,77.012393766,90.843124179
nuscenes,scene-1094_008,yaw,-2.000000000,deg,34752,3647,10.494360037,5,612,604,98.692810458,3518,51.507569073,61.124258695
nuscenes,scene-1094_008,yaw,-1.000000000,deg,34752,3648,10.497237569,5,612,612,100.000000000,3583,25.847732568,30.854803349
nuscenes,scene-1094_008,yaw,-0.500000000,deg,34752,3647,10.494360037,5,612,612,100.000000000,3614,12.947111528,15.499318695
nuscenes,scene-1094_008,yaw,0.000000000,deg,34752,3646,10.491482505,5,612,612,100.000000000,3646,0.000000000,0.000000000
nuscenes,scene-1094_008,yaw,0.500000000,deg,34752,3650,10.502992634,5,612,606,99.019607843,3616,12.946386185,15.521325275
nuscenes,scene-1094_008,yaw,1.000000000,deg,34752,3652,10.508747698,5,612,594,97.058823529,3586,25.845795402,30.938974507
nuscenes,scene-1094_008,yaw,2.000000000,deg,34752,3647,10.494360037,5,612,556,90.849673203,3516,51.466979464,61.404699184
nuscenes,scene-1094_008,yaw,3.000000000,deg,34752,3653,10.511625230,5,612,509,83.169934641,3459,76.937655849,91.513112281
nuscenes,scene-1094_008,lateral,-0.100000000,m,34752,3650,10.502992634,5,612,609,99.509803922,3631,10.026432215,23.166108192
nuscenes,scene-1094_008,lateral,-0.050000000,m,34752,3649,10.500115101,5,612,610,99.673202614,3639,5.016903587,11.583990257
nuscenes,scene-1094_008,lateral,-0.020000000,m,34752,3649,10.500115101,5,612,611,99.836601307,3643,2.007124285,4.633617519
nuscenes,scene-1094_008,lateral,0.000000000,m,34752,3646,10.491482505,5,612,612,100.000000000,3646,0.000000000,0.000000000
nuscenes,scene-1094_008,lateral,0.020000000,m,34752,3650,10.502992634,5,612,612,100.000000000,3646,2.008439483,4.634022004
nuscenes,scene-1094_008,lateral,0.050000000,m,34752,3648,10.497237569,5,612,612,100.000000000,3639,5.016014508,11.584755234
nuscenes,scene-1094_008,lateral,0.100000000,m,34752,3649,10.500115101,5,612,612,100.000000000,3632,10.032949726,23.169072782
nuscenes,scene-1094_009,yaw,-3.000000000,deg,34720,3607,10.388824885,4,421,361,85.748218527,3432,77.000282593,91.274179599
nuscenes,scene-1094_009,yaw,-2.000000000,deg,34720,3615,10.411866359,4,421,392,93.111638955,3497,51.507308506,61.411504856
nuscenes,scene-1094_009,yaw,-1.000000000,deg,34720,3618,10.420506912,4,421,416,98.812351544,3558,25.839315512,30.980483605
nuscenes,scene-1094_009,yaw,-0.500000000,deg,34720,3617,10.417626728,4,421,421,100.000000000,3591,12.944439276,15.564611984
nuscenes,scene-1094_009,yaw,0.000000000,deg,34720,3620,10.426267281,4,421,421,100.000000000,3620,0.000000000,0.000000000
nuscenes,scene-1094_009,yaw,0.500000000,deg,34720,3624,10.437788018,4,421,409,97.149643705,3591,12.939553766,15.565093734
nuscenes,scene-1094_009,yaw,1.000000000,deg,34720,3633,10.463709677,4,421,398,94.536817102,3569,25.841146916,31.030405476
nuscenes,scene-1094_009,yaw,2.000000000,deg,34720,3636,10.472350230,4,421,356,84.560570071,3507,51.463376104,61.488753145
nuscenes,scene-1094_009,yaw,3.000000000,deg,34720,3641,10.486751152,4,421,302,71.733966746,3446,76.878926212,91.359415764
nuscenes,scene-1094_009,lateral,-0.100000000,m,34720,3622,10.432027650,4,421,409,97.149643705,3604,10.164825632,23.927227809
nuscenes,scene-1094_009,lateral,-0.050000000,m,34720,3620,10.426267281,4,421,412,97.862232779,3610,5.085162478,11.979251957
nuscenes,scene-1094_009,lateral,-0.020000000,m,34720,3617,10.417626728,4,421,415,98.574821853,3613,2.036184607,4.796015693
nuscenes,scene-1094_009,lateral,0.000000000,m,34720,3620,10.426267281,4,421,421,100.000000000,3620,0.000000000,0.000000000
nuscenes,scene-1094_009,lateral,0.020000000,m,34720,3621,10.429147465,4,421,421,100.000000000,3619,2.040585965,4.799324465
nuscenes,scene-1094_009,lateral,0.050000000,m,34720,3620,10.426267281,4,421,421,100.000000000,3609,5.094967334,11.997203794
nuscenes,scene-1094_009,lateral,0.100000000,m,34720,3626,10.443548387,4,421,421,100.000000000,3605,10.179844879,23.990719993
nuscenes,scene-1094_010,yaw,-3.000000000,deg,34688,3550,10.234086716,6,332,258,77.710843373,3399,77.075998534,91.318288659
nuscenes,scene-1094_010,yaw,-2.000000000,deg,34688,3565,10.277329336,6,332,292,87.951807229,3463,51.565741960,61.427911586
nuscenes,scene-1094_010,yaw,-1.000000000,deg,34688,3581,10.323454797,6,332,320,96.385542169,3530,25.879068970,31.003890025
nuscenes,scene-1094_010,yaw,-0.500000000,deg,34688,3584,10.332103321,6,332,328,98.795180723,3560,12.962378244,15.573970482
nuscenes,scene-1094_010,yaw,0.000000000,deg,34688,3592,10.355166052,6,332,332,100.000000000,3592,0.000000000,0.000000000
nuscenes,scene-1094_010,yaw,0.500000000,deg,34688,3594,10.360931734,6,332,320,96.385542169,3562,12.959358576,15.560798911
nuscenes,scene-1094_010,yaw,1.000000000,deg,34688,3600,10.378228782,6,332,308,92.771084337,3537,25.872752266,30.962313817
nuscenes,scene-1094_010,yaw,2.000000000,deg,34688,3609,10.404174354,6,332,267,80.421686747,3482,51.552581235,61.138952763
nuscenes,scene-1094_010,yaw,3.000000000,deg,34688,3618,10.430119926,6,332,215,64.759036145,3428,77.062609255,90.669528234
nuscenes,scene-1094_010,lateral,-0.100000000,m,34688,3589,10.346517528,6,332,317,95.481927711,3569,10.424898232,24.698846790
nuscenes,scene-1094_010,lateral,-0.050000000,m,34688,3590,10.349400369,6,332,325,97.891566265,3581,5.226714544,12.353818780
nuscenes,scene-1094_010,lateral,-0.020000000,m,34688,3589,10.346517528,6,332,328,98.795180723,3587,2.093762756,4.942929192
nuscenes,scene-1094_010,lateral,0.000000000,m,34688,3592,10.355166052,6,332,332,100.000000000,3592,0.000000000,0.000000000
nuscenes,scene-1094_010,lateral,0.020000000,m,34688,3592,10.355166052,6,332,332,100.000000000,3587,2.093785379,4.940030100
nuscenes,scene-1094_010,lateral,0.050000000,m,34688,3592,10.355166052,6,332,332,100.000000000,3583,5.234158529,12.341080483
nuscenes,scene-1094_010,lateral,0.100000000,m,34688,3594,10.360931734,6,332,331,99.698795181,3574,10.456442411,24.672782875
nuscenes,scene-1094_011,yaw,-3.000000000,deg,34688,3478,10.026522140,5,307,271,88.273615635,3371,76.943239849,90.647967072
nuscenes,scene-1094_011,yaw,-2.000000000,deg,34688,3504,10.101476015,5,307,293,95.439739414,3435,51.475138375,60.895734605
nuscenes,scene-1094_011,yaw,-1.000000000,deg,34688,3530,10.176429889,5,307,307,100.000000000,3494,25.824724298,30.743661215
nuscenes,scene-1094_011,yaw,-0.500000000,deg,34688,3543,10.213906827,5,307,307,100.000000000,3527,12.937987056,15.457920039
nuscenes,scene-1094_011,yaw,0.000000000,deg,34688,3559,10.260032288,5,307,307,100.000000000,3559,0.000000000,0.000000000
nuscenes,scene-1094_011,yaw,0.500000000,deg,34688,3567,10.283095018,5,307,303,98.697068404,3536,12.939503815,15.439409420
nuscenes,scene-1094_011,yaw,1.000000000,deg,34688,3579,10.317689114,5,307,295,96.091205212,3517,25.847750667,30.760449029
nuscenes,scene-1094_011,yaw,2.000000000,deg,34688,3599,10.375345941,5,307,268,87.296416938,3473,51.551977998,61.116445403
nuscenes,scene-1094_011,yaw,3.000000000,deg,34688,3606,10.395525830,5,307,233,75.895765472,3421,77.085953586,90.879004593
nuscenes,scene-1094_011,lateral,-0.100000000,m,34688,3560,10.262915129,5,307,305,99.348534202,3540,10.355681241,24.342180944
nuscenes,scene-1094_011,lateral,-0.050000000,m,34688,3560,10.262915129,5,307,305,99.348534202,3549,5.190517129,12.171442361
nuscenes,scene-1094_011,lateral,-0.020000000,m,34688,3555,10.248500923,5,307,306,99.674267101,3552,2.077007459,4.868349496
nuscenes,scene-1094_011,lateral,0.000000000,m,34688,3559,10.260032288,5,307,307,100.000000000,3559,0.000000000,0.000000000
nuscenes,scene-1094_011,lateral,0.020000000,m,34688,3557,10.254266605,5,307,307,100.000000000,3557,2.079985549,4.868769024
nuscenes,scene-1094_011,lateral,0.050000000,m,34688,3557,10.254266605,5,307,307,100.000000000,3550,5.195786296,12.170084586
nuscenes,scene-1094_011,lateral,0.100000000,m,34688,3553,10.242735240,5,307,307,100.000000000,3539,10.383538640,24.337799944
nuscenes,scene-1094_012,yaw,-3.000000000,deg,34752,3300,9.495856354,7,407,331,81.326781327,3189,76.790448747,90.601342938
nuscenes,scene-1094_012,yaw,-2.000000000,deg,34752,3325,9.567794659,7,407,365,89.680589681,3253,51.364343415,60.908460062
nuscenes,scene-1094_012,yaw,-1.000000000,deg,34752,3355,9.654120626,7,407,400,98.280098280,3318,25.772549056,30.738180162
nuscenes,scene-1094_012,yaw,-0.500000000,deg,34752,3366,9.685773481,7,407,405,99.508599509,3349,12.907678373,15.426847237
nuscenes,scene-1094_012,yaw,0.000000000,deg,34752,3384,9.737569061,7,407,407,100.000000000,3384,0.000000000,0.000000000
nuscenes,scene-1094_012,yaw,0.500000000,deg,34752,3396,9.772099448,7,407,397,97.542997543,3365,12.910225846,15.430440468
nuscenes,scene-1094_012,yaw,1.000000000,deg,34752,3419,9.838282689,7,407,387,95.085995086,3352,25.788217003,30.748660928
nuscenes,scene-1094_012,yaw,2.000000000,deg,34752,3459,9.953383978,7,407,354,86.977886978,3324,51.452445506,61.069623052
nuscenes,scene-1094_012,yaw,3.000000000,deg,34752,3479,10.010934622,7,407,309,75.921375921,3282,76.936369656,90.694729817
nuscenes,scene-1094_012,lateral,-0.100000000,m,34752,3386,9.743324125,7,407,398,97.788697789,3367,10.921110889,24.774282546
nuscenes,scene-1094_012,lateral,-0.050000000,m,34752,3387,9.746201657,7,407,402,98.771498771,3375,5.470100053,12.387717261
nuscenes,scene-1094_012,lateral,-0.020000000,m,34752,3383,9.734691529,7,407,405,99.508599509,3378,2.188966791,4.954787189
nuscenes,scene-1094_012,lateral,0.000000000,m,34752,3384,9.737569061,7,407,407,100.000000000,3384,0.000000000,0.000000000
nuscenes,scene-1094_012,lateral,0.020000000,m,34752,3381,9.728936464,7,407,407,100.000000000,3380,2.189623749,4.954424870
nuscenes,scene-1094_012,lateral,0.050000000,m,34752,3386,9.743324125,7,407,407,100.000000000,3377,5.475764118,12.385590013
nuscenes,scene-1094_012,lateral,0.100000000,m,34752,3380,9.726058932,7,407,407,100.000000000,3365,10.943302822,24.767022732
nuscenes,scene-1094_013,yaw,-3.000000000,deg,34752,3120,8.977900552,8,471,373,79.193205945,2991,77.187417532,91.521806698
nuscenes,scene-1094_013,yaw,-2.000000000,deg,34752,3142,9.041206262,8,471,422,89.596602972,3053,51.618643504,61.585844921
nuscenes,scene-1094_013,yaw,-1.000000000,deg,34752,3157,9.084369245,8,471,456,96.815286624,3112,25.889246520,31.088954725
nuscenes,scene-1094_013,yaw,-0.500000000,deg,34752,3171,9.124654696,8,471,469,99.575371550,3144,12.967018676,15.606904054
nuscenes,scene-1094_013,yaw,0.000000000,deg,34752,3177,9.141919890,8,471,471,100.000000000,3177,0.000000000,0.000000000
nuscenes,scene-1094_013,yaw,0.500000000,deg,34752,3181,9.153430018,8,471,464,98.513800425,3156,12.965065768,15.593855317
nuscenes,scene-1094_013,yaw,1.000000000,deg,34752,3187,9.170695212,8,471,452,95.966029724,3132,25.869541493,31.086609398
nuscenes,scene-1094_013,yaw,2.000000000,deg,34752,3203,9.216735727,8,471,407,86.411889597,3082,51.504279320,61.576603677
nuscenes,scene-1094_013,yaw,3.000000000,deg,34752,3223,9.274286372,8,471,352,74.734607219,3043,76.975465638,91.429256659
nuscenes,scene-1094_013,lateral,-0.100000000,m,34752,3175,9.136164825,8,471,465,98.726114650,3161,11.790270758,25.478627828
nuscenes,scene-1094_013,lateral,-0.050000000,m,34752,3179,9.147674954,8,471,469,99.575371550,3171,5.904514623,12.740526852
nuscenes,scene-1094_013,lateral,-0.020000000,m,34752,3177,9.141919890,8,471,470,99.787685775,3174,2.363544807,5.097320257
nuscenes,scene-1094_013,lateral,0.000000000,m,34752,3177,9.141919890,8,471,471,100.000000000,3177,0.000000000,0.000000000
nuscenes,scene-1094_013,lateral,0.020000000,m,34752,3178,9.144797422,8,471,471,100.000000000,3171,2.360662686,5.092579328
nuscenes,scene-1094_013,lateral,0.050000000,m,34752,3174,9.133287293,8,471,471,100.000000000,3166,5.903160131,12.724975327
nuscenes,scene-1094_013,lateral,0.100000000,m,34752,3173,9.130409761,8,471,469,99.575371550,3154,11.793361700,25.443207289
nuscenes,scene-1094_014,yaw,-3.000000000,deg,34720,2874,8.277649770,8,578,476,82.352941176,2711,77.921516099,91.573048739
nuscenes,scene-1094_014,yaw,-2.000000000,deg,34720,2878,8.289170507,8,578,525,90.830449827,2774,52.111521228,61.631459450
nuscenes,scene-1094_014,yaw,-1.000000000,deg,34720,2883,8.303571429,8,578,565,97.750865052,2835,26.138725669,31.071428776
nuscenes,scene-1094_014,yaw,-0.500000000,deg,34720,2887,8.315092166,8,578,577,99.826989619,2866,13.092229896,15.595477621
nuscenes,scene-1094_014,yaw,0.000000000,deg,34720,2899,8.349654378,8,578,578,100.000000000,2899,0.000000000,0.000000000
nuscenes,scene-1094_014,yaw,0.500000000,deg,34720,2903,8.361175115,8,578,578,100.000000000,2871,13.080535031,15.592788340
nuscenes,scene-1094_014,yaw,1.000000000,deg,34720,2914,8.392857143,8,578,568,98.269896194,2851,26.108596001,31.007760228
nuscenes,scene-1094_014,yaw,2.000000000,deg,34720,2940,8.467741935,8,578,522,90.311418685,2811,52.006955044,61.349639002
nuscenes,scene-1094_014,yaw,3.000000000,deg,34720,2974,8.565668203,8,578,474,82.006920415,2779,77.754846176,91.227690805
nuscenes,scene-1094_014,lateral,-0.100000000,m,34720,2903,8.361175115,8,578,578,100.000000000,2884,12.481455048,25.431287329
nuscenes,scene-1094_014,lateral,-0.050000000,m,34720,2900,8.352534562,8,578,578,100.000000000,2889,6.246836261,12.709743439
nuscenes,scene-1094_014,lateral,-0.020000000,m,34720,2894,8.335253456,8,578,578,100.000000000,2892,2.499745709,5.082481038
nuscenes,scene-1094_014,lateral,0.000000000,m,34720,2899,8.349654378,8,578,578,100.000000000,2899,0.000000000,0.000000000
nuscenes,scene-1094_014,lateral,0.020000000,m,34720,2899,8.349654378,8,578,578,100.000000000,2898,2.500103223,5.079904119
nuscenes,scene-1094_014,lateral,0.050000000,m,34720,2894,8.335253456,8,578,578,100.000000000,2888,6.244137695,12.695723860
nuscenes,scene-1094_014,lateral,0.100000000,m,34720,2892,8.329493088,8,578,577,99.826989619,2879,12.481217273,25.386703849
nuscenes,scene-1094_015,yaw,-3.000000000,deg,34752,2816,8.103130755,7,479,347,72.442588727,2638,78.646156235,91.965001221
nuscenes,scene-1094_015,yaw,-2.000000000,deg,34752,2819,8.111763352,7,479,397,82.881002088,2700,52.646669267,61.808389651
nuscenes,scene-1094_015,yaw,-1.000000000,deg,34752,2819,8.111763352,7,479,444,92.693110647,2760,26.431100469,31.158477794
nuscenes,scene-1094_015,yaw,-0.500000000,deg,34752,2829,8.140538674,7,479,467,97.494780793,2801,13.253081471,15.666819457
nuscenes,scene-1094_015,yaw,0.000000000,deg,34752,2825,8.129028545,7,479,479,100.000000000,2825,0.000000000,0.000000000
nuscenes,scene-1094_015,yaw,0.500000000,deg,34752,2838,8.166436464,7,479,475,99.164926931,2796,13.247384502,15.672024467
nuscenes,scene-1094_015,yaw,1.000000000,deg,34752,2832,8.149171271,7,479,463,96.659707724,2764,26.432266688,31.203023301
nuscenes,scene-1094_015,yaw,2.000000000,deg,34752,2830,8.143416206,7,479,429,89.561586639,2698,52.612882952,61.834343653
nuscenes,scene-1094_015,yaw,3.000000000,deg,34752,2825,8.129028545,7,479,375,78.288100209,2639,78.579103360,91.968926109
nuscenes,scene-1094_015,lateral,-0.100000000,m,34752,2836,8.160681400,7,479,478,99.791231733,2807,12.640675364,25.160919931
nuscenes,scene-1094_015,lateral,-0.050000000,m,34752,2830,8.143416206,7,479,479,100.000000000,2816,6.325745195,12.579032788
nuscenes,scene-1094_015,lateral,-0.020000000,m,34752,2828,8.137661142,7,479,479,100.000000000,2821,2.530112187,5.031271054
nuscenes,scene-1094_015,lateral,0.000000000,m,34752,2825,8.129028545,7,479,479,100.000000000,2825,0.000000000,0.000000000
nuscenes,scene-1094_015,lateral,0.020000000,m,34752,2826,8.131906077,7,479,478,99.791231733,2824,2.530955854,5.030807194
nuscenes,scene-1094_015,lateral,0.050000000,m,34752,2824,8.126151013,7,479,474,98.956158664,2816,6.317470181,12.576027776
nuscenes,scene-1094_015,lateral,0.100000000,m,34752,2820,8.114640884,7,479,468,97.703549061,2803,12.618848716,25.146516439
nuscenes,scene-1094_016,yaw,-3.000000000,deg,34816,2810,8.071001838,6,170,99,58.235294118,2626,77.707210143,91.327665257
nuscenes,scene-1094_016,yaw,-2.000000000,deg,34816,2803,8.050896140,6,170,132,77.647058824,2685,52.042463895,61.451053427
nuscenes,scene-1094_016,yaw,-1.000000000,deg,34816,2782,7.990579044,6,170,150,88.235294118,2731,26.120299618,30.951370987
nuscenes,scene-1094_016,yaw,-0.500000000,deg,34816,2782,7.990579044,6,170,158,92.941176471,2758,13.089604352,15.564759047
nuscenes,scene-1094_016,yaw,0.000000000,deg,34816,2790,8.013556985,6,170,169,99.411764706,2790,0.000000000,0.000000000
nuscenes,scene-1094_016,yaw,0.500000000,deg,34816,2791,8.016429228,6,170,169,99.411764706,2761,13.093937016,15.543854466
nuscenes,scene-1094_016,yaw,1.000000000,deg,34816,2802,8.048023897,6,170,153,90.000000000,2747,26.165746917,31.015302237
nuscenes,scene-1094_016,yaw,2.000000000,deg,34816,2825,8.114085478,6,170,130,76.470588235,2711,52.222619193,61.596832908
nuscenes,scene-1094_016,yaw,3.000000000,deg,34816,2830,8.128446691,6,170,108,63.529411765,2656,78.081113210,91.700682735
nuscenes,scene-1094_016,lateral,-0.100000000,m,34816,2788,8.007812500,6,170,169,99.411764706,2764,12.374916651,25.192169360
nuscenes,scene-1094_016,lateral,-0.050000000,m,34816,2786,8.002068015,6,170,170,100.000000000,2775,6.196170628,12.592446069
nuscenes,scene-1094_016,lateral,-0.020000000,m,34816,2788,8.007812500,6,170,170,100.000000000,2784,2.481414826,5.035580868
nuscenes,scene-1094_016,lateral,0.000000000,m,34816,2790,8.013556985,6,170,169,99.411764706,2790,0.000000000,0.000000000
nuscenes,scene-1094_016,lateral,0.020000000,m,34816,2787,8.004940257,6,170,164,96.470588235,2783,2.482681454,5.035628871
nuscenes,scene-1094_016,lateral,0.050000000,m,34816,2790,8.013556985,6,170,164,96.470588235,2779,6.197597634,12.562752796
nuscenes,scene-1094_016,lateral,0.100000000,m,34816,2791,8.016429228,6,170,158,92.941176471,2767,12.373973910,25.117758661
nuscenes,scene-1094_017,yaw,-3.000000000,deg,34752,2818,8.108885820,4,129,80,62.015503876,2684,77.774903573,91.739359040
nuscenes,scene-1094_017,yaw,-2.000000000,deg,34752,2824,8.126151013,4,129,101,78.294573643,2720,52.023190852,61.681746855
nuscenes,scene-1094_017,yaw,-1.000000000,deg,34752,2807,8.077232965,4,129,119,92.248062016,2754,26.099304411,31.116814830
nuscenes,scene-1094_017,yaw,-0.500000000,deg,34752,2800,8.057090239,4,129,127,98.449612403,2771,13.071460245,15.618252817
nuscenes,scene-1094_017,yaw,0.000000000,deg,34752,2795,8.042702578,4,129,129,100.000000000,2795,0.000000000,0.000000000
nuscenes,scene-1094_017,yaw,0.500000000,deg,34752,2793,8.036947514,4,129,128,99.224806202,2770,13.082999380,15.664229284
nuscenes,scene-1094_017,yaw,1.000000000,deg,34752,2791,8.031192449,4,129,121,93.798449612,2739,26.113535168,31.169567798
nuscenes,scene-1094_017,yaw,2.000000000,deg,34752,2786,8.016804788,4,129,111,86.046511628,2682,52.040774869,61.706674114
nuscenes,scene-1094_017,yaw,3.000000000,deg,34752,2786,8.016804788,4,129,87,67.441860465,2622,77.773223606,91.748105827
nuscenes,scene-1094_017,lateral,-0.100000000,m,34752,2796,8.045580110,4,129,129,100.000000000,2779,13.314332800,26.618127630
nuscenes,scene-1094_017,lateral,-0.050000000,m,34752,2796,8.045580110,4,129,129,100.000000000,2788,6.669078029,13.308061736
nuscenes,scene-1094_017,lateral,-0.020000000,m,34752,2792,8.034069982,4,129,129,100.000000000,2791,2.669967435,5.323101066
nuscenes,scene-1094_017,lateral,0.000000000,m,34752,2795,8.042702578,4,129,129,100.000000000,2795,0.000000000,0.000000000
nuscenes,scene-1094_017,lateral,0.020000000,m,34752,2791,8.031192449,4,129,129,100.000000000,2787,2.666195955,5.319261703
nuscenes,scene-1094_017,lateral,0.050000000,m,34752,2797,8.048457643,4,129,129,100.000000000,2785,6.667058669,13.298771438
nuscenes,scene-1094_017,lateral,0.100000000,m,34752,2796,8.045580110,4,129,127,98.449612403,2775,13.303394586,26.564240319
nuscenes,scene-1094_018,yaw,-3.000000000,deg,34688,2821,8.132495387,3,95,58,61.052631579,2645,77.382065010,91.197570638
nuscenes,scene-1094_018,yaw,-2.000000000,deg,34688,2804,8.083487085,3,95,73,76.842105263,2685,51.784694423,61.318259414
nuscenes,scene-1094_018,yaw,-1.000000000,deg,34688,2779,8.011416052,3,95,85,89.473684211,2722,25.991292540,30.962350532
nuscenes,scene-1094_018,yaw,-0.500000000,deg,34688,2768,7.979704797,3,95,92,96.842105263,2741,13.021286693,15.560864077
nuscenes,scene-1094_018,yaw,0.000000000,deg,34688,2766,7.973939114,3,95,95,100.000000000,2766,0.000000000,0.000000000
nuscenes,scene-1094_018,yaw,0.500000000,deg,34688,2757,7.947993542,3,95,92,96.842105263,2738,13.031164911,15.588744300
nuscenes,scene-1094_018,yaw,1.000000000,deg,34688,2757,7.947993542,3,95,89,93.684210526,2713,26.025635298,31.072545212
nuscenes,scene-1094_018,yaw,2.000000000,deg,34688,2740,7.898985240,3,95,79,83.157894737,2653,51.860722692,61.481253471
nuscenes,scene-1094_018,yaw,3.000000000,deg,34688,2728,7.864391144,3,95,63,66.315789474,2600,77.558605338,91.484392223
nuscenes,scene-1094_018,lateral,-0.100000000,m,34688,2761,7.959524908,3,95,92,96.842105263,2744,13.051532910,25.775027758
nuscenes,scene-1094_018,lateral,-0.050000000,m,34688,2764,7.968173432,3,95,95,100.000000000,2757,6.528913216,12.885189048
nuscenes,scene-1094_018,lateral,-0.020000000,m,34688,2766,7.973939114,3,95,95,100.000000000,2764,2.614446253,5.155149564
nuscenes,scene-1094_018,lateral,0.000000000,m,34688,2766,7.973939114,3,95,95,100.000000000,2766,0.000000000,0.000000000
nuscenes,scene-1094_018,lateral,0.020000000,m,34688,2765,7.971056273,3,95,95,100.000000000,2761,2.613117724,5.155456936
nuscenes,scene-1094_018,lateral,0.050000000,m,34688,2763,7.965290590,3,95,94,98.947368421,2753,6.526858267,12.894937105
nuscenes,scene-1094_018,lateral,0.100000000,m,34688,2764,7.968173432,3,95,94,98.947368421,2742,13.033413872,25.777612504
nuscenes,scene-1094_019,yaw,-3.000000000,deg,34688,2874,8.285285978,4,113,71,62.831858407,2709,77.198620780,90.993028400
nuscenes,scene-1094_019,yaw,-2.000000000,deg,34688,2859,8.242043358,4,113,91,80.530973451,2754,51.667363276,61.163002299
nuscenes,scene-1094_019,yaw,-1.000000000,deg,34688,2847,8.207449262,4,113,106,93.805309735,2791,25.924893663,30.844635374
nuscenes,scene-1094_019,yaw,-0.500000000,deg,34688,2842,8.193035055,4,113,111,98.230088496,2815,12.991219323,15.531303736
nuscenes,scene-1094_019,yaw,0.000000000,deg,34688,2829,8.155558118,4,113,113,100.000000000,2829,0.000000000,0.000000000
nuscenes,scene-1094_019,yaw,0.500000000,deg,34688,2823,8.138261070,4,113,109,96.460176991,2802,12.989495735,15.547592495
nuscenes,scene-1094_019,yaw,1.000000000,deg,34688,2814,8.112315498,4,113,103,91.150442478,2776,25.940955449,30.982629119
nuscenes,scene-1094_019,yaw,2.000000000,deg,34688,2804,8.083487085,4,113,86,76.106194690,2717,51.694817178,61.392856135
nuscenes,scene-1094_019,yaw,3.000000000,deg,34688,2785,8.028713100,4,113,62,54.867256637,2656,77.256916005,91.164675035
nuscenes,scene-1094_019,lateral,-0.100000000,m,34688,2830,8.158440959,4,113,110,97.345132743,2812,12.879796562,25.577990826
nuscenes,scene-1094_019,lateral,-0.050000000,m,34688,2832,8.164206642,4,113,111,98.230088496,2823,6.443198958,12.803106490
nuscenes,scene-1094_019,lateral,-0.020000000,m,34688,2831,8.161323801,4,113,113,100.000000000,2828,2.579908398,5.120686029
nuscenes,scene-1094_019,lateral,0.000000000,m,34688,2829,8.155558118,4,113,113,100.000000000,2829,0.000000000,0.000000000
nuscenes,scene-1094_019,lateral,0.020000000,m,34688,2830,8.158440959,4,113,113,100.000000000,2828,2.578948494,5.120733184
nuscenes,scene-1094_019,lateral,0.050000000,m,34688,2835,8.172855166,4,113,113,100.000000000,2823,6.440751177,12.803401323
nuscenes,scene-1094_019,lateral,0.100000000,m,34688,2837,8.178620849,4,113,112,99.115044248,2816,12.866288059,25.613203806
nuscenes,scene-1094_020,yaw,-3.000000000,deg,34720,2863,8.245967742,3,83,41,49.397590361,2683,77.099018072,91.479535821
nuscenes,scene-1094_020,yaw,-2.000000000,deg,34720,2840,8.179723502,3,83,56,67.469879518,2723,51.589409652,61.570392196
nuscenes,scene-1094_020,yaw,-1.000000000,deg,34720,2821,8.125000000,3,83,72,86.746987952,2759,25.887210842,31.098401814
nuscenes,scene-1094_020,yaw,-0.500000000,deg,34720,2815,8.107718894,3,83,77,92.771084337,2782,12.971928385,15.634452409
nuscenes,scene-1094_020,yaw,0.000000000,deg,34720,2805,8.078917051,3,83,83,100.000000000,2805,0.000000000,0.000000000
nuscenes,scene-1094_020,yaw,0.500000000,deg,34720,2792,8.041474654,3,83,80,96.385542169,2775,12.973052007,15.643361381
nuscenes,scene-1094_020,yaw,1.000000000,deg,34720,2793,8.044354839,3,83,77,92.771084337,2748,25.900131207,31.206627771
nuscenes,scene-1094_020,yaw,2.000000000,deg,34720,2783,8.015552995,3,83,63,75.903614458,2693,51.615912330,61.877688608
nuscenes,scene-1094_020,yaw,3.000000000,deg,34720,2765,7.963709677,3,83,51,61.445783133,2634,77.118214130,91.882241034
nuscenes,scene-1094_020,lateral,-0.100000000,m,34720,2799,8.061635945,3,83,80,96.385542169,2779,13.408315857,26.277000522
nuscenes,scene-1094_020,lateral,-0.050000000,m,34720,2798,8.058755760,3,83,83,100.000000000,2789,6.719761982,13.173864859
nuscenes,scene-1094_020,lateral,-0.020000000,m,34720,2802,8.070276498,3,83,83,100.000000000,2800,2.692077549,5.280164853
nuscenes,scene-1094_020,lateral,0.000000000,m,34720,2805,8.078917051,3,83,83,100.000000000,2805,0.000000000,0.000000000
nuscenes,scene-1094_020,lateral,0.020000000,m,34720,2805,8.078917051,3,83,83,100.000000000,2800,2.690079549,5.284683949
nuscenes,scene-1094_020,lateral,0.050000000,m,34720,2812,8.099078341,3,83,82,98.795180723,2797,6.722858949,13.212931273
nuscenes,scene-1094_020,lateral,0.100000000,m,34720,2818,8.116359447,3,83,80,96.385542169,2789,13.439184649,26.431973451
nuscenes,scene-1094_021,yaw,-3.000000000,deg,34688,2799,8.069072878,3,80,31,38.750000000,2653,76.612421870,90.709036282
nuscenes,scene-1094_021,yaw,-2.000000000,deg,34688,2774,7.997001845,3,80,54,67.500000000,2694,51.268941163,61.056335359
nuscenes,scene-1094_021,yaw,-1.000000000,deg,34688,2777,8.005650369,3,80,71,88.750000000,2740,25.744727579,30.859786606
nuscenes,scene-1094_021,yaw,-0.500000000,deg,34688,2770,7.985470480,3,80,78,97.500000000,2757,12.894415904,15.480553867
nuscenes,scene-1094_021,yaw,0.000000000,deg,34688,2784,8.025830258,3,80,80,100.000000000,2784,0.000000000,0.000000000
nuscenes,scene-1094_021,yaw,0.500000000,deg,34688,2784,8.025830258,3,80,76,95.000000000,2763,12.906837627,15.520349914
nuscenes,scene-1094_021,yaw,1.000000000,deg,34688,2790,8.043127306,3,80,72,90.000000000,2745,25.789596177,31.006546493
nuscenes,scene-1094_021,yaw,2.000000000,deg,34688,2771,7.988353321,3,80,52,65.000000000,2688,51.374990130,61.391845421
nuscenes,scene-1094_021,yaw,3.000000000,deg,34688,2762,7.962407749,3,80,31,38.750000000,2636,76.811775502,91.199923992
nuscenes,scene-1094_021,lateral,-0.100000000,m,34688,2784,8.025830258,3,80,77,96.250000000,2765,12.453431586,26.334142250
nuscenes,scene-1094_021,lateral,-0.050000000,m,34688,2782,8.020064576,3,80,80,100.000000000,2773,6.250203535,13.185778266
nuscenes,scene-1094_021,lateral,-0.020000000,m,34688,2781,8.017181734,3,80,80,100.000000000,2778,2.505095816,5.282388375
nuscenes,scene-1094_021,lateral,0.000000000,m,34688,2784,8.025830258,3,80,80,100.000000000,2784,0.000000000,0.000000000
nuscenes,scene-1094_021,lateral,0.020000000,m,34688,2783,8.022947417,3,80,80,100.000000000,2781,2.509715018,5.305784797
nuscenes,scene-1094_021,lateral,0.050000000,m,34688,2782,8.020064576,3,80,79,98.750000000,2775,6.276548493,13.268746374
nuscenes,scene-1094_021,lateral,0.100000000,m,34688,2783,8.022947417,3,80,79,98.750000000,2764,12.536607451,26.500567008
nuscenes,scene-1094_022,yaw,-3.000000000,deg,34656,2919,8.422783934,2,47,28,59.574468085,2760,76.586161417,91.178234233
nuscenes,scene-1094_022,yaw,-2.000000000,deg,34656,2901,8.370844875,2,47,39,82.978723404,2796,51.229006208,61.220051650
nuscenes,scene-1094_022,yaw,-1.000000000,deg,34656,2890,8.339104340,2,47,45,95.744680851,2835,25.709620542,30.946943668
nuscenes,scene-1094_022,yaw,-0.500000000,deg,34656,2882,8.316020314,2,47,47,100.000000000,2855,12.880524909,15.548093697
nuscenes,scene-1094_022,yaw,0.000000000,deg,34656,2873,8.290050785,2,47,47,100.000000000,2873,0.000000000,0.000000000
nuscenes,scene-1094_022,yaw,0.500000000,deg,34656,2866,8.269852262,2,47,44,93.617021277,2842,12.874189597,15.479396185
nuscenes,scene-1094_022,yaw,1.000000000,deg,34656,2865,8.266966759,2,47,44,93.617021277,2821,25.714282626,30.860688358
nuscenes,scene-1094_022,yaw,2.000000000,deg,34656,2861,8.255424746,2,47,38,80.851063830,2767,51.243689885,61.044743541
nuscenes,scene-1094_022,yaw,3.000000000,deg,34656,2854,8.235226223,2,47,29,61.702127660,2716,76.642646302,90.609436015
nuscenes,scene-1094_022,lateral,-0.100000000,m,34656,2859,8.249653740,2,47,46,97.872340426,2844,12.191561641,27.115622845
nuscenes,scene-1094_022,lateral,-0.050000000,m,34656,2863,8.261195753,2,47,46,97.872340426,2855,6.122198368,13.570571620
nuscenes,scene-1094_022,lateral,-0.020000000,m,34656,2872,8.287165282,2,47,47,100.000000000,2867,2.460358562,5.439097961
nuscenes,scene-1094_022,lateral,0.000000000,m,34656,2873,8.290050785,2,47,47,100.000000000,2873,0.000000000,0.000000000
nuscenes,scene-1094_022,lateral,0.020000000,m,34656,2880,8.310249307,2,47,47,100.000000000,2871,2.465876333,5.445233040
nuscenes,scene-1094_022,lateral,0.050000000,m,34656,2879,8.307363804,2,47,47,100.000000000,2866,6.155624762,13.608413110
nuscenes,scene-1094_022,lateral,0.100000000,m,34656,2882,8.316020314,2,47,47,100.000000000,2856,12.294620359,27.223842452
nuscenes,scene-1094_023,yaw,-3.000000000,deg,34688,3044,8.775369004,2,28,8,28.571428571,2875,76.452639822,90.280141686
nuscenes,scene-1094_023,yaw,-2.000000000,deg,34688,3030,8.735009225,2,28,11,39.285714286,2915,51.158003979,60.796213759
nuscenes,scene-1094_023,yaw,-1.000000000,deg,34688,3004,8.660055351,2,28,18,64.285714286,2950,25.670044528,30.663921224
nuscenes,scene-1094_023,yaw,-0.500000000,deg,34688,2998,8.642758303,2,28,24,85.714285714,2970,12.860370844,15.410730381
nuscenes,scene-1094_023,yaw,0.000000000,deg,34688,2989,8.616812731,2,28,28,100.000000000,2989,0.000000000,0.000000000
nuscenes,scene-1094_023,yaw,0.500000000,deg,34688,2977,8.582218635,2,28,26,92.857142857,2958,12.862994963,15.419263914
nuscenes,scene-1094_023,yaw,1.000000000,deg,34688,2969,8.559155904,2,28,25,89.285714286,2928,25.680341483,30.680994606
nuscenes,scene-1094_023,yaw,2.000000000,deg,34688,2948,8.498616236,2,28,15,53.571428571,2866,51.185450641,60.831693644
nuscenes,scene-1094_023,yaw,3.000000000,deg,34688,2932,8.452490775,2,28,7,25.000000000,2806,76.536092451,90.494678497
nuscenes,scene-1094_023,lateral,-0.100000000,m,34688,2983,8.599515683,2,28,28,100.000000000,2967,11.581091176,25.196806078
nuscenes,scene-1094_023,lateral,-0.050000000,m,34688,2987,8.611047048,2,28,28,100.000000000,2979,5.796158393,12.601782818
nuscenes,scene-1094_023,lateral,-0.020000000,m,34688,2988,8.613929889,2,28,28,100.000000000,2985,2.320314774,5.041609738
nuscenes,scene-1094_023,lateral,0.000000000,m,34688,2989,8.616812731,2,28,28,100.000000000,2989,0.000000000,0.000000000
nuscenes,scene-1094_023,lateral,0.020000000,m,34688,2991,8.622578413,2,28,28,100.000000000,2986,2.319463549,5.041686358
nuscenes,scene-1094_023,lateral,0.050000000,m,34688,2989,8.616812731,2,28,28,100.000000000,2982,5.790299399,12.592881219
nuscenes,scene-1094_023,lateral,0.100000000,m,34688,2989,8.616812731,2,28,25,89.285714286,2971,11.559878086,25.147130794
nuscenes,scene-1094_024,yaw,-3.000000000,deg,34688,3057,8.812845941,2,45,10,22.222222222,2876,76.728311735,90.432978206
nuscenes,scene-1094_024,yaw,-2.000000000,deg,34688,3030,8.735009225,2,45,20,44.444444444,2914,51.321364118,60.892381755
nuscenes,scene-1094_024,yaw,-1.000000000,deg,34688,3005,8.662938192,2,45,35,77.777777778,2949,25.745394317,30.730812939
nuscenes,scene-1094_024,yaw,-0.500000000,deg,34688,2991,8.622578413,2,45,42,93.333333333,2965,12.892808586,15.434995245
nuscenes,scene-1094_024,yaw,0.000000000,deg,34688,2983,8.599515683,2,45,45,100.000000000,2983,0.000000000,0.000000000
nuscenes,scene-1094_024,yaw,0.500000000,deg,34688,2968,8.556273063,2,45,43,95.555555556,2948,12.886378032,15.431403094
nuscenes,scene-1094_024,yaw,1.000000000,deg,34688,2959,8.530327491,2,45,38,84.444444444,2922,25.736465159,30.739322387
nuscenes,scene-1094_024,yaw,2.000000000,deg,34688,2930,8.446725092,2,45,22,48.888888889,2859,51.279710164,60.858302221
nuscenes,scene-1094_024,yaw,3.000000000,deg,34688,2924,8.429428044,2,45,10,22.222222222,2799,76.657065051,90.522984254
nuscenes,scene-1094_024,lateral,-0.100000000,m,34688,2980,8.590867159,2,45,45,100.000000000,2962,11.673141234,25.478517458
nuscenes,scene-1094_024,lateral,-0.050000000,m,34688,2982,8.596632841,2,45,45,100.000000000,2974,5.840290231,12.744350327
nuscenes,scene-1094_024,lateral,-0.020000000,m,34688,2983,8.599515683,2,45,45,100.000000000,2979,2.337806285,5.100734183
nuscenes,scene-1094_024,lateral,0.000000000,m,34688,2983,8.599515683,2,45,45,100.000000000,2983,0.000000000,0.000000000
nuscenes,scene-1094_024,lateral,0.020000000,m,34688,2983,8.599515683,2,45,45,100.000000000,2981,2.339285397,5.100822765
nuscenes,scene-1094_024,lateral,0.050000000,m,34688,2986,8.608164207,2,45,44,97.777777778,2975,5.839722584,12.729872167
nuscenes,scene-1094_024,lateral,0.100000000,m,34688,2986,8.608164207,2,45,44,97.777777778,2966,11.664288930,25.447839605
nuscenes,scene-1094_025,yaw,-3.000000000,deg,34720,3023,8.706797235,2,61,14,22.950819672,2849,76.923153972,90.419118782
nuscenes,scene-1094_025,yaw,-2.000000000,deg,34720,2999,8.637672811,2,61,32,52.459016393,2885,51.431213264,60.889852826
nuscenes,scene-1094_025,yaw,-1.000000000,deg,34720,2998,8.634792627,2,61,53,86.885245902,2948,25.845416951,30.871903698
nuscenes,scene-1094_025,yaw,-0.500000000,deg,34720,2995,8.626152074,2,61,58,95.081967213,2972,12.949358681,15.495158939
nuscenes,scene-1094_025,yaw,0.000000000,deg,34720,2993,8.620391705,2,61,61,100.000000000,2993,0.000000000,0.000000000
nuscenes,scene-1094_025,yaw,0.500000000,deg,34720,2984,8.594470046,2,61,58,95.081967213,2964,12.947469890,15.434579690
nuscenes,scene-1094_025,yaw,1.000000000,deg,34720,2974,8.565668203,2,61,54,88.524590164,2935,25.846107081,30.775577540
nuscenes,scene-1094_025,yaw,2.000000000,deg,34720,2956,8.513824885,2,61,36,59.016393443,2877,51.513876496,61.200349310
nuscenes,scene-1094_025,yaw,3.000000000,deg,34720,2923,8.418778802,2,61,15,24.590163934,2804,76.917152776,90.823238672
nuscenes,scene-1094_025,lateral,-0.100000000,m,34720,2989,8.608870968,2,61,59,96.721311475,2973,12.012918827,26.505361706
nuscenes,scene-1094_025,lateral,-0.050000000,m,34720,2991,8.614631336,2,61,61,100.000000000,2984,6.016708731,13.281424363
nuscenes,scene-1094_025,lateral,-0.020000000,m,34720,2992,8.617511521,2,61,61,100.000000000,2991,2.409708151,5.317902981
nuscenes,scene-1094_025,lateral,0.000000000,m,34720,2993,8.620391705,2,61,61,100.000000000,2993,0.000000000,0.000000000
nuscenes,scene-1094_025,lateral,0.020000000,m,34720,2992,8.617511521,2,61,61,100.000000000,2990,2.411322509,5.318389439
nuscenes,scene-1094_025,lateral,0.050000000,m,34720,2996,8.629032258,2,61,60,98.360655738,2986,6.022470764,13.299469339
nuscenes,scene-1094_025,lateral,0.100000000,m,34720,2991,8.614631336,2,61,60,98.360655738,2973,12.016956849,26.538386797
nuscenes,scene-1094_026,yaw,-3.000000000,deg,34752,3038,8.741942910,1,30,7,23.333333333,2864,76.849569433,90.529063101
nuscenes,scene-1094_026,yaw,-2.000000000,deg,34752,3029,8.716045120,1,30,15,50.000000000,2915,51.422703908,60.907214271
nuscenes,scene-1094_026,yaw,-1.000000000,deg,34752,3005,8.646984346,1,30,24,80.000000000,2960,25.799238134,30.737794138
nuscenes,scene-1094_026,yaw,-0.500000000,deg,34752,3007,8.652739411,1,30,28,93.333333333,2984,12.925219549,15.451439500
nuscenes,scene-1094_026,yaw,0.000000000,deg,34752,3004,8.644106814,1,30,30,100.000000000,3004,0.000000000,0.000000000
nuscenes,scene-1094_026,yaw,0.500000000,deg,34752,3000,8.632596685,1,30,28,93.333333333,2976,12.920496152,15.431576989
nuscenes,scene-1094_026,yaw,1.000000000,deg,34752,2992,8.609576427,1,30,27,90.000000000,2948,25.795949862,30.707612856
nuscenes,scene-1094_026,yaw,2.000000000,deg,34752,2972,8.552025783,1,30,20,66.666666667,2892,51.407134633,60.753054095
nuscenes,scene-1094_026,yaw,3.000000000,deg,34752,2952,8.494475138,1,30,11,36.666666667,2834,76.835213025,90.357137288
nuscenes,scene-1094_026,lateral,-0.100000000,m,34752,2996,8.621086556,1,30,30,100.000000000,2979,11.993878111,25.675349025
nuscenes,scene-1094_026,lateral,-0.050000000,m,34752,3001,8.635474217,1,30,30,100.000000000,2992,6.007894340,12.863376782
nuscenes,scene-1094_026,lateral,-0.020000000,m,34752,3002,8.638351750,1,30,30,100.000000000,2998,2.405376792,5.152328341
nuscenes,scene-1094_026,lateral,0.000000000,m,34752,3004,8.644106814,1,30,30,100.000000000,3004,0.000000000,0.000000000
nuscenes,scene-1094_026,lateral,0.020000000,m,34752,3002,8.638351750,1,30,30,100.000000000,3001,2.409355244,5.157735259
nuscenes,scene-1094_026,lateral,0.050000000,m,34752,3008,8.655616943,1,30,30,100.000000000,2997,6.019362376,12.884132472
nuscenes,scene-1094_026,lateral,0.100000000,m,34752,3006,8.649861878,1,30,30,100.000000000,2988,12.019505144,25.760916828
nuscenes,scene-1094_027,yaw,-3.000000000,deg,34752,3060,8.805248619,3,64,8,12.500000000,2867,76.831022600,91.589921334
nuscenes,scene-1094_027,yaw,-2.000000000,deg,34752,3051,8.779350829,3,64,22,34.375000000,2913,51.388615432,61.624727399
nuscenes,scene-1094_027,yaw,-1.000000000,deg,34752,3038,8.741942910,3,64,45,70.312500000,2966,25.791362498,31.129867540
nuscenes,scene-1094_027,yaw,-0.500000000,deg,34752,3033,8.727555249,3,64,59,92.187500000,2994,12.923090815,15.644132773
nuscenes,scene-1094_027,yaw,0.000000000,deg,34752,3019,8.687269797,3,64,64,100.000000000,3019,0.000000000,0.000000000
nuscenes,scene-1094_027,yaw,0.500000000,deg,34752,3012,8.667127072,3,64,62,96.875000000,2984,12.913968587,15.678518982
nuscenes,scene-1094_027,yaw,1.000000000,deg,34752,2990,8.603821363,3,64,58,90.625000000,2937,25.734024274,31.095597536
nuscenes,scene-1094_027,yaw,2.000000000,deg,34752,2963,8.526127993,3,64,36,56.250000000,2865,51.174229182,61.418095163
nuscenes,scene-1094_027,yaw,3.000000000,deg,34752,2947,8.480087477,3,64,13,20.312500000,2806,76.403542823,90.161300366
nuscenes,scene-1094_027,lateral,-0.100000000,m,34752,3004,8.644106814,3,64,64,100.000000000,2985,12.366946433,26.711526732
nuscenes,scene-1094_027,lateral,-0.050000000,m,34752,3012,8.667127072,3,64,64,100.000000000,3003,6.208554886,13.424744857
nuscenes,scene-1094_027,lateral,-0.020000000,m,34752,3017,8.681514733,3,64,64,100.000000000,3014,2.489138166,5.376040131
nuscenes,scene-1094_027,lateral,0.000000000,m,34752,3019,8.687269797,3,64,64,100.000000000,3019,0.000000000,0.000000000
nuscenes,scene-1094_027,lateral,0.020000000,m,34752,3027,8.710290055,3,64,64,100.000000000,3016,2.490908657,5.378472042
nuscenes,scene-1094_027,lateral,0.050000000,m,34752,3032,8.724677716,3,64,64,100.000000000,3012,6.224016874,13.447159806
nuscenes,scene-1094_027,lateral,0.100000000,m,34752,3037,8.739065378,3,64,62,96.875000000,3004,12.428414384,26.891543412
nuscenes,scene-1094_028,yaw,-3.000000000,deg,34752,2978,8.569290976,1,49,9,18.367346939,2805,76.557404130,90.693799093
nuscenes,scene-1094_028,yaw,-2.000000000,deg,34752,2997,8.623964088,1,49,19,38.775510204,2870,51.266610021,60.986964879
nuscenes,scene-1094_028,yaw,-1.000000000,deg,34752,2985,8.589433702,1,49,41,83.673469388,2925,25.737100032,30.773891419
nuscenes,scene-1094_028,yaw,-0.500000000,deg,34752,2984,8.586556169,1,49,47,95.918367347,2958,12.899162418,15.461114300
nuscenes,scene-1094_028,yaw,0.000000000,deg,34752,2981,8.577923573,1,49,49,100.000000000,2981,0.000000000,0.000000000
nuscenes,scene-1094_028,yaw,0.500000000,deg,34752,2975,8.560658379,1,49,49,100.000000000,2943,12.886215449,15.457204976
nuscenes,scene-1094_028,yaw,1.000000000,deg,34752,2967,8.537638122,1,49,46,93.877551020,2911,25.710775280,30.733707365
nuscenes,scene-1094_028,yaw,2.000000000,deg,34752,2951,8.491597606,1,49,43,87.755102041,2845,51.171732541,60.522243467
nuscenes,scene-1094_028,yaw,3.000000000,deg,34752,2955,8.503107735,1,49,34,69.387755102,2797,76.494721141,89.744390071
nuscenes,scene-1094_028,lateral,-0.100000000,m,34752,2971,8.549148250,1,49,48,97.959183673,2953,11.506489352,25.762731903
nuscenes,scene-1094_028,lateral,-0.050000000,m,34752,2974,8.557780847,1,49,49,100.000000000,2966,5.780762771,12.934430218
nuscenes,scene-1094_028,lateral,-0.020000000,m,34752,2978,8.569290976,1,49,49,100.000000000,2974,2.317371512,5.188076767
nuscenes,scene-1094_028,lateral,0.000000000,m,34752,2981,8.577923573,1,49,49,100.000000000,2981,0.000000000,0.000000000
nuscenes,scene-1094_028,lateral,0.020000000,m,34752,2980,8.575046041,1,49,49,100.000000000,2978,2.320974255,5.190365602
nuscenes,scene-1094_028,lateral,0.050000000,m,34752,2982,8.580801105,1,49,49,100.000000000,2971,5.795799090,12.978028729
nuscenes,scene-1094_028,lateral,0.100000000,m,34752,2986,8.592311234,1,49,46,93.877551020,2964,11.574128053,25.951858266
nuscenes,scene-1094_029,yaw,-3.000000000,deg,34720,3066,8.830645161,2,38,6,15.789473684,2892,76.395773987,89.993425836
nuscenes,scene-1094_029,yaw,-2.000000000,deg,34720,3057,8.804723502,2,38,23,60.526315789,2941,51.117751242,60.538215590
nuscenes,scene-1094_029,yaw,-1.000000000,deg,34720,3048,8.778801843,2,38,35,92.105263158,2992,25.657455952,30.550563656
nuscenes,scene-1094_029,yaw,-0.500000000,deg,34720,3054,8.796082949,2,38,38,100.000000000,3019,12.856050436,15.352516765
nuscenes,scene-1094_029,yaw,0.000000000,deg,34720,3048,8.778801843,2,38,38,100.000000000,3048,0.000000000,0.000000000
nuscenes,scene-1094_029,yaw,0.500000000,deg,34720,3039,8.752880184,2,38,37,97.368421053,3022,12.863372595,15.340756911
nuscenes,scene-1094_029,yaw,1.000000000,deg,34720,3039,8.752880184,2,38,33,86.842105263,2988,25.670353203,30.496519967
nuscenes,scene-1094_029,yaw,2.000000000,deg,34720,3040,8.755760369,2,38,16,42.105263158,2933,51.165258741,60.401271504
nuscenes,scene-1094_029,yaw,3.000000000,deg,34720,3043,8.764400922,2,38,3,7.894736842,2878,76.503913778,90.000097561
nuscenes,scene-1094_029,lateral,-0.100000000,m,34720,3048,8.778801843,2,38,37,97.368421053,3032,11.300846336,25.393657903
nuscenes,scene-1094_029,lateral,-0.050000000,m,34720,3044,8.767281106,2,38,38,100.000000000,3038,5.655949616,12.707359282
nuscenes,scene-1094_029,lateral,-0.020000000,m,34720,3044,8.767281106,2,38,38,100.000000000,3043,2.265654858,5.083885514
nuscenes,scene-1094_029,lateral,0.000000000,m,34720,3048,8.778801843,2,38,38,100.000000000,3048,0.000000000,0.000000000
nuscenes,scene-1094_029,lateral,0.020000000,m,34720,3047,8.775921659,2,38,38,100.000000000,3042,2.263946486,5.082697457
nuscenes,scene-1094_029,lateral,0.050000000,m,34720,3051,8.787442396,2,38,38,100.000000000,3039,5.659491323,12.708183872
nuscenes,scene-1094_029,lateral,0.100000000,m,34720,3053,8.793202765,2,38,38,100.000000000,3030,11.293265521,25.371998955
nuscenes,scene-1094_030,yaw,-3.000000000,deg,34720,3077,8.862327189,2,74,51,68.918918919,2920,76.445627611,89.737778751
nuscenes,scene-1094_030,yaw,-2.000000000,deg,34720,3082,8.876728111,2,74,64,86.486486486,2977,51.159944926,60.362118916
nuscenes,scene-1094_030,yaw,-1.000000000,deg,34720,3084,8.882488479,2,74,71,95.945945946,3038,25.687582725,30.471254632
nuscenes,scene-1094_030,yaw,-0.500000000,deg,34720,3094,8.911290323,2,74,74,100.000000000,3066,12.869033477,15.308838016
nuscenes,scene-1094_030,yaw,0.000000000,deg,34720,3095,8.914170507,2,74,74,100.000000000,3095,0.000000000,0.000000000
nuscenes,scene-1094_030,yaw,0.500000000,deg,34720,3095,8.914170507,2,74,74,100.000000000,3065,12.869237881,15.313595798
nuscenes,scene-1094_030,yaw,1.000000000,deg,34720,3099,8.925691244,2,74,69,93.243243243,3035,25.686322701,30.493137086
nuscenes,scene-1094_030,yaw,2.000000000,deg,34720,3099,8.925691244,2,74,41,55.405405405,2977,51.182399858,60.395628768
nuscenes,scene-1094_030,yaw,3.000000000,deg,34720,3095,8.914170507,2,74,25,33.783783784,2916,76.478770967,90.024474555
nuscenes,scene-1094_030,lateral,-0.100000000,m,34720,3093,8.908410138,2,74,74,100.000000000,3075,11.088541935,25.163228960
nuscenes,scene-1094_030,lateral,-0.050000000,m,34720,3098,8.922811060,2,74,74,100.000000000,3086,5.549223972,12.582504207
nuscenes,scene-1094_030,lateral,-0.020000000,m,34720,3097,8.919930876,2,74,74,100.000000000,3091,2.221348532,5.034063466
nuscenes,scene-1094_030,lateral,0.000000000,m,34720,3095,8.914170507,2,74,74,100.000000000,3095,0.000000000,0.000000000
nuscenes,scene-1094_030,lateral,0.020000000,m,34720,3094,8.911290323,2,74,74,100.000000000,3091,2.219742186,5.033113067
nuscenes,scene-1094_030,lateral,0.050000000,m,34720,3096,8.917050691,2,74,74,100.000000000,3087,5.545715780,12.579720475
nuscenes,scene-1094_030,lateral,0.100000000,m,34720,3095,8.914170507,2,74,74,100.000000000,3080,11.078367516,25.148309056
nuscenes,scene-1094_031,yaw,-3.000000000,deg,34752,3059,8.802371087,1,47,39,82.978723404,2899,76.355751190,89.734537314
nuscenes,scene-1094_031,yaw,-2.000000000,deg,34752,3057,8.796616022,1,47,42,89.361702128,2954,51.107760884,60.344408089
nuscenes,scene-1094_031,yaw,-1.000000000,deg,34752,3071,8.836901473,1,47,45,95.744680851,3023,25.681872487,30.471475733
nuscenes,scene-1094_031,yaw,-0.500000000,deg,34752,3079,8.859921731,1,47,47,100.000000000,3056,12.871183704,15.300355960
nuscenes,scene-1094_031,yaw,0.000000000,deg,34752,3088,8.885819521,1,47,47,100.000000000,3088,0.000000000,0.000000000
nuscenes,scene-1094_031,yaw,0.500000000,deg,34752,3089,8.888697053,1,47,46,97.872340426,3061,12.881159961,15.320804184
nuscenes,scene-1094_031,yaw,1.000000000,deg,34752,3099,8.917472376,1,47,44,93.617021277,3035,25.721093268,30.529575800
nuscenes,scene-1094_031,yaw,2.000000000,deg,34752,3093,8.900207182,1,47,35,74.468085106,2973,51.246977582,60.462152310
nuscenes,scene-1094_031,yaw,3.000000000,deg,34752,3084,8.874309392,1,47,27,57.446808511,2914,76.598167874,89.904940113
nuscenes,scene-1094_031,lateral,-0.100000000,m,34752,3089,8.888697053,1,47,47,100.000000000,3073,10.953244539,25.178519573
nuscenes,scene-1094_031,lateral,-0.050000000,m,34752,3090,8.891574586,1,47,47,100.000000000,3080,5.480238452,12.591229110
nuscenes,scene-1094_031,lateral,-0.020000000,m,34752,3088,8.885819521,1,47,47,100.000000000,3084,2.192885648,5.037060917
nuscenes,scene-1094_031,lateral,0.000000000,m,34752,3088,8.885819521,1,47,47,100.000000000,3088,0.000000000,0.000000000
nuscenes,scene-1094_031,lateral,0.020000000,m,34752,3085,8.877186924,1,47,47,100.000000000,3083,2.191579023,5.036651099
nuscenes,scene-1094_031,lateral,0.050000000,m,34752,3088,8.885819521,1,47,47,100.000000000,3081,5.478107183,12.592161988
nuscenes,scene-1094_031,lateral,0.100000000,m,34752,3085,8.877186924,1,47,47,100.000000000,3072,10.941071762,25.163350105
nuscenes,scene-1094_032,yaw,-3.000000000,deg,34784,3028,8.705151794,1,108,89,82.407407407,2858,76.419673059,89.970651420
nuscenes,scene-1094_032,yaw,-2.000000000,deg,34784,3030,8.710901564,1,108,100,92.592592593,2916,51.162885463,60.578277856
nuscenes,scene-1094_032,yaw,-1.000000000,deg,34784,3029,8.708026679,1,108,108,100.000000000,2969,25.681684603,30.498357654
nuscenes,scene-1094_032,yaw,-0.500000000,deg,34784,3017,8.673528059,1,108,108,100.000000000,2984,12.858478743,15.318794425
nuscenes,scene-1094_032,yaw,0.000000000,deg,34784,2999,8.621780129,1,108,108,100.000000000,2999,0.000000000,0.000000000
nuscenes,scene-1094_032,yaw,0.500000000,deg,34784,2989,8.593031279,1,108,108,100.000000000,2973,12.854943835,15.341551585
nuscenes,scene-1094_032,yaw,1.000000000,deg,34784,2993,8.604530819,1,108,104,96.296296296,2940,25.657444533,30.515337823
nuscenes,scene-1094_032,yaw,2.000000000,deg,34784,3003,8.633279669,1,108,95,87.962962963,2880,51.121148209,60.421053134
nuscenes,scene-1094_032,yaw,3.000000000,deg,34784,2990,8.595906164,1,108,87,80.555555556,2815,76.374881124,89.769414920
nuscenes,scene-1094_032,lateral,-0.100000000,m,34784,3000,8.624655014,1,108,108,100.000000000,2986,11.468548712,25.331767327
nuscenes,scene-1094_032,lateral,-0.050000000,m,34784,2999,8.621780129,1,108,108,100.000000000,2992,5.737961765,12.665080613
nuscenes,scene-1094_032,lateral,-0.020000000,m,34784,3000,8.624655014,1,108,108,100.000000000,2996,2.297740463,5.067279914
nuscenes,scene-1094_032,lateral,0.000000000,m,34784,2999,8.621780129,1,108,108,100.000000000,2999,0.000000000,0.000000000
nuscenes,scene-1094_032,lateral,0.020000000,m,34784,3000,8.624655014,1,108,108,100.000000000,2995,2.295621694,5.066039165
nuscenes,scene-1094_032,lateral,0.050000000,m,34784,3002,8.630404784,1,108,108,100.000000000,2991,5.736141771,12.658524264
nuscenes,scene-1094_032,lateral,0.100000000,m,34784,3001,8.627529899,1,108,108,100.000000000,2982,11.437203351,25.265000570
nuscenes,scene-1094_033,yaw,-3.000000000,deg,34720,3000,8.640552995,2,90,40,44.444444444,2846,76.340432878,89.730571366
nuscenes,scene-1094_033,yaw,-2.000000000,deg,34720,3005,8.654953917,2,90,55,61.111111111,2895,51.083690495,60.357556921
nuscenes,scene-1094_033,yaw,-1.000000000,deg,34720,3012,8.675115207,2,90,75,83.333333333,2956,25.658693840,30.473448900
nuscenes,scene-1094_033,yaw,-0.500000000,deg,34720,3020,8.698156682,2,90,85,94.444444444,2991,12.862135569,15.302420581
nuscenes,scene-1094_033,yaw,0.000000000,deg,34720,3016,8.686635945,2,90,90,100.000000000,3016,0.000000000,0.000000000
nuscenes,scene-1094_033,yaw,0.500000000,deg,34720,3029,8.724078341,2,90,90,100.000000000,2993,12.868782093,15.342667062
nuscenes,scene-1094_033,yaw,1.000000000,deg,34720,3021,8.701036866,2,90,83,92.222222222,2959,25.679978439,30.445805943
nuscenes,scene-1094_033,yaw,2.000000000,deg,34720,3025,8.712557604,2,90,66,73.333333333,2901,51.178163766,60.398859881
nuscenes,scene-1094_033,yaw,3.000000000,deg,34720,3025,8.712557604,2,90,47,52.222222222,2837,76.471427635,89.572170637
nuscenes,scene-1094_033,lateral,-0.100000000,m,34720,3020,8.698156682,2,90,90,100.000000000,2999,11.656888181,25.012559635
nuscenes,scene-1094_033,lateral,-0.050000000,m,34720,3025,8.712557604,2,90,90,100.000000000,3010,5.836280026,12.507118641
nuscenes,scene-1094_033,lateral,-0.020000000,m,34720,3019,8.695276498,2,90,90,100.000000000,3013,2.336198134,5.003688734
nuscenes,scene-1094_033,lateral,0.000000000,m,34720,3016,8.686635945,2,90,90,100.000000000,3016,0.000000000,0.000000000
nuscenes,scene-1094_033,lateral,0.020000000,m,34720,3019,8.695276498,2,90,89,98.888888889,3013,2.334708446,5.002768294
nuscenes,scene-1094_033,lateral,0.050000000,m,34720,3019,8.695276498,2,90,89,98.888888889,3007,5.831119098,12.505769889
nuscenes,scene-1094_033,lateral,0.100000000,m,34720,3020,8.698156682,2,90,87,96.666666667,3000,11.645467559,25.007617735
nuscenes,scene-1094_034,yaw,-3.000000000,deg,34720,2856,8.225806452,1,13,0,0.000000000,2698,76.594876115,89.724621716
nuscenes,scene-1094_034,yaw,-2.000000000,deg,34720,2862,8.243087558,1,13,6,46.153846154,2751,51.275064611,60.413662721
nuscenes,scene-1094_034,yaw,-1.000000000,deg,34720,2856,8.225806452,1,13,13,100.000000000,2802,25.742348315,30.518270635
nuscenes,scene-1094_034,yaw,-0.500000000,deg,34720,2852,8.214285714,1,13,13,100.000000000,2824,12.895485137,15.320457919
nuscenes,scene-1094_034,yaw,0.000000000,deg,34720,2856,8.225806452,1,13,13,100.000000000,2856,0.000000000,0.000000000
nuscenes,scene-1094_034,yaw,0.500000000,deg,34720,2850,8.208525346,1,13,13,100.000000000,2825,12.901522346,15.331174819
nuscenes,scene-1094_034,yaw,1.000000000,deg,34720,2861,8.240207373,1,13,13,100.000000000,2800,25.764970675,30.539114279
nuscenes,scene-1094_034,yaw,2.000000000,deg,34720,2862,8.243087558,1,13,7,53.846153846,2735,51.310068453,60.425249556
nuscenes,scene-1094_034,yaw,3.000000000,deg,34720,2860,8.237327189,1,13,1,7.692307692,2679,76.707976542,90.000501188
nuscenes,scene-1094_034,lateral,-0.100000000,m,34720,2849,8.205645161,1,13,13,100.000000000,2833,12.495299365,25.325310273
nuscenes,scene-1094_034,lateral,-0.050000000,m,34720,2851,8.211405530,1,13,13,100.000000000,2843,6.259649797,12.669897070
nuscenes,scene-1094_034,lateral,-0.020000000,m,34720,2850,8.208525346,1,13,13,100.000000000,2848,2.506134815,5.069311856
nuscenes,scene-1094_034,lateral,0.000000000,m,34720,2856,8.225806452,1,13,13,100.000000000,2856,0.000000000,0.000000000
nuscenes,scene-1094_034,lateral,0.020000000,m,34720,2850,8.208525346,1,13,13,100.000000000,2847,2.505418211,5.068769839
nuscenes,scene-1094_034,lateral,0.050000000,m,34720,2853,8.217165899,1,13,13,100.000000000,2844,6.265813662,12.672425425
nuscenes,scene-1094_034,lateral,0.100000000,m,34720,2856,8.225806452,1,13,13,100.000000000,2836,12.512076627,25.338855919
nuscenes,scene-1094_035,yaw,-3.000000000,deg,34720,2829,8.148041475,0,0,0,,2657,76.320329444,89.841297760
nuscenes,scene-1094_035,yaw,-2.000000000,deg,34720,2818,8.116359447,0,0,0,,2708,51.091284435,60.445883845
nuscenes,scene-1094_035,yaw,-1.000000000,deg,34720,2810,8.093317972,0,0,0,,2758,25.651967735,30.497629065
nuscenes,scene-1094_035,yaw,-0.500000000,deg,34720,2815,8.107718894,0,0,0,,2789,12.857516647,15.316216010
nuscenes,scene-1094_035,yaw,0.000000000,deg,34720,2820,8.122119816,0,0,0,,2820,0.000000000,0.000000000
nuscenes,scene-1094_035,yaw,0.500000000,deg,34720,2813,8.101958525,0,0,0,,2789,12.862282106,15.298654859
nuscenes,scene-1094_035,yaw,1.000000000,deg,34720,2818,8.116359447,0,0,0,,2768,25.690172525,30.488441566
nuscenes,scene-1094_035,yaw,2.000000000,deg,34720,2808,8.087557604,0,0,0,,2712,51.194532656,60.381884943
nuscenes,scene-1094_035,yaw,3.000000000,deg,34720,2806,8.081797235,0,0,0,,2659,76.545075532,89.734767618
nuscenes,scene-1094_035,lateral,-0.100000000,m,34720,2813,8.101958525,0,0,0,,2797,12.214799661,26.048799057
nuscenes,scene-1094_035,lateral,-0.050000000,m,34720,2818,8.116359447,0,0,0,,2809,6.122114292,13.093514368
nuscenes,scene-1094_035,lateral,-0.020000000,m,34720,2819,8.119239631,0,0,0,,2815,2.452816430,5.256754672
nuscenes,scene-1094_035,lateral,0.000000000,m,34720,2820,8.122119816,0,0,0,,2820,0.000000000,0.000000000
nuscenes,scene-1094_035,lateral,0.020000000,m,34720,2819,8.119239631,0,0,0,,2814,2.451233945,5.249388790
nuscenes,scene-1094_035,lateral,0.050000000,m,34720,2823,8.130760369,0,0,0,,2812,6.129327924,13.126301426
nuscenes,scene-1094_035,lateral,0.100000000,m,34720,2819,8.119239631,0,0,0,,2802,12.241524603,26.278527046
nuscenes,scene-1094_036,yaw,-3.000000000,deg,34720,2764,7.960829493,1,17,1,5.882352941,2589,76.247606090,89.615117507
nuscenes,scene-1094_036,yaw,-2.000000000,deg,34720,2764,7.960829493,1,17,7,41.176470588,2642,51.055998543,60.311528720
nuscenes,scene-1094_036,yaw,-1.000000000,deg,34720,2763,7.957949309,1,17,13,76.470588235,2702,25.654729051,30.457812031
nuscenes,scene-1094_036,yaw,-0.500000000,deg,34720,2760,7.949308756,1,17,17,100.000000000,2727,12.854218388,15.291820842
nuscenes,scene-1094_036,yaw,0.000000000,deg,34720,2760,7.949308756,1,17,17,100.000000000,2760,0.000000000,0.000000000
nuscenes,scene-1094_036,yaw,0.500000000,deg,34720,2758,7.943548387,1,17,17,100.000000000,2738,12.869914229,15.322825986
nuscenes,scene-1094_036,yaw,1.000000000,deg,34720,2759,7.946428571,1,17,14,82.352941176,2712,25.693661501,30.531936331
nuscenes,scene-1094_036,yaw,2.000000000,deg,34720,2747,7.911866359,1,17,8,47.058823529,2652,51.179064294,60.461834037
nuscenes,scene-1094_036,yaw,3.000000000,deg,34720,2743,7.900345622,1,17,2,11.764705882,2591,76.460198827,89.591927231
nuscenes,scene-1094_036,lateral,-0.100000000,m,34720,2755,7.934907834,1,17,17,100.000000000,2740,12.795708982,26.860055891
nuscenes,scene-1094_036,lateral,-0.050000000,m,34720,2756,7.937788018,1,17,17,100.000000000,2751,6.423937179,13.498171815
nuscenes,scene-1094_036,lateral,-0.020000000,m,34720,2757,7.940668203,1,17,17,100.000000000,2756,2.574204625,5.404862087
nuscenes,scene-1094_036,lateral,0.000000000,m,34720,2760,7.949308756,1,17,17,100.000000000,2760,0.000000000,0.000000000
nuscenes,scene-1094_036,lateral,0.020000000,m,34720,2762,7.955069124,1,17,17,100.000000000,2754,2.575119502,5.405722471
nuscenes,scene-1094_036,lateral,0.050000000,m,34720,2765,7.963709677,1,17,17,100.000000000,2750,6.434049606,13.514211367
nuscenes,scene-1094_036,lateral,0.100000000,m,34720,2768,7.972350230,1,17,17,100.000000000,2743,12.859002065,27.030158587
nuscenes,scene-1094_037,yaw,-3.000000000,deg,34752,2742,7.890193370,0,0,0,,2572,76.011803158,89.643239547
nuscenes,scene-1094_037,yaw,-2.000000000,deg,34752,2733,7.864295580,0,0,0,,2623,50.887821630,60.267870564
nuscenes,scene-1094_037,yaw,-1.000000000,deg,34752,2723,7.835520258,0,0,0,,2672,25.550587679,30.444868746
nuscenes,scene-1094_037,yaw,-0.500000000,deg,34752,2720,7.826887661,0,0,0,,2693,12.798407882,15.274533593
nuscenes,scene-1094_037,yaw,0.000000000,deg,34752,2715,7.812500000,0,0,0,,2715,0.000000000,0.000000000
nuscenes,scene-1094_037,yaw,0.500000000,deg,34752,2713,7.806744936,0,0,0,,2689,12.802058342,15.306182365
nuscenes,scene-1094_037,yaw,1.000000000,deg,34752,2709,7.795234807,0,0,0,,2661,25.551309374,30.499822735
nuscenes,scene-1094_037,yaw,2.000000000,deg,34752,2704,7.780847145,0,0,0,,2604,50.899437765,60.400015307
nuscenes,scene-1094_037,yaw,3.000000000,deg,34752,2700,7.769337017,0,0,0,,2541,76.004434261,89.506046842
nuscenes,scene-1094_037,lateral,-0.100000000,m,34752,2712,7.803867403,0,0,0,,2695,12.258436066,25.893294490
nuscenes,scene-1094_037,lateral,-0.050000000,m,34752,2716,7.815377532,0,0,0,,2707,6.144850059,12.980678492
nuscenes,scene-1094_037,lateral,-0.020000000,m,34752,2716,7.815377532,0,0,0,,2711,2.459668085,5.191084123
nuscenes,scene-1094_037,lateral,0.000000000,m,34752,2715,7.812500000,0,0,0,,2715,0.000000000,0.000000000
nuscenes,scene-1094_037,lateral,0.020000000,m,34752,2710,7.798112339,0,0,0,,2708,2.457996613,5.186452209
nuscenes,scene-1094_037,lateral,0.050000000,m,34752,2715,7.812500000,0,0,0,,2705,6.137845463,12.951604636
nuscenes,scene-1094_037,lateral,0.100000000,m,34752,2716,7.815377532,0,0,0,,2696,12.257411215,25.889749548
nuscenes,scene-1094_038,yaw,-3.000000000,deg,34688,2647,7.630880996,2,60,32,53.333333333,2473,75.833409328,89.782606295
nuscenes,scene-1094_038,yaw,-2.000000000,deg,34688,2635,7.596286900,2,60,42,70.000000000,2520,50.766013718,60.433351178
nuscenes,scene-1094_038,yaw,-1.000000000,deg,34688,2626,7.570341328,2,60,54,90.000000000,2569,25.495105711,30.523856571
nuscenes,scene-1094_038,yaw,-0.500000000,deg,34688,2617,7.544395756,2,60,60,100.000000000,2590,12.771885859,15.326782361
nuscenes,scene-1094_038,yaw,0.000000000,deg,34688,2624,7.564575646,2,60,60,100.000000000,2624,0.000000000,0.000000000
nuscenes,scene-1094_038,yaw,0.500000000,deg,34688,2620,7.553044280,2,60,57,95.000000000,2594,12.781494936,15.339972327
nuscenes,scene-1094_038,yaw,1.000000000,deg,34688,2625,7.567458487,2,60,55,91.666666667,2566,25.507101272,30.474735749
nuscenes,scene-1094_038,yaw,2.000000000,deg,34688,2621,7.555927122,2,60,46,76.666666667,2514,50.815491614,60.256113223
nuscenes,scene-1094_038,yaw,3.000000000,deg,34688,2620,7.553044280,2,60,32,53.333333333,2469,75.981984739,89.629723631
nuscenes,scene-1094_038,lateral,-0.100000000,m,34688,2616,7.541512915,2,60,59,98.333333333,2601,12.865510342,26.291624044
nuscenes,scene-1094_038,lateral,-0.050000000,m,34688,2617,7.544395756,2,60,60,100.000000000,2610,6.448643102,13.158472347
nuscenes,scene-1094_038,lateral,-0.020000000,m,34688,2621,7.555927122,2,60,60,100.000000000,2618,2.583514077,5.266495684
nuscenes,scene-1094_038,lateral,0.000000000,m,34688,2624,7.564575646,2,60,60,100.000000000,2624,0.000000000,0.000000000
nuscenes,scene-1094_038,lateral,0.020000000,m,34688,2619,7.550161439,2,60,60,100.000000000,2617,2.581765628,5.267269778
nuscenes,scene-1094_038,lateral,0.050000000,m,34688,2619,7.550161439,2,60,60,100.000000000,2612,6.459752729,13.175986607
nuscenes,scene-1094_038,lateral,0.100000000,m,34688,2615,7.538630074,2,60,60,100.000000000,2598,12.928918083,26.387250790
nuscenes,scene-1094_039,yaw,-3.000000000,deg,34720,2629,7.572004608,2,21,1,4.761904762,2506,75.902549127,89.620169160
nuscenes,scene-1094_039,yaw,-2.000000000,deg,34720,2633,7.583525346,2,21,4,19.047619048,2547,50.769343381,60.300796821
nuscenes,scene-1094_039,yaw,-1.000000000,deg,34720,2636,7.592165899,2,21,13,61.904761905,2593,25.483937976,30.419274386
nuscenes,scene-1094_039,yaw,-0.500000000,deg,34720,2639,7.600806452,2,21,19,90.476190476,2616,12.767339601,15.294445572
nuscenes,scene-1094_039,yaw,0.000000000,deg,34720,2642,7.609447005,2,21,21,100.000000000,2642,0.000000000,0.000000000
nuscenes,scene-1094_039,yaw,0.500000000,deg,34720,2641,7.606566820,2,21,20,95.238095238,2620,12.773627790,15.312364054
nuscenes,scene-1094_039,yaw,1.000000000,deg,34720,2645,7.618087558,2,21,15,71.428571429,2600,25.507305191,30.496031678
nuscenes,scene-1094_039,yaw,2.000000000,deg,34720,2645,7.618087558,2,21,5,23.809523810,2552,50.825843475,60.718268449
nuscenes,scene-1094_039,yaw,3.000000000,deg,34720,2645,7.618087558,2,21,2,9.523809524,2501,75.931377450,90.632568693
nuscenes,scene-1094_039,lateral,-0.100000000,m,34720,2642,7.609447005,2,21,21,100.000000000,2625,12.870684623,26.158891844
nuscenes,scene-1094_039,lateral,-0.050000000,m,34720,2641,7.606566820,2,21,21,100.000000000,2633,6.453844893,13.123225338
nuscenes,scene-1094_039,lateral,-0.020000000,m,34720,2638,7.597926267,2,21,21,100.000000000,2636,2.583549780,5.248742406
nuscenes,scene-1094_039,lateral,0.000000000,m,34720,2642,7.609447005,2,21,21,100.000000000,2642,0.000000000,0.000000000
nuscenes,scene-1094_039,lateral,0.020000000,m,34720,2638,7.597926267,2,21,21,100.000000000,2637,2.588790718,5.268011003
nuscenes,scene-1094_039,lateral,0.050000000,m,34720,2648,7.626728111,2,21,21,100.000000000,2635,6.471727152,13.170639983
nuscenes,scene-1094_039,lateral,0.100000000,m,34720,2653,7.641129032,2,21,21,100.000000000,2626,12.928098060,26.345169488
