dataset,frame_id,family,level,unit,object_index,class,depth_m,range_band,occluded,truncated,n_points,n_hits,box_pct,baseline_box_pct
kitti,000001,yaw,-3.000000000,deg,0,Truck,63.378119070,"far [30,inf)",0,0.000000000,70,0,0.000000000,100.000000000
kitti,000001,yaw,-3.000000000,deg,2,Cyclist,45.763466754,"far [30,inf)",3,0.000000000,18,0,0.000000000,100.000000000
kitti,000001,yaw,-2.000000000,deg,0,Truck,63.378119070,"far [30,inf)",0,0.000000000,70,12,17.142857143,100.000000000
kitti,000001,yaw,-2.000000000,deg,2,Cyclist,45.763466754,"far [30,inf)",3,0.000000000,18,0,0.000000000,100.000000000
kitti,000001,yaw,-1.000000000,deg,0,Truck,63.378119070,"far [30,inf)",0,0.000000000,70,45,64.285714286,100.000000000
kitti,000001,yaw,-1.000000000,deg,2,Cyclist,45.763466754,"far [30,inf)",3,0.000000000,18,0,0.000000000,100.000000000
kitti,000001,yaw,-0.500000000,deg,0,Truck,63.378119070,"far [30,inf)",0,0.000000000,70,59,84.285714286,100.000000000
kitti,000001,yaw,-0.500000000,deg,2,Cyclist,45.763466754,"far [30,inf)",3,0.000000000,18,8,44.444444444,100.000000000
kitti,000001,yaw,0.000000000,deg,0,Truck,63.378119070,"far [30,inf)",0,0.000000000,70,70,100.000000000,100.000000000
kitti,000001,yaw,0.000000000,deg,2,Cyclist,45.763466754,"far [30,inf)",3,0.000000000,18,18,100.000000000,100.000000000
kitti,000001,yaw,0.500000000,deg,0,Truck,63.378119070,"far [30,inf)",0,0.000000000,70,53,75.714285714,100.000000000
kitti,000001,yaw,0.500000000,deg,2,Cyclist,45.763466754,"far [30,inf)",3,0.000000000,18,10,55.555555556,100.000000000
kitti,000001,yaw,1.000000000,deg,0,Truck,63.378119070,"far [30,inf)",0,0.000000000,70,38,54.285714286,100.000000000
kitti,000001,yaw,1.000000000,deg,2,Cyclist,45.763466754,"far [30,inf)",3,0.000000000,18,0,0.000000000,100.000000000
kitti,000001,yaw,2.000000000,deg,0,Truck,63.378119070,"far [30,inf)",0,0.000000000,70,7,10.000000000,100.000000000
kitti,000001,yaw,2.000000000,deg,2,Cyclist,45.763466754,"far [30,inf)",3,0.000000000,18,0,0.000000000,100.000000000
kitti,000001,yaw,3.000000000,deg,0,Truck,63.378119070,"far [30,inf)",0,0.000000000,70,0,0.000000000,100.000000000
kitti,000001,yaw,3.000000000,deg,2,Cyclist,45.763466754,"far [30,inf)",3,0.000000000,18,0,0.000000000,100.000000000
kitti,000001,lateral,-0.100000000,m,0,Truck,63.378119070,"far [30,inf)",0,0.000000000,70,69,98.571428571,100.000000000
kitti,000001,lateral,-0.100000000,m,2,Cyclist,45.763466754,"far [30,inf)",3,0.000000000,18,18,100.000000000,100.000000000
kitti,000001,lateral,-0.050000000,m,0,Truck,63.378119070,"far [30,inf)",0,0.000000000,70,69,98.571428571,100.000000000
kitti,000001,lateral,-0.050000000,m,2,Cyclist,45.763466754,"far [30,inf)",3,0.000000000,18,18,100.000000000,100.000000000
kitti,000001,lateral,-0.020000000,m,0,Truck,63.378119070,"far [30,inf)",0,0.000000000,70,70,100.000000000,100.000000000
kitti,000001,lateral,-0.020000000,m,2,Cyclist,45.763466754,"far [30,inf)",3,0.000000000,18,18,100.000000000,100.000000000
kitti,000001,lateral,0.000000000,m,0,Truck,63.378119070,"far [30,inf)",0,0.000000000,70,70,100.000000000,100.000000000
kitti,000001,lateral,0.000000000,m,2,Cyclist,45.763466754,"far [30,inf)",3,0.000000000,18,18,100.000000000,100.000000000
kitti,000001,lateral,0.020000000,m,0,Truck,63.378119070,"far [30,inf)",0,0.000000000,70,70,100.000000000,100.000000000
kitti,000001,lateral,0.020000000,m,2,Cyclist,45.763466754,"far [30,inf)",3,0.000000000,18,18,100.000000000,100.000000000
kitti,000001,lateral,0.050000000,m,0,Truck,63.378119070,"far [30,inf)",0,0.000000000,70,69,98.571428571,100.000000000
kitti,000001,lateral,0.050000000,m,2,Cyclist,45.763466754,"far [30,inf)",3,0.000000000,18,18,100.000000000,100.000000000
kitti,000001,lateral,0.100000000,m,0,Truck,63.378119070,"far [30,inf)",0,0.000000000,70,68,97.142857143,100.000000000
kitti,000001,lateral,0.100000000,m,2,Cyclist,45.763466754,"far [30,inf)",3,0.000000000,18,17,94.444444444,100.000000000
kitti,000004,yaw,-3.000000000,deg,0,Car,37.089852360,"far [30,inf)",0,0.000000000,77,18,23.376623377,100.000000000
kitti,000004,yaw,-3.000000000,deg,1,Car,49.785257928,"far [30,inf)",0,0.000000000,26,0,0.000000000,100.000000000
kitti,000004,yaw,-2.000000000,deg,0,Car,37.089852360,"far [30,inf)",0,0.000000000,77,38,49.350649351,100.000000000
kitti,000004,yaw,-2.000000000,deg,1,Car,49.785257928,"far [30,inf)",0,0.000000000,26,9,34.615384615,100.000000000
kitti,000004,yaw,-1.000000000,deg,0,Car,37.089852360,"far [30,inf)",0,0.000000000,77,63,81.818181818,100.000000000
kitti,000004,yaw,-1.000000000,deg,1,Car,49.785257928,"far [30,inf)",0,0.000000000,26,17,65.384615385,100.000000000
kitti,000004,yaw,-0.500000000,deg,0,Car,37.089852360,"far [30,inf)",0,0.000000000,77,72,93.506493506,100.000000000
kitti,000004,yaw,-0.500000000,deg,1,Car,49.785257928,"far [30,inf)",0,0.000000000,26,23,88.461538462,100.000000000
kitti,000004,yaw,0.000000000,deg,0,Car,37.089852360,"far [30,inf)",0,0.000000000,77,77,100.000000000,100.000000000
kitti,000004,yaw,0.000000000,deg,1,Car,49.785257928,"far [30,inf)",0,0.000000000,26,26,100.000000000,100.000000000
kitti,000004,yaw,0.500000000,deg,0,Car,37.089852360,"far [30,inf)",0,0.000000000,77,75,97.402597403,100.000000000
kitti,000004,yaw,0.500000000,deg,1,Car,49.785257928,"far [30,inf)",0,0.000000000,26,22,84.615384615,100.000000000
kitti,000004,yaw,1.000000000,deg,0,Car,37.089852360,"far [30,inf)",0,0.000000000,77,65,84.415584416,100.000000000
kitti,000004,yaw,1.000000000,deg,1,Car,49.785257928,"far [30,inf)",0,0.000000000,26,17,65.384615385,100.000000000
kitti,000004,yaw,2.000000000,deg,0,Car,37.089852360,"far [30,inf)",0,0.000000000,77,47,61.038961039,100.000000000
kitti,000004,yaw,2.000000000,deg,1,Car,49.785257928,"far [30,inf)",0,0.000000000,26,9,34.615384615,100.000000000
kitti,000004,yaw,3.000000000,deg,0,Car,37.089852360,"far [30,inf)",0,0.000000000,77,21,27.272727273,100.000000000
kitti,000004,yaw,3.000000000,deg,1,Car,49.785257928,"far [30,inf)",0,0.000000000,26,0,0.000000000,100.000000000
kitti,000004,lateral,-0.100000000,m,0,Car,37.089852360,"far [30,inf)",0,0.000000000,77,77,100.000000000,100.000000000
kitti,000004,lateral,-0.100000000,m,1,Car,49.785257928,"far [30,inf)",0,0.000000000,26,26,100.000000000,100.000000000
kitti,000004,lateral,-0.050000000,m,0,Car,37.089852360,"far [30,inf)",0,0.000000000,77,77,100.000000000,100.000000000
kitti,000004,lateral,-0.050000000,m,1,Car,49.785257928,"far [30,inf)",0,0.000000000,26,26,100.000000000,100.000000000
kitti,000004,lateral,-0.020000000,m,0,Car,37.089852360,"far [30,inf)",0,0.000000000,77,77,100.000000000,100.000000000
kitti,000004,lateral,-0.020000000,m,1,Car,49.785257928,"far [30,inf)",0,0.000000000,26,26,100.000000000,100.000000000
kitti,000004,lateral,0.000000000,m,0,Car,37.089852360,"far [30,inf)",0,0.000000000,77,77,100.000000000,100.000000000
kitti,000004,lateral,0.000000000,m,1,Car,49.785257928,"far [30,inf)",0,0.000000000,26,26,100.000000000,100.000000000
kitti,000004,lateral,0.020000000,m,0,Car,37.089852360,"far [30,inf)",0,0.000000000,77,77,100.000000000,100.000000000
kitti,000004,lateral,0.020000000,m,1,Car,49.785257928,"far [30,inf)",0,0.000000000,26,26,100.000000000,100.000000000
kitti,000004,lateral,0.050000000,m,0,Car,37.089852360,"far [30,inf)",0,0.000000000,77,77,100.000000000,100.000000000
kitti,000004,lateral,0.050000000,m,1,Car,49.785257928,"far [30,inf)",0,0.000000000,26,26,100.000000000,100.000000000
kitti,000004,lateral,0.100000000,m,0,Car,37.089852360,"far [30,inf)",0,0.000000000,77,77,100.000000000,100.000000000
kitti,000004,lateral,0.100000000,m,1,Car,49.785257928,"far [30,inf)",0,0.000000000,26,26,100.000000000,100.000000000
kitti,000007,yaw,-3.000000000,deg,0,Car,23.546242939,"middle [10,30)",0,0.000000000,191,46,24.083769634,100.000000000
kitti,000007,yaw,-3.000000000,deg,1,Car,45.843152264,"far [30,inf)",0,0.000000000,19,0,0.000000000,100.000000000
kitti,000007,yaw,-3.000000000,deg,3,Cyclist,34.014976287,"far [30,inf)",0,0.000000000,25,0,0.000000000,100.000000000
kitti,000007,yaw,-2.000000000,deg,0,Car,23.546242939,"middle [10,30)",0,0.000000000,191,100,52.356020942,100.000000000
kitti,000007,yaw,-2.000000000,deg,1,Car,45.843152264,"far [30,inf)",0,0.000000000,19,5,26.315789474,100.000000000
kitti,000007,yaw,-2.000000000,deg,3,Cyclist,34.014976287,"far [30,inf)",0,0.000000000,25,0,0.000000000,100.000000000
kitti,000007,yaw,-1.000000000,deg,0,Car,23.546242939,"middle [10,30)",0,0.000000000,191,155,81.151832461,100.000000000
kitti,000007,yaw,-1.000000000,deg,1,Car,45.843152264,"far [30,inf)",0,0.000000000,19,13,68.421052632,100.000000000
kitti,000007,yaw,-1.000000000,deg,3,Cyclist,34.014976287,"far [30,inf)",0,0.000000000,25,6,24.000000000,100.000000000
kitti,000007,yaw,-0.500000000,deg,0,Car,23.546242939,"middle [10,30)",0,0.000000000,191,178,93.193717277,100.000000000
kitti,000007,yaw,-0.500000000,deg,1,Car,45.843152264,"far [30,inf)",0,0.000000000,19,18,94.736842105,100.000000000
kitti,000007,yaw,-0.500000000,deg,3,Cyclist,34.014976287,"far [30,inf)",0,0.000000000,25,21,84.000000000,100.000000000
kitti,000007,yaw,0.000000000,deg,0,Car,23.546242939,"middle [10,30)",0,0.000000000,191,191,100.000000000,100.000000000
kitti,000007,yaw,0.000000000,deg,1,Car,45.843152264,"far [30,inf)",0,0.000000000,19,19,100.000000000,100.000000000
kitti,000007,yaw,0.000000000,deg,3,Cyclist,34.014976287,"far [30,inf)",0,0.000000000,25,25,100.000000000,100.000000000
kitti,000007,yaw,0.500000000,deg,0,Car,23.546242939,"middle [10,30)",0,0.000000000,191,172,90.052356021,100.000000000
kitti,000007,yaw,0.500000000,deg,1,Car,45.843152264,"far [30,inf)",0,0.000000000,19,13,68.421052632,100.000000000
kitti,000007,yaw,0.500000000,deg,3,Cyclist,34.014976287,"far [30,inf)",0,0.000000000,25,24,96.000000000,100.000000000
kitti,000007,yaw,1.000000000,deg,0,Car,23.546242939,"middle [10,30)",0,0.000000000,191,150,78.534031414,100.000000000
kitti,000007,yaw,1.000000000,deg,1,Car,45.843152264,"far [30,inf)",0,0.000000000,19,10,52.631578947,100.000000000
kitti,000007,yaw,1.000000000,deg,3,Cyclist,34.014976287,"far [30,inf)",0,0.000000000,25,11,44.000000000,100.000000000
kitti,000007,yaw,2.000000000,deg,0,Car,23.546242939,"middle [10,30)",0,0.000000000,191,98,51.308900524,100.000000000
kitti,000007,yaw,2.000000000,deg,1,Car,45.843152264,"far [30,inf)",0,0.000000000,19,1,5.263157895,100.000000000
kitti,000007,yaw,2.000000000,deg,3,Cyclist,34.014976287,"far [30,inf)",0,0.000000000,25,0,0.000000000,100.000000000
kitti,000007,yaw,3.000000000,deg,0,Car,23.546242939,"middle [10,30)",0,0.000000000,191,42,21.989528796,100.000000000
kitti,000007,yaw,3.000000000,deg,1,Car,45.843152264,"far [30,inf)",0,0.000000000,19,0,0.000000000,100.000000000
kitti,000007,yaw,3.000000000,deg,3,Cyclist,34.014976287,"far [30,inf)",0,0.000000000,25,0,0.000000000,100.000000000
kitti,000007,lateral,-0.100000000,m,0,Car,23.546242939,"middle [10,30)",0,0.000000000,191,189,98.952879581,100.000000000
kitti,000007,lateral,-0.100000000,m,1,Car,45.843152264,"far [30,inf)",0,0.000000000,19,19,100.000000000,100.000000000
kitti,000007,lateral,-0.100000000,m,3,Cyclist,34.014976287,"far [30,inf)",0,0.000000000,25,25,100.000000000,100.000000000
kitti,000007,lateral,-0.050000000,m,0,Car,23.546242939,"middle [10,30)",0,0.000000000,191,190,99.476439791,100.000000000
kitti,000007,lateral,-0.050000000,m,1,Car,45.843152264,"far [30,inf)",0,0.000000000,19,19,100.000000000,100.000000000
kitti,000007,lateral,-0.050000000,m,3,Cyclist,34.014976287,"far [30,inf)",0,0.000000000,25,25,100.000000000,100.000000000
kitti,000007,lateral,-0.020000000,m,0,Car,23.546242939,"middle [10,30)",0,0.000000000,191,191,100.000000000,100.000000000
kitti,000007,lateral,-0.020000000,m,1,Car,45.843152264,"far [30,inf)",0,0.000000000,19,19,100.000000000,100.000000000
kitti,000007,lateral,-0.020000000,m,3,Cyclist,34.014976287,"far [30,inf)",0,0.000000000,25,25,100.000000000,100.000000000
kitti,000007,lateral,0.000000000,m,0,Car,23.546242939,"middle [10,30)",0,0.000000000,191,191,100.000000000,100.000000000
kitti,000007,lateral,0.000000000,m,1,Car,45.843152264,"far [30,inf)",0,0.000000000,19,19,100.000000000,100.000000000
kitti,000007,lateral,0.000000000,m,3,Cyclist,34.014976287,"far [30,inf)",0,0.000000000,25,25,100.000000000,100.000000000
kitti,000007,lateral,0.020000000,m,0,Car,23.546242939,"middle [10,30)",0,0.000000000,191,191,100.000000000,100.000000000
kitti,000007,lateral,0.020000000,m,1,Car,45.843152264,"far [30,inf)",0,0.000000000,19,19,100.000000000,100.000000000
kitti,000007,lateral,0.020000000,m,3,Cyclist,34.014976287,"far [30,inf)",0,0.000000000,25,25,100.000000000,100.000000000
kitti,000007,lateral,0.050000000,m,0,Car,23.546242939,"middle [10,30)",0,0.000000000,191,191,100.000000000,100.000000000
kitti,000007,lateral,0.050000000,m,1,Car,45.843152264,"far [30,inf)",0,0.000000000,19,18,94.736842105,100.000000000
kitti,000007,lateral,0.050000000,m,3,Cyclist,34.014976287,"far [30,inf)",0,0.000000000,25,25,100.000000000,100.000000000
kitti,000007,lateral,0.100000000,m,0,Car,23.546242939,"middle [10,30)",0,0.000000000,191,186,97.382198953,100.000000000
kitti,000007,lateral,0.100000000,m,1,Car,45.843152264,"far [30,inf)",0,0.000000000,19,18,94.736842105,100.000000000
kitti,000007,lateral,0.100000000,m,3,Cyclist,34.014976287,"far [30,inf)",0,0.000000000,25,25,100.000000000,100.000000000
kitti,000008,yaw,-3.000000000,deg,0,Car,3.548954717,"near [0,10)",3,0.880000000,1424,1309,91.924157303,99.157303371
kitti,000008,yaw,-3.000000000,deg,1,Car,6.723541408,"near [0,10)",1,0.000000000,1940,1749,90.154639175,100.000000000
kitti,000008,yaw,-3.000000000,deg,2,Car,4.921343034,"near [0,10)",3,0.340000000,878,655,74.601366743,99.202733485
kitti,000008,yaw,-3.000000000,deg,3,Car,12.984946690,"middle [10,30)",1,0.000000000,668,501,75.000000000,100.000000000
kitti,000008,yaw,-3.000000000,deg,4,Car,31.673108892,"far [30,inf)",0,0.000000000,53,9,16.981132075,100.000000000
kitti,000008,yaw,-3.000000000,deg,5,Car,18.909521958,"middle [10,30)",0,0.000000000,164,53,32.317073171,100.000000000
kitti,000008,yaw,-2.000000000,deg,0,Car,3.548954717,"near [0,10)",3,0.880000000,1424,1372,96.348314607,99.157303371
kitti,000008,yaw,-2.000000000,deg,1,Car,6.723541408,"near [0,10)",1,0.000000000,1940,1842,94.948453608,100.000000000
kitti,000008,yaw,-2.000000000,deg,2,Car,4.921343034,"near [0,10)",3,0.340000000,878,726,82.687927107,99.202733485
kitti,000008,yaw,-2.000000000,deg,3,Car,12.984946690,"middle [10,30)",1,0.000000000,668,582,87.125748503,100.000000000
kitti,000008,yaw,-2.000000000,deg,4,Car,31.673108892,"far [30,inf)",0,0.000000000,53,32,60.377358491,100.000000000
kitti,000008,yaw,-2.000000000,deg,5,Car,18.909521958,"middle [10,30)",0,0.000000000,164,92,56.097560976,100.000000000
kitti,000008,yaw,-1.000000000,deg,0,Car,3.548954717,"near [0,10)",3,0.880000000,1424,1421,99.789325843,99.157303371
kitti,000008,yaw,-1.000000000,deg,1,Car,6.723541408,"near [0,10)",1,0.000000000,1940,1932,99.587628866,100.000000000
kitti,000008,yaw,-1.000000000,deg,2,Car,4.921343034,"near [0,10)",3,0.340000000,878,804,91.571753986,99.202733485
kitti,000008,yaw,-1.000000000,deg,3,Car,12.984946690,"middle [10,30)",1,0.000000000,668,633,94.760479042,100.000000000
kitti,000008,yaw,-1.000000000,deg,4,Car,31.673108892,"far [30,inf)",0,0.000000000,53,47,88.679245283,100.000000000
kitti,000008,yaw,-1.000000000,deg,5,Car,18.909521958,"middle [10,30)",0,0.000000000,164,136,82.926829268,100.000000000
kitti,000008,yaw,-0.500000000,deg,0,Car,3.548954717,"near [0,10)",3,0.880000000,1424,1421,99.789325843,99.157303371
kitti,000008,yaw,-0.500000000,deg,1,Car,6.723541408,"near [0,10)",1,0.000000000,1940,1940,100.000000000,100.000000000
kitti,000008,yaw,-0.500000000,deg,2,Car,4.921343034,"near [0,10)",3,0.340000000,878,842,95.899772210,99.202733485
kitti,000008,yaw,-0.500000000,deg,3,Car,12.984946690,"middle [10,30)",1,0.000000000,668,659,98.652694611,100.000000000
kitti,000008,yaw,-0.500000000,deg,4,Car,31.673108892,"far [30,inf)",0,0.000000000,53,53,100.000000000,100.000000000
kitti,000008,yaw,-0.500000000,deg,5,Car,18.909521958,"middle [10,30)",0,0.000000000,164,155,94.512195122,100.000000000
kitti,000008,yaw,0.000000000,deg,0,Car,3.548954717,"near [0,10)",3,0.880000000,1424,1412,99.157303371,99.157303371
kitti,000008,yaw,0.000000000,deg,1,Car,6.723541408,"near [0,10)",1,0.000000000,1940,1940,100.000000000,100.000000000
kitti,000008,yaw,0.000000000,deg,2,Car,4.921343034,"near [0,10)",3,0.340000000,878,871,99.202733485,99.202733485
kitti,000008,yaw,0.000000000,deg,3,Car,12.984946690,"middle [10,30)",1,0.000000000,668,668,100.000000000,100.000000000
kitti,000008,yaw,0.000000000,deg,4,Car,31.673108892,"far [30,inf)",0,0.000000000,53,53,100.000000000,100.000000000
kitti,000008,yaw,0.000000000,deg,5,Car,18.909521958,"middle [10,30)",0,0.000000000,164,164,100.000000000,100.000000000
kitti,000008,yaw,0.500000000,deg,0,Car,3.548954717,"near [0,10)",3,0.880000000,1424,1371,96.278089888,99.157303371
kitti,000008,yaw,0.500000000,deg,1,Car,6.723541408,"near [0,10)",1,0.000000000,1940,1940,100.000000000,100.000000000
kitti,000008,yaw,0.500000000,deg,2,Car,4.921343034,"near [0,10)",3,0.340000000,878,878,100.000000000,99.202733485
kitti,000008,yaw,0.500000000,deg,3,Car,12.984946690,"middle [10,30)",1,0.000000000,668,668,100.000000000,100.000000000
kitti,000008,yaw,0.500000000,deg,4,Car,31.673108892,"far [30,inf)",0,0.000000000,53,48,90.566037736,100.000000000
kitti,000008,yaw,0.500000000,deg,5,Car,18.909521958,"middle [10,30)",0,0.000000000,164,162,98.780487805,100.000000000
kitti,000008,yaw,1.000000000,deg,0,Car,3.548954717,"near [0,10)",3,0.880000000,1424,1325,93.047752809,99.157303371
kitti,000008,yaw,1.000000000,deg,1,Car,6.723541408,"near [0,10)",1,0.000000000,1940,1940,100.000000000,100.000000000
kitti,000008,yaw,1.000000000,deg,2,Car,4.921343034,"near [0,10)",3,0.340000000,878,876,99.772209567,99.202733485
kitti,000008,yaw,1.000000000,deg,3,Car,12.984946690,"middle [10,30)",1,0.000000000,668,655,98.053892216,100.000000000
kitti,000008,yaw,1.000000000,deg,4,Car,31.673108892,"far [30,inf)",0,0.000000000,53,40,75.471698113,100.000000000
kitti,000008,yaw,1.000000000,deg,5,Car,18.909521958,"middle [10,30)",0,0.000000000,164,142,86.585365854,100.000000000
kitti,000008,yaw,2.000000000,deg,0,Car,3.548954717,"near [0,10)",3,0.880000000,1424,1244,87.359550562,99.157303371
kitti,000008,yaw,2.000000000,deg,1,Car,6.723541408,"near [0,10)",1,0.000000000,1940,1928,99.381443299,100.000000000
kitti,000008,yaw,2.000000000,deg,2,Car,4.921343034,"near [0,10)",3,0.340000000,878,844,96.127562642,99.202733485
kitti,000008,yaw,2.000000000,deg,3,Car,12.984946690,"middle [10,30)",1,0.000000000,668,577,86.377245509,100.000000000
kitti,000008,yaw,2.000000000,deg,4,Car,31.673108892,"far [30,inf)",0,0.000000000,53,17,32.075471698,100.000000000
kitti,000008,yaw,2.000000000,deg,5,Car,18.909521958,"middle [10,30)",0,0.000000000,164,99,60.365853659,100.000000000
kitti,000008,yaw,3.000000000,deg,0,Car,3.548954717,"near [0,10)",3,0.880000000,1424,1173,82.373595506,99.157303371
kitti,000008,yaw,3.000000000,deg,1,Car,6.723541408,"near [0,10)",1,0.000000000,1940,1894,97.628865979,100.000000000
kitti,000008,yaw,3.000000000,deg,2,Car,4.921343034,"near [0,10)",3,0.340000000,878,824,93.849658314,99.202733485
kitti,000008,yaw,3.000000000,deg,3,Car,12.984946690,"middle [10,30)",1,0.000000000,668,487,72.904191617,100.000000000
kitti,000008,yaw,3.000000000,deg,4,Car,31.673108892,"far [30,inf)",0,0.000000000,53,3,5.660377358,100.000000000
kitti,000008,yaw,3.000000000,deg,5,Car,18.909521958,"middle [10,30)",0,0.000000000,164,62,37.804878049,100.000000000
kitti,000008,lateral,-0.100000000,m,0,Car,3.548954717,"near [0,10)",3,0.880000000,1424,1410,99.016853933,99.157303371
kitti,000008,lateral,-0.100000000,m,1,Car,6.723541408,"near [0,10)",1,0.000000000,1940,1939,99.948453608,100.000000000
kitti,000008,lateral,-0.100000000,m,2,Car,4.921343034,"near [0,10)",3,0.340000000,878,839,95.558086560,99.202733485
kitti,000008,lateral,-0.100000000,m,3,Car,12.984946690,"middle [10,30)",1,0.000000000,668,663,99.251497006,100.000000000
kitti,000008,lateral,-0.100000000,m,4,Car,31.673108892,"far [30,inf)",0,0.000000000,53,53,100.000000000,100.000000000
kitti,000008,lateral,-0.100000000,m,5,Car,18.909521958,"middle [10,30)",0,0.000000000,164,164,100.000000000,100.000000000
kitti,000008,lateral,-0.050000000,m,0,Car,3.548954717,"near [0,10)",3,0.880000000,1424,1414,99.297752809,99.157303371
kitti,000008,lateral,-0.050000000,m,1,Car,6.723541408,"near [0,10)",1,0.000000000,1940,1940,100.000000000,100.000000000
kitti,000008,lateral,-0.050000000,m,2,Car,4.921343034,"near [0,10)",3,0.340000000,878,856,97.494305239,99.202733485
kitti,000008,lateral,-0.050000000,m,3,Car,12.984946690,"middle [10,30)",1,0.000000000,668,668,100.000000000,100.000000000
kitti,000008,lateral,-0.050000000,m,4,Car,31.673108892,"far [30,inf)",0,0.000000000,53,53,100.000000000,100.000000000
kitti,000008,lateral,-0.050000000,m,5,Car,18.909521958,"middle [10,30)",0,0.000000000,164,164,100.000000000,100.000000000
kitti,000008,lateral,-0.020000000,m,0,Car,3.548954717,"near [0,10)",3,0.880000000,1424,1413,99.227528090,99.157303371
kitti,000008,lateral,-0.020000000,m,1,Car,6.723541408,"near [0,10)",1,0.000000000,1940,1940,100.000000000,100.000000000
kitti,000008,lateral,-0.020000000,m,2,Car,4.921343034,"near [0,10)",3,0.340000000,878,865,98.519362187,99.202733485
kitti,000008,lateral,-0.020000000,m,3,Car,12.984946690,"middle [10,30)",1,0.000000000,668,668,100.000000000,100.000000000
kitti,000008,lateral,-0.020000000,m,4,Car,31.673108892,"far [30,inf)",0,0.000000000,53,53,100.000000000,100.000000000
kitti,000008,lateral,-0.020000000,m,5,Car,18.909521958,"middle [10,30)",0,0.000000000,164,164,100.000000000,100.000000000
kitti,000008,lateral,0.000000000,m,0,Car,3.548954717,"near [0,10)",3,0.880000000,1424,1412,99.157303371,99.157303371
kitti,000008,lateral,0.000000000,m,1,Car,6.723541408,"near [0,10)",1,0.000000000,1940,1940,100.000000000,100.000000000
kitti,000008,lateral,0.000000000,m,2,Car,4.921343034,"near [0,10)",3,0.340000000,878,871,99.202733485,99.202733485
kitti,000008,lateral,0.000000000,m,3,Car,12.984946690,"middle [10,30)",1,0.000000000,668,668,100.000000000,100.000000000
kitti,000008,lateral,0.000000000,m,4,Car,31.673108892,"far [30,inf)",0,0.000000000,53,53,100.000000000,100.000000000
kitti,000008,lateral,0.000000000,m,5,Car,18.909521958,"middle [10,30)",0,0.000000000,164,164,100.000000000,100.000000000
kitti,000008,lateral,0.020000000,m,0,Car,3.548954717,"near [0,10)",3,0.880000000,1424,1400,98.314606742,99.157303371
kitti,000008,lateral,0.020000000,m,1,Car,6.723541408,"near [0,10)",1,0.000000000,1940,1940,100.000000000,100.000000000
kitti,000008,lateral,0.020000000,m,2,Car,4.921343034,"near [0,10)",3,0.340000000,878,874,99.544419134,99.202733485
kitti,000008,lateral,0.020000000,m,3,Car,12.984946690,"middle [10,30)",1,0.000000000,668,668,100.000000000,100.000000000
kitti,000008,lateral,0.020000000,m,4,Car,31.673108892,"far [30,inf)",0,0.000000000,53,53,100.000000000,100.000000000
kitti,000008,lateral,0.020000000,m,5,Car,18.909521958,"middle [10,30)",0,0.000000000,164,164,100.000000000,100.000000000
kitti,000008,lateral,0.050000000,m,0,Car,3.548954717,"near [0,10)",3,0.880000000,1424,1381,96.980337079,99.157303371
kitti,000008,lateral,0.050000000,m,1,Car,6.723541408,"near [0,10)",1,0.000000000,1940,1940,100.000000000,100.000000000
kitti,000008,lateral,0.050000000,m,2,Car,4.921343034,"near [0,10)",3,0.340000000,878,874,99.544419134,99.202733485
kitti,000008,lateral,0.050000000,m,3,Car,12.984946690,"middle [10,30)",1,0.000000000,668,668,100.000000000,100.000000000
kitti,000008,lateral,0.050000000,m,4,Car,31.673108892,"far [30,inf)",0,0.000000000,53,53,100.000000000,100.000000000
kitti,000008,lateral,0.050000000,m,5,Car,18.909521958,"middle [10,30)",0,0.000000000,164,164,100.000000000,100.000000000
kitti,000008,lateral,0.100000000,m,0,Car,3.548954717,"near [0,10)",3,0.880000000,1424,1342,94.241573034,99.157303371
kitti,000008,lateral,0.100000000,m,1,Car,6.723541408,"near [0,10)",1,0.000000000,1940,1940,100.000000000,100.000000000
kitti,000008,lateral,0.100000000,m,2,Car,4.921343034,"near [0,10)",3,0.340000000,878,874,99.544419134,99.202733485
kitti,000008,lateral,0.100000000,m,3,Car,12.984946690,"middle [10,30)",1,0.000000000,668,668,100.000000000,100.000000000
kitti,000008,lateral,0.100000000,m,4,Car,31.673108892,"far [30,inf)",0,0.000000000,53,53,100.000000000,100.000000000
kitti,000008,lateral,0.100000000,m,5,Car,18.909521958,"middle [10,30)",0,0.000000000,164,164,100.000000000,100.000000000
kitti,000009,yaw,-3.000000000,deg,0,Car,22.425058930,"middle [10,30)",0,0.000000000,219,70,31.963470320,100.000000000
kitti,000009,yaw,-2.000000000,deg,0,Car,22.425058930,"middle [10,30)",0,0.000000000,219,124,56.621004566,100.000000000
kitti,000009,yaw,-1.000000000,deg,0,Car,22.425058930,"middle [10,30)",0,0.000000000,219,176,80.365296804,100.000000000
kitti,000009,yaw,-0.500000000,deg,0,Car,22.425058930,"middle [10,30)",0,0.000000000,219,205,93.607305936,100.000000000
kitti,000009,yaw,0.000000000,deg,0,Car,22.425058930,"middle [10,30)",0,0.000000000,219,219,100.000000000,100.000000000
kitti,000009,yaw,0.500000000,deg,0,Car,22.425058930,"middle [10,30)",0,0.000000000,219,203,92.694063927,100.000000000
kitti,000009,yaw,1.000000000,deg,0,Car,22.425058930,"middle [10,30)",0,0.000000000,219,180,82.191780822,100.000000000
kitti,000009,yaw,2.000000000,deg,0,Car,22.425058930,"middle [10,30)",0,0.000000000,219,120,54.794520548,100.000000000
kitti,000009,yaw,3.000000000,deg,0,Car,22.425058930,"middle [10,30)",0,0.000000000,219,66,30.136986301,100.000000000
kitti,000009,lateral,-0.100000000,m,0,Car,22.425058930,"middle [10,30)",0,0.000000000,219,214,97.716894977,100.000000000
kitti,000009,lateral,-0.050000000,m,0,Car,22.425058930,"middle [10,30)",0,0.000000000,219,218,99.543378995,100.000000000
kitti,000009,lateral,-0.020000000,m,0,Car,22.425058930,"middle [10,30)",0,0.000000000,219,219,100.000000000,100.000000000
kitti,000009,lateral,0.000000000,m,0,Car,22.425058930,"middle [10,30)",0,0.000000000,219,219,100.000000000,100.000000000
kitti,000009,lateral,0.020000000,m,0,Car,22.425058930,"middle [10,30)",0,0.000000000,219,219,100.000000000,100.000000000
kitti,000009,lateral,0.050000000,m,0,Car,22.425058930,"middle [10,30)",0,0.000000000,219,219,100.000000000,100.000000000
kitti,000009,lateral,0.100000000,m,0,Car,22.425058930,"middle [10,30)",0,0.000000000,219,217,99.086757991,100.000000000
kitti,000010,yaw,-3.000000000,deg,0,Car,5.104849852,"near [0,10)",0,0.800000000,283,173,61.130742049,97.879858657
kitti,000010,yaw,-3.000000000,deg,1,Car,10.459999883,"middle [10,30)",0,0.000000000,1016,841,82.775590551,100.000000000
kitti,000010,yaw,-3.000000000,deg,2,Pedestrian,23.259630648,"middle [10,30)",2,0.000000000,23,0,0.000000000,100.000000000
kitti,000010,yaw,-3.000000000,deg,3,Car,15.154559696,"middle [10,30)",0,0.000000000,340,199,58.529411765,100.000000000
kitti,000010,yaw,-3.000000000,deg,4,Car,20.680884507,"middle [10,30)",2,0.000000000,48,41,85.416666667,100.000000000
kitti,000010,yaw,-3.000000000,deg,5,Car,22.263749106,"middle [10,30)",0,0.000000000,246,113,45.934959350,100.000000000
kitti,000010,yaw,-3.000000000,deg,6,Car,28.729007151,"middle [10,30)",2,0.000000000,55,0,0.000000000,100.000000000
kitti,000010,yaw,-3.000000000,deg,7,Car,27.179321887,"middle [10,30)",1,0.000000000,33,14,42.424242424,100.000000000
kitti,000010,yaw,-3.000000000,deg,8,Car,41.458670143,"far [30,inf)",1,0.000000000,20,0,0.000000000,100.000000000
kitti,000010,yaw,-2.000000000,deg,0,Car,5.104849852,"near [0,10)",0,0.800000000,283,201,71.024734982,97.879858657
kitti,000010,yaw,-2.000000000,deg,1,Car,10.459999883,"middle [10,30)",0,0.000000000,1016,919,90.452755906,100.000000000
kitti,000010,yaw,-2.000000000,deg,2,Pedestrian,23.259630648,"middle [10,30)",2,0.000000000,23,0,0.000000000,100.000000000
kitti,000010,yaw,-2.000000000,deg,3,Car,15.154559696,"middle [10,30)",0,0.000000000,340,258,75.882352941,100.000000000
kitti,000010,yaw,-2.000000000,deg,4,Car,20.680884507,"middle [10,30)",2,0.000000000,48,45,93.750000000,100.000000000
kitti,000010,yaw,-2.000000000,deg,5,Car,22.263749106,"middle [10,30)",0,0.000000000,246,167,67.886178862,100.000000000
kitti,000010,yaw,-2.000000000,deg,6,Car,28.729007151,"middle [10,30)",2,0.000000000,55,4,7.272727273,100.000000000
kitti,000010,yaw,-2.000000000,deg,7,Car,27.179321887,"middle [10,30)",1,0.000000000,33,29,87.878787879,100.000000000
kitti,000010,yaw,-2.000000000,deg,8,Car,41.458670143,"far [30,inf)",1,0.000000000,20,6,30.000000000,100.000000000
kitti,000010,yaw,-1.000000000,deg,0,Car,5.104849852,"near [0,10)",0,0.800000000,283,238,84.098939929,97.879858657
kitti,000010,yaw,-1.000000000,deg,1,Car,10.459999883,"middle [10,30)",0,0.000000000,1016,995,97.933070866,100.000000000
kitti,000010,yaw,-1.000000000,deg,2,Pedestrian,23.259630648,"middle [10,30)",2,0.000000000,23,2,8.695652174,100.000000000
kitti,000010,yaw,-1.000000000,deg,3,Car,15.154559696,"middle [10,30)",0,0.000000000,340,318,93.529411765,100.000000000
kitti,000010,yaw,-1.000000000,deg,4,Car,20.680884507,"middle [10,30)",2,0.000000000,48,48,100.000000000,100.000000000
kitti,000010,yaw,-1.000000000,deg,5,Car,22.263749106,"middle [10,30)",0,0.000000000,246,218,88.617886179,100.000000000
kitti,000010,yaw,-1.000000000,deg,6,Car,28.729007151,"middle [10,30)",2,0.000000000,55,31,56.363636364,100.000000000
kitti,000010,yaw,-1.000000000,deg,7,Car,27.179321887,"middle [10,30)",1,0.000000000,33,33,100.000000000,100.000000000
kitti,000010,yaw,-1.000000000,deg,8,Car,41.458670143,"far [30,inf)",1,0.000000000,20,18,90.000000000,100.000000000
kitti,000010,yaw,-0.500000000,deg,0,Car,5.104849852,"near [0,10)",0,0.800000000,283,257,90.812720848,97.879858657
kitti,000010,yaw,-0.500000000,deg,1,Car,10.459999883,"middle [10,30)",0,0.000000000,1016,1016,100.000000000,100.000000000
kitti,000010,yaw,-0.500000000,deg,2,Pedestrian,23.259630648,"middle [10,30)",2,0.000000000,23,13,56.521739130,100.000000000
kitti,000010,yaw,-0.500000000,deg,3,Car,15.154559696,"middle [10,30)",0,0.000000000,340,337,99.117647059,100.000000000
kitti,000010,yaw,-0.500000000,deg,4,Car,20.680884507,"middle [10,30)",2,0.000000000,48,48,100.000000000,100.000000000
kitti,000010,yaw,-0.500000000,deg,5,Car,22.263749106,"middle [10,30)",0,0.000000000,246,237,96.341463415,100.000000000
kitti,000010,yaw,-0.500000000,deg,6,Car,28.729007151,"middle [10,30)",2,0.000000000,55,45,81.818181818,100.000000000
kitti,000010,yaw,-0.500000000,deg,7,Car,27.179321887,"middle [10,30)",1,0.000000000,33,33,100.000000000,100.000000000
kitti,000010,yaw,-0.500000000,deg,8,Car,41.458670143,"far [30,inf)",1,0.000000000,20,18,90.000000000,100.000000000
kitti,000010,yaw,0.000000000,deg,0,Car,5.104849852,"near [0,10)",0,0.800000000,283,277,97.879858657,97.879858657
kitti,000010,yaw,0.000000000,deg,1,Car,10.459999883,"middle [10,30)",0,0.000000000,1016,1016,100.000000000,100.000000000
kitti,000010,yaw,0.000000000,deg,2,Pedestrian,23.259630648,"middle [10,30)",2,0.000000000,23,23,100.000000000,100.000000000
kitti,000010,yaw,0.000000000,deg,3,Car,15.154559696,"middle [10,30)",0,0.000000000,340,340,100.000000000,100.000000000
kitti,000010,yaw,0.000000000,deg,4,Car,20.680884507,"middle [10,30)",2,0.000000000,48,48,100.000000000,100.000000000
kitti,000010,yaw,0.000000000,deg,5,Car,22.263749106,"middle [10,30)",0,0.000000000,246,246,100.000000000,100.000000000
kitti,000010,yaw,0.000000000,deg,6,Car,28.729007151,"middle [10,30)",2,0.000000000,55,55,100.000000000,100.000000000
kitti,000010,yaw,0.000000000,deg,7,Car,27.179321887,"middle [10,30)",1,0.000000000,33,33,100.000000000,100.000000000
kitti,000010,yaw,0.000000000,deg,8,Car,41.458670143,"far [30,inf)",1,0.000000000,20,20,100.000000000,100.000000000
kitti,000010,yaw,0.500000000,deg,0,Car,5.104849852,"near [0,10)",0,0.800000000,283,282,99.646643110,97.879858657
kitti,000010,yaw,0.500000000,deg,1,Car,10.459999883,"middle [10,30)",0,0.000000000,1016,1016,100.000000000,100.000000000
kitti,000010,yaw,0.500000000,deg,2,Pedestrian,23.259630648,"middle [10,30)",2,0.000000000,23,19,82.608695652,100.000000000
kitti,000010,yaw,0.500000000,deg,3,Car,15.154559696,"middle [10,30)",0,0.000000000,340,339,99.705882353,100.000000000
kitti,000010,yaw,0.500000000,deg,4,Car,20.680884507,"middle [10,30)",2,0.000000000,48,47,97.916666667,100.000000000
kitti,000010,yaw,0.500000000,deg,5,Car,22.263749106,"middle [10,30)",0,0.000000000,246,246,100.000000000,100.000000000
kitti,000010,yaw,0.500000000,deg,6,Car,28.729007151,"middle [10,30)",2,0.000000000,55,55,100.000000000,100.000000000
kitti,000010,yaw,0.500000000,deg,7,Car,27.179321887,"middle [10,30)",1,0.000000000,33,27,81.818181818,100.000000000
kitti,000010,yaw,0.500000000,deg,8,Car,41.458670143,"far [30,inf)",1,0.000000000,20,20,100.000000000,100.000000000
kitti,000010,yaw,1.000000000,deg,0,Car,5.104849852,"near [0,10)",0,0.800000000,283,275,97.173144876,97.879858657
kitti,000010,yaw,1.000000000,deg,1,Car,10.459999883,"middle [10,30)",0,0.000000000,1016,1016,100.000000000,100.000000000
kitti,000010,yaw,1.000000000,deg,2,Pedestrian,23.259630648,"middle [10,30)",2,0.000000000,23,7,30.434782609,100.000000000
kitti,000010,yaw,1.000000000,deg,3,Car,15.154559696,"middle [10,30)",0,0.000000000,340,326,95.882352941,100.000000000
kitti,000010,yaw,1.000000000,deg,4,Car,20.680884507,"middle [10,30)",2,0.000000000,48,30,62.500000000,100.000000000
kitti,000010,yaw,1.000000000,deg,5,Car,22.263749106,"middle [10,30)",0,0.000000000,246,232,94.308943089,100.000000000
kitti,000010,yaw,1.000000000,deg,6,Car,28.729007151,"middle [10,30)",2,0.000000000,55,53,96.363636364,100.000000000
kitti,000010,yaw,1.000000000,deg,7,Car,27.179321887,"middle [10,30)",1,0.000000000,33,19,57.575757576,100.000000000
kitti,000010,yaw,1.000000000,deg,8,Car,41.458670143,"far [30,inf)",1,0.000000000,20,17,85.000000000,100.000000000
kitti,000010,yaw,2.000000000,deg,0,Car,5.104849852,"near [0,10)",0,0.800000000,283,237,83.745583039,97.879858657
kitti,000010,yaw,2.000000000,deg,1,Car,10.459999883,"middle [10,30)",0,0.000000000,1016,984,96.850393701,100.000000000
kitti,000010,yaw,2.000000000,deg,2,Pedestrian,23.259630648,"middle [10,30)",2,0.000000000,23,0,0.000000000,100.000000000
kitti,000010,yaw,2.000000000,deg,3,Car,15.154559696,"middle [10,30)",0,0.000000000,340,297,87.352941176,100.000000000
kitti,000010,yaw,2.000000000,deg,4,Car,20.680884507,"middle [10,30)",2,0.000000000,48,12,25.000000000,100.000000000
kitti,000010,yaw,2.000000000,deg,5,Car,22.263749106,"middle [10,30)",0,0.000000000,246,187,76.016260163,100.000000000
kitti,000010,yaw,2.000000000,deg,6,Car,28.729007151,"middle [10,30)",2,0.000000000,55,49,89.090909091,100.000000000
kitti,000010,yaw,2.000000000,deg,7,Car,27.179321887,"middle [10,30)",1,0.000000000,33,4,12.121212121,100.000000000
kitti,000010,yaw,2.000000000,deg,8,Car,41.458670143,"far [30,inf)",1,0.000000000,20,5,25.000000000,100.000000000
kitti,000010,yaw,3.000000000,deg,0,Car,5.104849852,"near [0,10)",0,0.800000000,283,206,72.791519435,97.879858657
kitti,000010,yaw,3.000000000,deg,1,Car,10.459999883,"middle [10,30)",0,0.000000000,1016,923,90.846456693,100.000000000
kitti,000010,yaw,3.000000000,deg,2,Pedestrian,23.259630648,"middle [10,30)",2,0.000000000,23,0,0.000000000,100.000000000
kitti,000010,yaw,3.000000000,deg,3,Car,15.154559696,"middle [10,30)",0,0.000000000,340,237,69.705882353,100.000000000
kitti,000010,yaw,3.000000000,deg,4,Car,20.680884507,"middle [10,30)",2,0.000000000,48,6,12.500000000,100.000000000
kitti,000010,yaw,3.000000000,deg,5,Car,22.263749106,"middle [10,30)",0,0.000000000,246,129,52.439024390,100.000000000
kitti,000010,yaw,3.000000000,deg,6,Car,28.729007151,"middle [10,30)",2,0.000000000,55,33,60.000000000,100.000000000
kitti,000010,yaw,3.000000000,deg,7,Car,27.179321887,"middle [10,30)",1,0.000000000,33,0,0.000000000,100.000000000
kitti,000010,yaw,3.000000000,deg,8,Car,41.458670143,"far [30,inf)",1,0.000000000,20,2,10.000000000,100.000000000
kitti,000010,lateral,-0.100000000,m,0,Car,5.104849852,"near [0,10)",0,0.800000000,283,255,90.106007067,97.879858657
kitti,000010,lateral,-0.100000000,m,1,Car,10.459999883,"middle [10,30)",0,0.000000000,1016,1016,100.000000000,100.000000000
kitti,000010,lateral,-0.100000000,m,2,Pedestrian,23.259630648,"middle [10,30)",2,0.000000000,23,22,95.652173913,100.000000000
kitti,000010,lateral,-0.100000000,m,3,Car,15.154559696,"middle [10,30)",0,0.000000000,340,340,100.000000000,100.000000000
kitti,000010,lateral,-0.100000000,m,4,Car,20.680884507,"middle [10,30)",2,0.000000000,48,48,100.000000000,100.000000000
kitti,000010,lateral,-0.100000000,m,5,Car,22.263749106,"middle [10,30)",0,0.000000000,246,245,99.593495935,100.000000000
kitti,000010,lateral,-0.100000000,m,6,Car,28.729007151,"middle [10,30)",2,0.000000000,55,55,100.000000000,100.000000000
kitti,000010,lateral,-0.100000000,m,7,Car,27.179321887,"middle [10,30)",1,0.000000000,33,33,100.000000000,100.000000000
kitti,000010,lateral,-0.100000000,m,8,Car,41.458670143,"far [30,inf)",1,0.000000000,20,20,100.000000000,100.000000000
kitti,000010,lateral,-0.050000000,m,0,Car,5.104849852,"near [0,10)",0,0.800000000,283,265,93.639575972,97.879858657
kitti,000010,lateral,-0.050000000,m,1,Car,10.459999883,"middle [10,30)",0,0.000000000,1016,1016,100.000000000,100.000000000
kitti,000010,lateral,-0.050000000,m,2,Pedestrian,23.259630648,"middle [10,30)",2,0.000000000,23,23,100.000000000,100.000000000
kitti,000010,lateral,-0.050000000,m,3,Car,15.154559696,"middle [10,30)",0,0.000000000,340,340,100.000000000,100.000000000
kitti,000010,lateral,-0.050000000,m,4,Car,20.680884507,"middle [10,30)",2,0.000000000,48,48,100.000000000,100.000000000
kitti,000010,lateral,-0.050000000,m,5,Car,22.263749106,"middle [10,30)",0,0.000000000,246,246,100.000000000,100.000000000
kitti,000010,lateral,-0.050000000,m,6,Car,28.729007151,"middle [10,30)",2,0.000000000,55,55,100.000000000,100.000000000
kitti,000010,lateral,-0.050000000,m,7,Car,27.179321887,"middle [10,30)",1,0.000000000,33,33,100.000000000,100.000000000
kitti,000010,lateral,-0.050000000,m,8,Car,41.458670143,"far [30,inf)",1,0.000000000,20,20,100.000000000,100.000000000
kitti,000010,lateral,-0.020000000,m,0,Car,5.104849852,"near [0,10)",0,0.800000000,283,274,96.819787986,97.879858657
kitti,000010,lateral,-0.020000000,m,1,Car,10.459999883,"middle [10,30)",0,0.000000000,1016,1016,100.000000000,100.000000000
kitti,000010,lateral,-0.020000000,m,2,Pedestrian,23.259630648,"middle [10,30)",2,0.000000000,23,23,100.000000000,100.000000000
kitti,000010,lateral,-0.020000000,m,3,Car,15.154559696,"middle [10,30)",0,0.000000000,340,340,100.000000000,100.000000000
kitti,000010,lateral,-0.020000000,m,4,Car,20.680884507,"middle [10,30)",2,0.000000000,48,48,100.000000000,100.000000000
kitti,000010,lateral,-0.020000000,m,5,Car,22.263749106,"middle [10,30)",0,0.000000000,246,246,100.000000000,100.000000000
kitti,000010,lateral,-0.020000000,m,6,Car,28.729007151,"middle [10,30)",2,0.000000000,55,55,100.000000000,100.000000000
kitti,000010,lateral,-0.020000000,m,7,Car,27.179321887,"middle [10,30)",1,0.000000000,33,33,100.000000000,100.000000000
kitti,000010,lateral,-0.020000000,m,8,Car,41.458670143,"far [30,inf)",1,0.000000000,20,20,100.000000000,100.000000000
kitti,000010,lateral,0.000000000,m,0,Car,5.104849852,"near [0,10)",0,0.800000000,283,277,97.879858657,97.879858657
kitti,000010,lateral,0.000000000,m,1,Car,10.459999883,"middle [10,30)",0,0.000000000,1016,1016,100.000000000,100.000000000
kitti,000010,lateral,0.000000000,m,2,Pedestrian,23.259630648,"middle [10,30)",2,0.000000000,23,23,100.000000000,100.000000000
kitti,000010,lateral,0.000000000,m,3,Car,15.154559696,"middle [10,30)",0,0.000000000,340,340,100.000000000,100.000000000
kitti,000010,lateral,0.000000000,m,4,Car,20.680884507,"middle [10,30)",2,0.000000000,48,48,100.000000000,100.000000000
kitti,000010,lateral,0.000000000,m,5,Car,22.263749106,"middle [10,30)",0,0.000000000,246,246,100.000000000,100.000000000
kitti,000010,lateral,0.000000000,m,6,Car,28.729007151,"middle [10,30)",2,0.000000000,55,55,100.000000000,100.000000000
kitti,000010,lateral,0.000000000,m,7,Car,27.179321887,"middle [10,30)",1,0.000000000,33,33,100.000000000,100.000000000
kitti,000010,lateral,0.000000000,m,8,Car,41.458670143,"far [30,inf)",1,0.000000000,20,20,100.000000000,100.000000000
kitti,000010,lateral,0.020000000,m,0,Car,5.104849852,"near [0,10)",0,0.800000000,283,280,98.939929329,97.879858657
kitti,000010,lateral,0.020000000,m,1,Car,10.459999883,"middle [10,30)",0,0.000000000,1016,1016,100.000000000,100.000000000
kitti,000010,lateral,0.020000000,m,2,Pedestrian,23.259630648,"middle [10,30)",2,0.000000000,23,23,100.000000000,100.000000000
kitti,000010,lateral,0.020000000,m,3,Car,15.154559696,"middle [10,30)",0,0.000000000,340,340,100.000000000,100.000000000
kitti,000010,lateral,0.020000000,m,4,Car,20.680884507,"middle [10,30)",2,0.000000000,48,48,100.000000000,100.000000000
kitti,000010,lateral,0.020000000,m,5,Car,22.263749106,"middle [10,30)",0,0.000000000,246,246,100.000000000,100.000000000
kitti,000010,lateral,0.020000000,m,6,Car,28.729007151,"middle [10,30)",2,0.000000000,55,55,100.000000000,100.000000000
kitti,000010,lateral,0.020000000,m,7,Car,27.179321887,"middle [10,30)",1,0.000000000,33,33,100.000000000,100.000000000
kitti,000010,lateral,0.020000000,m,8,Car,41.458670143,"far [30,inf)",1,0.000000000,20,20,100.000000000,100.000000000
kitti,000010,lateral,0.050000000,m,0,Car,5.104849852,"near [0,10)",0,0.800000000,283,280,98.939929329,97.879858657
kitti,000010,lateral,0.050000000,m,1,Car,10.459999883,"middle [10,30)",0,0.000000000,1016,1016,100.000000000,100.000000000
kitti,000010,lateral,0.050000000,m,2,Pedestrian,23.259630648,"middle [10,30)",2,0.000000000,23,23,100.000000000,100.000000000
kitti,000010,lateral,0.050000000,m,3,Car,15.154559696,"middle [10,30)",0,0.000000000,340,340,100.000000000,100.000000000
kitti,000010,lateral,0.050000000,m,4,Car,20.680884507,"middle [10,30)",2,0.000000000,48,48,100.000000000,100.000000000
kitti,000010,lateral,0.050000000,m,5,Car,22.263749106,"middle [10,30)",0,0.000000000,246,246,100.000000000,100.000000000
kitti,000010,lateral,0.050000000,m,6,Car,28.729007151,"middle [10,30)",2,0.000000000,55,55,100.000000000,100.000000000
kitti,000010,lateral,0.050000000,m,7,Car,27.179321887,"middle [10,30)",1,0.000000000,33,33,100.000000000,100.000000000
kitti,000010,lateral,0.050000000,m,8,Car,41.458670143,"far [30,inf)",1,0.000000000,20,20,100.000000000,100.000000000
kitti,000010,lateral,0.100000000,m,0,Car,5.104849852,"near [0,10)",0,0.800000000,283,279,98.586572438,97.879858657
kitti,000010,lateral,0.100000000,m,1,Car,10.459999883,"middle [10,30)",0,0.000000000,1016,1016,100.000000000,100.000000000
kitti,000010,lateral,0.100000000,m,2,Pedestrian,23.259630648,"middle [10,30)",2,0.000000000,23,23,100.000000000,100.000000000
kitti,000010,lateral,0.100000000,m,3,Car,15.154559696,"middle [10,30)",0,0.000000000,340,340,100.000000000,100.000000000
kitti,000010,lateral,0.100000000,m,4,Car,20.680884507,"middle [10,30)",2,0.000000000,48,48,100.000000000,100.000000000
kitti,000010,lateral,0.100000000,m,5,Car,22.263749106,"middle [10,30)",0,0.000000000,246,246,100.000000000,100.000000000
kitti,000010,lateral,0.100000000,m,6,Car,28.729007151,"middle [10,30)",2,0.000000000,55,55,100.000000000,100.000000000
kitti,000010,lateral,0.100000000,m,7,Car,27.179321887,"middle [10,30)",1,0.000000000,33,33,100.000000000,100.000000000
kitti,000010,lateral,0.100000000,m,8,Car,41.458670143,"far [30,inf)",1,0.000000000,20,20,100.000000000,100.000000000
kitti,000011,yaw,-3.000000000,deg,0,Pedestrian,12.357579110,"middle [10,30)",1,0.000000000,151,12,7.947019868,99.337748344
kitti,000011,yaw,-3.000000000,deg,1,Pedestrian,13.292710841,"middle [10,30)",2,0.000000000,35,0,0.000000000,100.000000000
kitti,000011,yaw,-3.000000000,deg,2,Car,25.236951624,"middle [10,30)",0,0.000000000,208,59,28.365384615,100.000000000
kitti,000011,yaw,-3.000000000,deg,3,Pedestrian,34.018781365,"far [30,inf)",0,0.000000000,40,0,0.000000000,100.000000000
kitti,000011,yaw,-3.000000000,deg,4,Car,5.568213413,"near [0,10)",0,0.980000000,210,65,30.952380952,98.571428571
kitti,000011,yaw,-3.000000000,deg,5,Pedestrian,15.931171886,"middle [10,30)",0,0.000000000,81,0,0.000000000,100.000000000
kitti,000011,yaw,-2.000000000,deg,0,Pedestrian,12.357579110,"middle [10,30)",1,0.000000000,151,71,47.019867550,99.337748344
kitti,000011,yaw,-2.000000000,deg,1,Pedestrian,13.292710841,"middle [10,30)",2,0.000000000,35,14,40.000000000,100.000000000
kitti,000011,yaw,-2.000000000,deg,2,Car,25.236951624,"middle [10,30)",0,0.000000000,208,112,53.846153846,100.000000000
kitti,000011,yaw,-2.000000000,deg,3,Pedestrian,34.018781365,"far [30,inf)",0,0.000000000,40,0,0.000000000,100.000000000
kitti,000011,yaw,-2.000000000,deg,4,Car,5.568213413,"near [0,10)",0,0.980000000,210,134,63.809523810,98.571428571
kitti,000011,yaw,-2.000000000,deg,5,Pedestrian,15.931171886,"middle [10,30)",0,0.000000000,81,0,0.000000000,100.000000000
kitti,000011,yaw,-1.000000000,deg,0,Pedestrian,12.357579110,"middle [10,30)",1,0.000000000,151,134,88.741721854,99.337748344
kitti,000011,yaw,-1.000000000,deg,1,Pedestrian,13.292710841,"middle [10,30)",2,0.000000000,35,29,82.857142857,100.000000000
kitti,000011,yaw,-1.000000000,deg,2,Car,25.236951624,"middle [10,30)",0,0.000000000,208,165,79.326923077,100.000000000
kitti,000011,yaw,-1.000000000,deg,3,Pedestrian,34.018781365,"far [30,inf)",0,0.000000000,40,9,22.500000000,100.000000000
kitti,000011,yaw,-1.000000000,deg,4,Car,5.568213413,"near [0,10)",0,0.980000000,210,195,92.857142857,98.571428571
kitti,000011,yaw,-1.000000000,deg,5,Pedestrian,15.931171886,"middle [10,30)",0,0.000000000,81,33,40.740740741,100.000000000
kitti,000011,yaw,-0.500000000,deg,0,Pedestrian,12.357579110,"middle [10,30)",1,0.000000000,151,143,94.701986755,99.337748344
kitti,000011,yaw,-0.500000000,deg,1,Pedestrian,13.292710841,"middle [10,30)",2,0.000000000,35,32,91.428571429,100.000000000
kitti,000011,yaw,-0.500000000,deg,2,Car,25.236951624,"middle [10,30)",0,0.000000000,208,193,92.788461538,100.000000000
kitti,000011,yaw,-0.500000000,deg,3,Pedestrian,34.018781365,"far [30,inf)",0,0.000000000,40,27,67.500000000,100.000000000
kitti,000011,yaw,-0.500000000,deg,4,Car,5.568213413,"near [0,10)",0,0.980000000,210,210,100.000000000,98.571428571
kitti,000011,yaw,-0.500000000,deg,5,Pedestrian,15.931171886,"middle [10,30)",0,0.000000000,81,67,82.716049383,100.000000000
kitti,000011,yaw,0.000000000,deg,0,Pedestrian,12.357579110,"middle [10,30)",1,0.000000000,151,150,99.337748344,99.337748344
kitti,000011,yaw,0.000000000,deg,1,Pedestrian,13.292710841,"middle [10,30)",2,0.000000000,35,35,100.000000000,100.000000000
kitti,000011,yaw,0.000000000,deg,2,Car,25.236951624,"middle [10,30)",0,0.000000000,208,208,100.000000000,100.000000000
kitti,000011,yaw,0.000000000,deg,3,Pedestrian,34.018781365,"far [30,inf)",0,0.000000000,40,40,100.000000000,100.000000000
kitti,000011,yaw,0.000000000,deg,4,Car,5.568213413,"near [0,10)",0,0.980000000,210,207,98.571428571,98.571428571
kitti,000011,yaw,0.000000000,deg,5,Pedestrian,15.931171886,"middle [10,30)",0,0.000000000,81,81,100.000000000,100.000000000
kitti,000011,yaw,0.500000000,deg,0,Pedestrian,12.357579110,"middle [10,30)",1,0.000000000,151,141,93.377483444,99.337748344
kitti,000011,yaw,0.500000000,deg,1,Pedestrian,13.292710841,"middle [10,30)",2,0.000000000,35,35,100.000000000,100.000000000
kitti,000011,yaw,0.500000000,deg,2,Car,25.236951624,"middle [10,30)",0,0.000000000,208,199,95.673076923,100.000000000
kitti,000011,yaw,0.500000000,deg,3,Pedestrian,34.018781365,"far [30,inf)",0,0.000000000,40,21,52.500000000,100.000000000
kitti,000011,yaw,0.500000000,deg,4,Car,5.568213413,"near [0,10)",0,0.980000000,210,172,81.904761905,98.571428571
kitti,000011,yaw,0.500000000,deg,5,Pedestrian,15.931171886,"middle [10,30)",0,0.000000000,81,66,81.481481481,100.000000000
kitti,000011,yaw,1.000000000,deg,0,Pedestrian,12.357579110,"middle [10,30)",1,0.000000000,151,124,82.119205298,99.337748344
kitti,000011,yaw,1.000000000,deg,1,Pedestrian,13.292710841,"middle [10,30)",2,0.000000000,35,35,100.000000000,100.000000000
kitti,000011,yaw,1.000000000,deg,2,Car,25.236951624,"middle [10,30)",0,0.000000000,208,178,85.576923077,100.000000000
kitti,000011,yaw,1.000000000,deg,3,Pedestrian,34.018781365,"far [30,inf)",0,0.000000000,40,3,7.500000000,100.000000000
kitti,000011,yaw,1.000000000,deg,4,Car,5.568213413,"near [0,10)",0,0.980000000,210,140,66.666666667,98.571428571
kitti,000011,yaw,1.000000000,deg,5,Pedestrian,15.931171886,"middle [10,30)",0,0.000000000,81,28,34.567901235,100.000000000
kitti,000011,yaw,2.000000000,deg,0,Pedestrian,12.357579110,"middle [10,30)",1,0.000000000,151,44,29.139072848,99.337748344
kitti,000011,yaw,2.000000000,deg,1,Pedestrian,13.292710841,"middle [10,30)",2,0.000000000,35,21,60.000000000,100.000000000
kitti,000011,yaw,2.000000000,deg,2,Car,25.236951624,"middle [10,30)",0,0.000000000,208,127,61.057692308,100.000000000
kitti,000011,yaw,2.000000000,deg,3,Pedestrian,34.018781365,"far [30,inf)",0,0.000000000,40,0,0.000000000,100.000000000
kitti,000011,yaw,2.000000000,deg,4,Car,5.568213413,"near [0,10)",0,0.980000000,210,77,36.666666667,98.571428571
kitti,000011,yaw,2.000000000,deg,5,Pedestrian,15.931171886,"middle [10,30)",0,0.000000000,81,0,0.000000000,100.000000000
kitti,000011,yaw,3.000000000,deg,0,Pedestrian,12.357579110,"middle [10,30)",1,0.000000000,151,10,6.622516556,99.337748344
kitti,000011,yaw,3.000000000,deg,1,Pedestrian,13.292710841,"middle [10,30)",2,0.000000000,35,6,17.142857143,100.000000000
kitti,000011,yaw,3.000000000,deg,2,Car,25.236951624,"middle [10,30)",0,0.000000000,208,76,36.538461538,100.000000000
kitti,000011,yaw,3.000000000,deg,3,Pedestrian,34.018781365,"far [30,inf)",0,0.000000000,40,0,0.000000000,100.000000000
kitti,000011,yaw,3.000000000,deg,4,Car,5.568213413,"near [0,10)",0,0.980000000,210,22,10.476190476,98.571428571
kitti,000011,yaw,3.000000000,deg,5,Pedestrian,15.931171886,"middle [10,30)",0,0.000000000,81,0,0.000000000,100.000000000
kitti,000011,lateral,-0.100000000,m,0,Pedestrian,12.357579110,"middle [10,30)",1,0.000000000,151,145,96.026490066,99.337748344
kitti,000011,lateral,-0.100000000,m,1,Pedestrian,13.292710841,"middle [10,30)",2,0.000000000,35,33,94.285714286,100.000000000
kitti,000011,lateral,-0.100000000,m,2,Car,25.236951624,"middle [10,30)",0,0.000000000,208,205,98.557692308,100.000000000
kitti,000011,lateral,-0.100000000,m,3,Pedestrian,34.018781365,"far [30,inf)",0,0.000000000,40,38,95.000000000,100.000000000
kitti,000011,lateral,-0.100000000,m,4,Car,5.568213413,"near [0,10)",0,0.980000000,210,208,99.047619048,98.571428571
kitti,000011,lateral,-0.100000000,m,5,Pedestrian,15.931171886,"middle [10,30)",0,0.000000000,81,76,93.827160494,100.000000000
kitti,000011,lateral,-0.050000000,m,0,Pedestrian,12.357579110,"middle [10,30)",1,0.000000000,151,149,98.675496689,99.337748344
kitti,000011,lateral,-0.050000000,m,1,Pedestrian,13.292710841,"middle [10,30)",2,0.000000000,35,34,97.142857143,100.000000000
kitti,000011,lateral,-0.050000000,m,2,Car,25.236951624,"middle [10,30)",0,0.000000000,208,208,100.000000000,100.000000000
kitti,000011,lateral,-0.050000000,m,3,Pedestrian,34.018781365,"far [30,inf)",0,0.000000000,40,39,97.500000000,100.000000000
kitti,000011,lateral,-0.050000000,m,4,Car,5.568213413,"near [0,10)",0,0.980000000,210,208,99.047619048,98.571428571
kitti,000011,lateral,-0.050000000,m,5,Pedestrian,15.931171886,"middle [10,30)",0,0.000000000,81,80,98.765432099,100.000000000
kitti,000011,lateral,-0.020000000,m,0,Pedestrian,12.357579110,"middle [10,30)",1,0.000000000,151,150,99.337748344,99.337748344
kitti,000011,lateral,-0.020000000,m,1,Pedestrian,13.292710841,"middle [10,30)",2,0.000000000,35,35,100.000000000,100.000000000
kitti,000011,lateral,-0.020000000,m,2,Car,25.236951624,"middle [10,30)",0,0.000000000,208,208,100.000000000,100.000000000
kitti,000011,lateral,-0.020000000,m,3,Pedestrian,34.018781365,"far [30,inf)",0,0.000000000,40,39,97.500000000,100.000000000
kitti,000011,lateral,-0.020000000,m,4,Car,5.568213413,"near [0,10)",0,0.980000000,210,207,98.571428571,98.571428571
kitti,000011,lateral,-0.020000000,m,5,Pedestrian,15.931171886,"middle [10,30)",0,0.000000000,81,81,100.000000000,100.000000000
kitti,000011,lateral,0.000000000,m,0,Pedestrian,12.357579110,"middle [10,30)",1,0.000000000,151,150,99.337748344,99.337748344
kitti,000011,lateral,0.000000000,m,1,Pedestrian,13.292710841,"middle [10,30)",2,0.000000000,35,35,100.000000000,100.000000000
kitti,000011,lateral,0.000000000,m,2,Car,25.236951624,"middle [10,30)",0,0.000000000,208,208,100.000000000,100.000000000
kitti,000011,lateral,0.000000000,m,3,Pedestrian,34.018781365,"far [30,inf)",0,0.000000000,40,40,100.000000000,100.000000000
kitti,000011,lateral,0.000000000,m,4,Car,5.568213413,"near [0,10)",0,0.980000000,210,207,98.571428571,98.571428571
kitti,000011,lateral,0.000000000,m,5,Pedestrian,15.931171886,"middle [10,30)",0,0.000000000,81,81,100.000000000,100.000000000
kitti,000011,lateral,0.020000000,m,0,Pedestrian,12.357579110,"middle [10,30)",1,0.000000000,151,151,100.000000000,99.337748344
kitti,000011,lateral,0.020000000,m,1,Pedestrian,13.292710841,"middle [10,30)",2,0.000000000,35,35,100.000000000,100.000000000
kitti,000011,lateral,0.020000000,m,2,Car,25.236951624,"middle [10,30)",0,0.000000000,208,208,100.000000000,100.000000000
kitti,000011,lateral,0.020000000,m,3,Pedestrian,34.018781365,"far [30,inf)",0,0.000000000,40,38,95.000000000,100.000000000
kitti,000011,lateral,0.020000000,m,4,Car,5.568213413,"near [0,10)",0,0.980000000,210,201,95.714285714,98.571428571
kitti,000011,lateral,0.020000000,m,5,Pedestrian,15.931171886,"middle [10,30)",0,0.000000000,81,81,100.000000000,100.000000000
kitti,000011,lateral,0.050000000,m,0,Pedestrian,12.357579110,"middle [10,30)",1,0.000000000,151,149,98.675496689,99.337748344
kitti,000011,lateral,0.050000000,m,1,Pedestrian,13.292710841,"middle [10,30)",2,0.000000000,35,35,100.000000000,100.000000000
kitti,000011,lateral,0.050000000,m,2,Car,25.236951624,"middle [10,30)",0,0.000000000,208,208,100.000000000,100.000000000
kitti,000011,lateral,0.050000000,m,3,Pedestrian,34.018781365,"far [30,inf)",0,0.000000000,40,38,95.000000000,100.000000000
kitti,000011,lateral,0.050000000,m,4,Car,5.568213413,"near [0,10)",0,0.980000000,210,188,89.523809524,98.571428571
kitti,000011,lateral,0.050000000,m,5,Pedestrian,15.931171886,"middle [10,30)",0,0.000000000,81,81,100.000000000,100.000000000
kitti,000011,lateral,0.100000000,m,0,Pedestrian,12.357579110,"middle [10,30)",1,0.000000000,151,145,96.026490066,99.337748344
kitti,000011,lateral,0.100000000,m,1,Pedestrian,13.292710841,"middle [10,30)",2,0.000000000,35,35,100.000000000,100.000000000
kitti,000011,lateral,0.100000000,m,2,Car,25.236951624,"middle [10,30)",0,0.000000000,208,208,100.000000000,100.000000000
kitti,000011,lateral,0.100000000,m,3,Pedestrian,34.018781365,"far [30,inf)",0,0.000000000,40,35,87.500000000,100.000000000
kitti,000011,lateral,0.100000000,m,4,Car,5.568213413,"near [0,10)",0,0.980000000,210,168,80.000000000,98.571428571
kitti,000011,lateral,0.100000000,m,5,Pedestrian,15.931171886,"middle [10,30)",0,0.000000000,81,78,96.296296296,100.000000000
kitti,000012,yaw,-3.000000000,deg,0,Car,57.175885704,"far [30,inf)",0,0.000000000,13,0,0.000000000,100.000000000
kitti,000012,yaw,-3.000000000,deg,1,Van,62.731996574,"far [30,inf)",0,0.000000000,39,0,0.000000000,100.000000000
kitti,000012,yaw,-2.000000000,deg,0,Car,57.175885704,"far [30,inf)",0,0.000000000,13,0,0.000000000,100.000000000
kitti,000012,yaw,-2.000000000,deg,1,Van,62.731996574,"far [30,inf)",0,0.000000000,39,5,12.820512821,100.000000000
kitti,000012,yaw,-1.000000000,deg,0,Car,57.175885704,"far [30,inf)",0,0.000000000,13,4,30.769230769,100.000000000
kitti,000012,yaw,-1.000000000,deg,1,Van,62.731996574,"far [30,inf)",0,0.000000000,39,24,61.538461538,100.000000000
kitti,000012,yaw,-0.500000000,deg,0,Car,57.175885704,"far [30,inf)",0,0.000000000,13,10,76.923076923,100.000000000
kitti,000012,yaw,-0.500000000,deg,1,Van,62.731996574,"far [30,inf)",0,0.000000000,39,36,92.307692308,100.000000000
kitti,000012,yaw,0.000000000,deg,0,Car,57.175885704,"far [30,inf)",0,0.000000000,13,13,100.000000000,100.000000000
kitti,000012,yaw,0.000000000,deg,1,Van,62.731996574,"far [30,inf)",0,0.000000000,39,39,100.000000000,100.000000000
kitti,000012,yaw,0.500000000,deg,0,Car,57.175885704,"far [30,inf)",0,0.000000000,13,13,100.000000000,100.000000000
kitti,000012,yaw,0.500000000,deg,1,Van,62.731996574,"far [30,inf)",0,0.000000000,39,35,89.743589744,100.000000000
kitti,000012,yaw,1.000000000,deg,0,Car,57.175885704,"far [30,inf)",0,0.000000000,13,11,84.615384615,100.000000000
kitti,000012,yaw,1.000000000,deg,1,Van,62.731996574,"far [30,inf)",0,0.000000000,39,23,58.974358974,100.000000000
kitti,000012,yaw,2.000000000,deg,0,Car,57.175885704,"far [30,inf)",0,0.000000000,13,1,7.692307692,100.000000000
kitti,000012,yaw,2.000000000,deg,1,Van,62.731996574,"far [30,inf)",0,0.000000000,39,4,10.256410256,100.000000000
kitti,000012,yaw,3.000000000,deg,0,Car,57.175885704,"far [30,inf)",0,0.000000000,13,0,0.000000000,100.000000000
kitti,000012,yaw,3.000000000,deg,1,Van,62.731996574,"far [30,inf)",0,0.000000000,39,0,0.000000000,100.000000000
kitti,000012,lateral,-0.100000000,m,0,Car,57.175885704,"far [30,inf)",0,0.000000000,13,13,100.000000000,100.000000000
kitti,000012,lateral,-0.100000000,m,1,Van,62.731996574,"far [30,inf)",0,0.000000000,39,39,100.000000000,100.000000000
kitti,000012,lateral,-0.050000000,m,0,Car,57.175885704,"far [30,inf)",0,0.000000000,13,13,100.000000000,100.000000000
kitti,000012,lateral,-0.050000000,m,1,Van,62.731996574,"far [30,inf)",0,0.000000000,39,39,100.000000000,100.000000000
kitti,000012,lateral,-0.020000000,m,0,Car,57.175885704,"far [30,inf)",0,0.000000000,13,13,100.000000000,100.000000000
kitti,000012,lateral,-0.020000000,m,1,Van,62.731996574,"far [30,inf)",0,0.000000000,39,39,100.000000000,100.000000000
kitti,000012,lateral,0.000000000,m,0,Car,57.175885704,"far [30,inf)",0,0.000000000,13,13,100.000000000,100.000000000
kitti,000012,lateral,0.000000000,m,1,Van,62.731996574,"far [30,inf)",0,0.000000000,39,39,100.000000000,100.000000000
kitti,000012,lateral,0.020000000,m,0,Car,57.175885704,"far [30,inf)",0,0.000000000,13,13,100.000000000,100.000000000
kitti,000012,lateral,0.020000000,m,1,Van,62.731996574,"far [30,inf)",0,0.000000000,39,39,100.000000000,100.000000000
kitti,000012,lateral,0.050000000,m,0,Car,57.175885704,"far [30,inf)",0,0.000000000,13,13,100.000000000,100.000000000
kitti,000012,lateral,0.050000000,m,1,Van,62.731996574,"far [30,inf)",0,0.000000000,39,39,100.000000000,100.000000000
kitti,000012,lateral,0.100000000,m,0,Car,57.175885704,"far [30,inf)",0,0.000000000,13,13,100.000000000,100.000000000
kitti,000012,lateral,0.100000000,m,1,Van,62.731996574,"far [30,inf)",0,0.000000000,39,39,100.000000000,100.000000000
kitti,000015,yaw,-3.000000000,deg,0,Car,4.310852464,"near [0,10)",0,0.890000000,1650,1499,90.848484848,99.212121212
kitti,000015,yaw,-3.000000000,deg,1,Pedestrian,7.535434457,"near [0,10)",1,0.000000000,386,174,45.077720207,96.113989637
kitti,000015,yaw,-3.000000000,deg,2,Pedestrian,24.158067364,"middle [10,30)",0,0.000000000,55,0,0.000000000,89.090909091
kitti,000015,yaw,-3.000000000,deg,3,Pedestrian,24.188972117,"middle [10,30)",0,0.000000000,70,0,0.000000000,84.285714286
kitti,000015,yaw,-3.000000000,deg,4,Pedestrian,23.290758529,"middle [10,30)",0,0.000000000,66,0,0.000000000,100.000000000
kitti,000015,yaw,-2.000000000,deg,0,Car,4.310852464,"near [0,10)",0,0.890000000,1650,1600,96.969696970,99.212121212
kitti,000015,yaw,-2.000000000,deg,1,Pedestrian,7.535434457,"near [0,10)",1,0.000000000,386,323,83.678756477,96.113989637
kitti,000015,yaw,-2.000000000,deg,2,Pedestrian,24.158067364,"middle [10,30)",0,0.000000000,55,0,0.000000000,89.090909091
kitti,000015,yaw,-2.000000000,deg,3,Pedestrian,24.188972117,"middle [10,30)",0,0.000000000,70,0,0.000000000,84.285714286
kitti,000015,yaw,-2.000000000,deg,4,Pedestrian,23.290758529,"middle [10,30)",0,0.000000000,66,0,0.000000000,100.000000000
kitti,000015,yaw,-1.000000000,deg,0,Car,4.310852464,"near [0,10)",0,0.890000000,1650,1650,100.000000000,99.212121212
kitti,000015,yaw,-1.000000000,deg,1,Pedestrian,7.535434457,"near [0,10)",1,0.000000000,386,364,94.300518135,96.113989637
kitti,000015,yaw,-1.000000000,deg,2,Pedestrian,24.158067364,"middle [10,30)",0,0.000000000,55,27,49.090909091,89.090909091
kitti,000015,yaw,-1.000000000,deg,3,Pedestrian,24.188972117,"middle [10,30)",0,0.000000000,70,40,57.142857143,84.285714286
kitti,000015,yaw,-1.000000000,deg,4,Pedestrian,23.290758529,"middle [10,30)",0,0.000000000,66,36,54.545454545,100.000000000
kitti,000015,yaw,-0.500000000,deg,0,Car,4.310852464,"near [0,10)",0,0.890000000,1650,1648,99.878787879,99.212121212
kitti,000015,yaw,-0.500000000,deg,1,Pedestrian,7.535434457,"near [0,10)",1,0.000000000,386,369,95.595854922,96.113989637
kitti,000015,yaw,-0.500000000,deg,2,Pedestrian,24.158067364,"middle [10,30)",0,0.000000000,55,53,96.363636364,89.090909091
kitti,000015,yaw,-0.500000000,deg,3,Pedestrian,24.188972117,"middle [10,30)",0,0.000000000,70,64,91.428571429,84.285714286
kitti,000015,yaw,-0.500000000,deg,4,Pedestrian,23.290758529,"middle [10,30)",0,0.000000000,66,61,92.424242424,100.000000000
kitti,000015,yaw,0.000000000,deg,0,Car,4.310852464,"near [0,10)",0,0.890000000,1650,1637,99.212121212,99.212121212
kitti,000015,yaw,0.000000000,deg,1,Pedestrian,7.535434457,"near [0,10)",1,0.000000000,386,371,96.113989637,96.113989637
kitti,000015,yaw,0.000000000,deg,2,Pedestrian,24.158067364,"middle [10,30)",0,0.000000000,55,49,89.090909091,89.090909091
kitti,000015,yaw,0.000000000,deg,3,Pedestrian,24.188972117,"middle [10,30)",0,0.000000000,70,59,84.285714286,84.285714286
kitti,000015,yaw,0.000000000,deg,4,Pedestrian,23.290758529,"middle [10,30)",0,0.000000000,66,66,100.000000000,100.000000000
kitti,000015,yaw,0.500000000,deg,0,Car,4.310852464,"near [0,10)",0,0.890000000,1650,1612,97.696969697,99.212121212
kitti,000015,yaw,0.500000000,deg,1,Pedestrian,7.535434457,"near [0,10)",1,0.000000000,386,330,85.492227979,96.113989637
kitti,000015,yaw,0.500000000,deg,2,Pedestrian,24.158067364,"middle [10,30)",0,0.000000000,55,19,34.545454545,89.090909091
kitti,000015,yaw,0.500000000,deg,3,Pedestrian,24.188972117,"middle [10,30)",0,0.000000000,70,31,44.285714286,84.285714286
kitti,000015,yaw,0.500000000,deg,4,Pedestrian,23.290758529,"middle [10,30)",0,0.000000000,66,50,75.757575758,100.000000000
kitti,000015,yaw,1.000000000,deg,0,Car,4.310852464,"near [0,10)",0,0.890000000,1650,1589,96.303030303,99.212121212
kitti,000015,yaw,1.000000000,deg,1,Pedestrian,7.535434457,"near [0,10)",1,0.000000000,386,269,69.689119171,96.113989637
kitti,000015,yaw,1.000000000,deg,2,Pedestrian,24.158067364,"middle [10,30)",0,0.000000000,55,0,0.000000000,89.090909091
kitti,000015,yaw,1.000000000,deg,3,Pedestrian,24.188972117,"middle [10,30)",0,0.000000000,70,6,8.571428571,84.285714286
kitti,000015,yaw,1.000000000,deg,4,Pedestrian,23.290758529,"middle [10,30)",0,0.000000000,66,17,25.757575758,100.000000000
kitti,000015,yaw,2.000000000,deg,0,Car,4.310852464,"near [0,10)",0,0.890000000,1650,1547,93.757575758,99.212121212
kitti,000015,yaw,2.000000000,deg,1,Pedestrian,7.535434457,"near [0,10)",1,0.000000000,386,126,32.642487047,96.113989637
kitti,000015,yaw,2.000000000,deg,2,Pedestrian,24.158067364,"middle [10,30)",0,0.000000000,55,0,0.000000000,89.090909091
kitti,000015,yaw,2.000000000,deg,3,Pedestrian,24.188972117,"middle [10,30)",0,0.000000000,70,0,0.000000000,84.285714286
kitti,000015,yaw,2.000000000,deg,4,Pedestrian,23.290758529,"middle [10,30)",0,0.000000000,66,0,0.000000000,100.000000000
kitti,000015,yaw,3.000000000,deg,0,Car,4.310852464,"near [0,10)",0,0.890000000,1650,1512,91.636363636,99.212121212
kitti,000015,yaw,3.000000000,deg,1,Pedestrian,7.535434457,"near [0,10)",1,0.000000000,386,26,6.735751295,96.113989637
kitti,000015,yaw,3.000000000,deg,2,Pedestrian,24.158067364,"middle [10,30)",0,0.000000000,55,0,0.000000000,89.090909091
kitti,000015,yaw,3.000000000,deg,3,Pedestrian,24.188972117,"middle [10,30)",0,0.000000000,70,0,0.000000000,84.285714286
kitti,000015,yaw,3.000000000,deg,4,Pedestrian,23.290758529,"middle [10,30)",0,0.000000000,66,0,0.000000000,100.000000000
kitti,000015,lateral,-0.100000000,m,0,Car,4.310852464,"near [0,10)",0,0.890000000,1650,1638,99.272727273,99.212121212
kitti,000015,lateral,-0.100000000,m,1,Pedestrian,7.535434457,"near [0,10)",1,0.000000000,386,369,95.595854922,96.113989637
kitti,000015,lateral,-0.100000000,m,2,Pedestrian,24.158067364,"middle [10,30)",0,0.000000000,55,54,98.181818182,89.090909091
kitti,000015,lateral,-0.100000000,m,3,Pedestrian,24.188972117,"middle [10,30)",0,0.000000000,70,68,97.142857143,84.285714286
kitti,000015,lateral,-0.100000000,m,4,Pedestrian,23.290758529,"middle [10,30)",0,0.000000000,66,66,100.000000000,100.000000000
kitti,000015,lateral,-0.050000000,m,0,Car,4.310852464,"near [0,10)",0,0.890000000,1650,1638,99.272727273,99.212121212
kitti,000015,lateral,-0.050000000,m,1,Pedestrian,7.535434457,"near [0,10)",1,0.000000000,386,373,96.632124352,96.113989637
kitti,000015,lateral,-0.050000000,m,2,Pedestrian,24.158067364,"middle [10,30)",0,0.000000000,55,51,92.727272727,89.090909091
kitti,000015,lateral,-0.050000000,m,3,Pedestrian,24.188972117,"middle [10,30)",0,0.000000000,70,63,90.000000000,84.285714286
kitti,000015,lateral,-0.050000000,m,4,Pedestrian,23.290758529,"middle [10,30)",0,0.000000000,66,66,100.000000000,100.000000000
kitti,000015,lateral,-0.020000000,m,0,Car,4.310852464,"near [0,10)",0,0.890000000,1650,1637,99.212121212,99.212121212
kitti,000015,lateral,-0.020000000,m,1,Pedestrian,7.535434457,"near [0,10)",1,0.000000000,386,373,96.632124352,96.113989637
kitti,000015,lateral,-0.020000000,m,2,Pedestrian,24.158067364,"middle [10,30)",0,0.000000000,55,50,90.909090909,89.090909091
kitti,000015,lateral,-0.020000000,m,3,Pedestrian,24.188972117,"middle [10,30)",0,0.000000000,70,62,88.571428571,84.285714286
kitti,000015,lateral,-0.020000000,m,4,Pedestrian,23.290758529,"middle [10,30)",0,0.000000000,66,66,100.000000000,100.000000000
kitti,000015,lateral,0.000000000,m,0,Car,4.310852464,"near [0,10)",0,0.890000000,1650,1637,99.212121212,99.212121212
kitti,000015,lateral,0.000000000,m,1,Pedestrian,7.535434457,"near [0,10)",1,0.000000000,386,371,96.113989637,96.113989637
kitti,000015,lateral,0.000000000,m,2,Pedestrian,24.158067364,"middle [10,30)",0,0.000000000,55,49,89.090909091,89.090909091
kitti,000015,lateral,0.000000000,m,3,Pedestrian,24.188972117,"middle [10,30)",0,0.000000000,70,59,84.285714286,84.285714286
kitti,000015,lateral,0.000000000,m,4,Pedestrian,23.290758529,"middle [10,30)",0,0.000000000,66,66,100.000000000,100.000000000
kitti,000015,lateral,0.020000000,m,0,Car,4.310852464,"near [0,10)",0,0.890000000,1650,1631,98.848484848,99.212121212
kitti,000015,lateral,0.020000000,m,1,Pedestrian,7.535434457,"near [0,10)",1,0.000000000,386,368,95.336787565,96.113989637
kitti,000015,lateral,0.020000000,m,2,Pedestrian,24.158067364,"middle [10,30)",0,0.000000000,55,48,87.272727273,89.090909091
kitti,000015,lateral,0.020000000,m,3,Pedestrian,24.188972117,"middle [10,30)",0,0.000000000,70,58,82.857142857,84.285714286
kitti,000015,lateral,0.020000000,m,4,Pedestrian,23.290758529,"middle [10,30)",0,0.000000000,66,66,100.000000000,100.000000000
kitti,000015,lateral,0.050000000,m,0,Car,4.310852464,"near [0,10)",0,0.890000000,1650,1627,98.606060606,99.212121212
kitti,000015,lateral,0.050000000,m,1,Pedestrian,7.535434457,"near [0,10)",1,0.000000000,386,356,92.227979275,96.113989637
kitti,000015,lateral,0.050000000,m,2,Pedestrian,24.158067364,"middle [10,30)",0,0.000000000,55,45,81.818181818,89.090909091
kitti,000015,lateral,0.050000000,m,3,Pedestrian,24.188972117,"middle [10,30)",0,0.000000000,70,54,77.142857143,84.285714286
kitti,000015,lateral,0.050000000,m,4,Pedestrian,23.290758529,"middle [10,30)",0,0.000000000,66,63,95.454545455,100.000000000
kitti,000015,lateral,0.100000000,m,0,Car,4.310852464,"near [0,10)",0,0.890000000,1650,1618,98.060606061,99.212121212
kitti,000015,lateral,0.100000000,m,1,Pedestrian,7.535434457,"near [0,10)",1,0.000000000,386,324,83.937823834,96.113989637
kitti,000015,lateral,0.100000000,m,2,Pedestrian,24.158067364,"middle [10,30)",0,0.000000000,55,38,69.090909091,89.090909091
kitti,000015,lateral,0.100000000,m,3,Pedestrian,24.188972117,"middle [10,30)",0,0.000000000,70,48,68.571428571,84.285714286
kitti,000015,lateral,0.100000000,m,4,Pedestrian,23.290758529,"middle [10,30)",0,0.000000000,66,61,92.424242424,100.000000000
kitti,000016,yaw,-3.000000000,deg,0,Car,42.427951323,"far [30,inf)",2,0.000000000,24,0,0.000000000,100.000000000
kitti,000016,yaw,-3.000000000,deg,1,Truck,22.157543974,"middle [10,30)",2,0.000000000,1973,1793,90.876837304,100.000000000
kitti,000016,yaw,-3.000000000,deg,2,Car,31.203847836,"far [30,inf)",0,0.000000000,51,12,23.529411765,100.000000000
kitti,000016,yaw,-3.000000000,deg,3,Car,5.390785750,"near [0,10)",0,0.500000000,1766,1679,95.073612684,99.716874292
kitti,000016,yaw,-3.000000000,deg,4,Car,45.219918761,"far [30,inf)",0,0.000000000,10,0,0.000000000,100.000000000
kitti,000016,yaw,-2.000000000,deg,0,Car,42.427951323,"far [30,inf)",2,0.000000000,24,7,29.166666667,100.000000000
kitti,000016,yaw,-2.000000000,deg,1,Truck,22.157543974,"middle [10,30)",2,0.000000000,1973,1874,94.982260517,100.000000000
kitti,000016,yaw,-2.000000000,deg,2,Car,31.203847836,"far [30,inf)",0,0.000000000,51,26,50.980392157,100.000000000
kitti,000016,yaw,-2.000000000,deg,3,Car,5.390785750,"near [0,10)",0,0.500000000,1766,1742,98.640996602,99.716874292
kitti,000016,yaw,-2.000000000,deg,4,Car,45.219918761,"far [30,inf)",0,0.000000000,10,2,20.000000000,100.000000000
kitti,000016,yaw,-1.000000000,deg,0,Car,42.427951323,"far [30,inf)",2,0.000000000,24,19,79.166666667,100.000000000
kitti,000016,yaw,-1.000000000,deg,1,Truck,22.157543974,"middle [10,30)",2,0.000000000,1973,1948,98.732894070,100.000000000
kitti,000016,yaw,-1.000000000,deg,2,Car,31.203847836,"far [30,inf)",0,0.000000000,51,49,96.078431373,100.000000000
kitti,000016,yaw,-1.000000000,deg,3,Car,5.390785750,"near [0,10)",0,0.500000000,1766,1766,100.000000000,99.716874292
kitti,000016,yaw,-1.000000000,deg,4,Car,45.219918761,"far [30,inf)",0,0.000000000,10,7,70.000000000,100.000000000
kitti,000016,yaw,-0.500000000,deg,0,Car,42.427951323,"far [30,inf)",2,0.000000000,24,24,100.000000000,100.000000000
kitti,000016,yaw,-0.500000000,deg,1,Truck,22.157543974,"middle [10,30)",2,0.000000000,1973,1973,100.000000000,100.000000000
kitti,000016,yaw,-0.500000000,deg,2,Car,31.203847836,"far [30,inf)",0,0.000000000,51,50,98.039215686,100.000000000
kitti,000016,yaw,-0.500000000,deg,3,Car,5.390785750,"near [0,10)",0,0.500000000,1766,1766,100.000000000,99.716874292
kitti,000016,yaw,-0.500000000,deg,4,Car,45.219918761,"far [30,inf)",0,0.000000000,10,9,90.000000000,100.000000000
kitti,000016,yaw,0.000000000,deg,0,Car,42.427951323,"far [30,inf)",2,0.000000000,24,24,100.000000000,100.000000000
kitti,000016,yaw,0.000000000,deg,1,Truck,22.157543974,"middle [10,30)",2,0.000000000,1973,1973,100.000000000,100.000000000
kitti,000016,yaw,0.000000000,deg,2,Car,31.203847836,"far [30,inf)",0,0.000000000,51,51,100.000000000,100.000000000
kitti,000016,yaw,0.000000000,deg,3,Car,5.390785750,"near [0,10)",0,0.500000000,1766,1761,99.716874292,99.716874292
kitti,000016,yaw,0.000000000,deg,4,Car,45.219918761,"far [30,inf)",0,0.000000000,10,10,100.000000000,100.000000000
kitti,000016,yaw,0.500000000,deg,0,Car,42.427951323,"far [30,inf)",2,0.000000000,24,18,75.000000000,100.000000000
kitti,000016,yaw,0.500000000,deg,1,Truck,22.157543974,"middle [10,30)",2,0.000000000,1973,1964,99.543841865,100.000000000
kitti,000016,yaw,0.500000000,deg,2,Car,31.203847836,"far [30,inf)",0,0.000000000,51,46,90.196078431,100.000000000
kitti,000016,yaw,0.500000000,deg,3,Car,5.390785750,"near [0,10)",0,0.500000000,1766,1706,96.602491506,99.716874292
kitti,000016,yaw,0.500000000,deg,4,Car,45.219918761,"far [30,inf)",0,0.000000000,10,8,80.000000000,100.000000000
kitti,000016,yaw,1.000000000,deg,0,Car,42.427951323,"far [30,inf)",2,0.000000000,24,11,45.833333333,100.000000000
kitti,000016,yaw,1.000000000,deg,1,Truck,22.157543974,"middle [10,30)",2,0.000000000,1973,1932,97.921946275,100.000000000
kitti,000016,yaw,1.000000000,deg,2,Car,31.203847836,"far [30,inf)",0,0.000000000,51,38,74.509803922,100.000000000
kitti,000016,yaw,1.000000000,deg,3,Car,5.390785750,"near [0,10)",0,0.500000000,1766,1642,92.978482446,99.716874292
kitti,000016,yaw,1.000000000,deg,4,Car,45.219918761,"far [30,inf)",0,0.000000000,10,7,70.000000000,100.000000000
kitti,000016,yaw,2.000000000,deg,0,Car,42.427951323,"far [30,inf)",2,0.000000000,24,0,0.000000000,100.000000000
kitti,000016,yaw,2.000000000,deg,1,Truck,22.157543974,"middle [10,30)",2,0.000000000,1973,1872,94.880892043,100.000000000
kitti,000016,yaw,2.000000000,deg,2,Car,31.203847836,"far [30,inf)",0,0.000000000,51,22,43.137254902,100.000000000
kitti,000016,yaw,2.000000000,deg,3,Car,5.390785750,"near [0,10)",0,0.500000000,1766,1516,85.843714609,99.716874292
kitti,000016,yaw,2.000000000,deg,4,Car,45.219918761,"far [30,inf)",0,0.000000000,10,1,10.000000000,100.000000000
kitti,000016,yaw,3.000000000,deg,0,Car,42.427951323,"far [30,inf)",2,0.000000000,24,0,0.000000000,100.000000000
kitti,000016,yaw,3.000000000,deg,1,Truck,22.157543974,"middle [10,30)",2,0.000000000,1973,1802,91.332995438,100.000000000
kitti,000016,yaw,3.000000000,deg,2,Car,31.203847836,"far [30,inf)",0,0.000000000,51,1,1.960784314,100.000000000
kitti,000016,yaw,3.000000000,deg,3,Car,5.390785750,"near [0,10)",0,0.500000000,1766,1397,79.105322763,99.716874292
kitti,000016,yaw,3.000000000,deg,4,Car,45.219918761,"far [30,inf)",0,0.000000000,10,0,0.000000000,100.000000000
kitti,000016,lateral,-0.100000000,m,0,Car,42.427951323,"far [30,inf)",2,0.000000000,24,24,100.000000000,100.000000000
kitti,000016,lateral,-0.100000000,m,1,Truck,22.157543974,"middle [10,30)",2,0.000000000,1973,1973,100.000000000,100.000000000
kitti,000016,lateral,-0.100000000,m,2,Car,31.203847836,"far [30,inf)",0,0.000000000,51,51,100.000000000,100.000000000
kitti,000016,lateral,-0.100000000,m,3,Car,5.390785750,"near [0,10)",0,0.500000000,1766,1761,99.716874292,99.716874292
kitti,000016,lateral,-0.100000000,m,4,Car,45.219918761,"far [30,inf)",0,0.000000000,10,10,100.000000000,100.000000000
kitti,000016,lateral,-0.050000000,m,0,Car,42.427951323,"far [30,inf)",2,0.000000000,24,24,100.000000000,100.000000000
kitti,000016,lateral,-0.050000000,m,1,Truck,22.157543974,"middle [10,30)",2,0.000000000,1973,1973,100.000000000,100.000000000
kitti,000016,lateral,-0.050000000,m,2,Car,31.203847836,"far [30,inf)",0,0.000000000,51,51,100.000000000,100.000000000
kitti,000016,lateral,-0.050000000,m,3,Car,5.390785750,"near [0,10)",0,0.500000000,1766,1761,99.716874292,99.716874292
kitti,000016,lateral,-0.050000000,m,4,Car,45.219918761,"far [30,inf)",0,0.000000000,10,10,100.000000000,100.000000000
kitti,000016,lateral,-0.020000000,m,0,Car,42.427951323,"far [30,inf)",2,0.000000000,24,24,100.000000000,100.000000000
kitti,000016,lateral,-0.020000000,m,1,Truck,22.157543974,"middle [10,30)",2,0.000000000,1973,1973,100.000000000,100.000000000
kitti,000016,lateral,-0.020000000,m,2,Car,31.203847836,"far [30,inf)",0,0.000000000,51,51,100.000000000,100.000000000
kitti,000016,lateral,-0.020000000,m,3,Car,5.390785750,"near [0,10)",0,0.500000000,1766,1761,99.716874292,99.716874292
kitti,000016,lateral,-0.020000000,m,4,Car,45.219918761,"far [30,inf)",0,0.000000000,10,10,100.000000000,100.000000000
kitti,000016,lateral,0.000000000,m,0,Car,42.427951323,"far [30,inf)",2,0.000000000,24,24,100.000000000,100.000000000
kitti,000016,lateral,0.000000000,m,1,Truck,22.157543974,"middle [10,30)",2,0.000000000,1973,1973,100.000000000,100.000000000
kitti,000016,lateral,0.000000000,m,2,Car,31.203847836,"far [30,inf)",0,0.000000000,51,51,100.000000000,100.000000000
kitti,000016,lateral,0.000000000,m,3,Car,5.390785750,"near [0,10)",0,0.500000000,1766,1761,99.716874292,99.716874292
kitti,000016,lateral,0.000000000,m,4,Car,45.219918761,"far [30,inf)",0,0.000000000,10,10,100.000000000,100.000000000
kitti,000016,lateral,0.020000000,m,0,Car,42.427951323,"far [30,inf)",2,0.000000000,24,24,100.000000000,100.000000000
kitti,000016,lateral,0.020000000,m,1,Truck,22.157543974,"middle [10,30)",2,0.000000000,1973,1973,100.000000000,100.000000000
kitti,000016,lateral,0.020000000,m,2,Car,31.203847836,"far [30,inf)",0,0.000000000,51,51,100.000000000,100.000000000
kitti,000016,lateral,0.020000000,m,3,Car,5.390785750,"near [0,10)",0,0.500000000,1766,1750,99.093997735,99.716874292
kitti,000016,lateral,0.020000000,m,4,Car,45.219918761,"far [30,inf)",0,0.000000000,10,10,100.000000000,100.000000000
kitti,000016,lateral,0.050000000,m,0,Car,42.427951323,"far [30,inf)",2,0.000000000,24,24,100.000000000,100.000000000
kitti,000016,lateral,0.050000000,m,1,Truck,22.157543974,"middle [10,30)",2,0.000000000,1973,1973,100.000000000,100.000000000
kitti,000016,lateral,0.050000000,m,2,Car,31.203847836,"far [30,inf)",0,0.000000000,51,51,100.000000000,100.000000000
kitti,000016,lateral,0.050000000,m,3,Car,5.390785750,"near [0,10)",0,0.500000000,1766,1726,97.734994337,99.716874292
kitti,000016,lateral,0.050000000,m,4,Car,45.219918761,"far [30,inf)",0,0.000000000,10,10,100.000000000,100.000000000
kitti,000016,lateral,0.100000000,m,0,Car,42.427951323,"far [30,inf)",2,0.000000000,24,24,100.000000000,100.000000000
kitti,000016,lateral,0.100000000,m,1,Truck,22.157543974,"middle [10,30)",2,0.000000000,1973,1973,100.000000000,100.000000000
kitti,000016,lateral,0.100000000,m,2,Car,31.203847836,"far [30,inf)",0,0.000000000,51,51,100.000000000,100.000000000
kitti,000016,lateral,0.100000000,m,3,Car,5.390785750,"near [0,10)",0,0.500000000,1766,1685,95.413363533,99.716874292
kitti,000016,lateral,0.100000000,m,4,Car,45.219918761,"far [30,inf)",0,0.000000000,10,10,100.000000000,100.000000000
kitti,000019,yaw,-3.000000000,deg,0,Truck,4.835391490,"near [0,10)",1,0.740000000,4867,4440,91.226628313,99.897267310
kitti,000019,yaw,-3.000000000,deg,1,Car,8.250867895,"near [0,10)",0,0.000000000,1236,1043,84.385113269,100.000000000
kitti,000019,yaw,-3.000000000,deg,2,Van,33.347171241,"far [30,inf)",0,0.000000000,106,7,6.603773585,100.000000000
kitti,000019,yaw,-3.000000000,deg,3,Car,57.787457273,"far [30,inf)",0,0.000000000,19,0,0.000000000,100.000000000
kitti,000019,yaw,-2.000000000,deg,0,Truck,4.835391490,"near [0,10)",1,0.740000000,4867,4664,95.829052805,99.897267310
kitti,000019,yaw,-2.000000000,deg,1,Car,8.250867895,"near [0,10)",0,0.000000000,1236,1145,92.637540453,100.000000000
kitti,000019,yaw,-2.000000000,deg,2,Van,33.347171241,"far [30,inf)",0,0.000000000,106,46,43.396226415,100.000000000
kitti,000019,yaw,-2.000000000,deg,3,Car,57.787457273,"far [30,inf)",0,0.000000000,19,0,0.000000000,100.000000000
kitti,000019,yaw,-1.000000000,deg,0,Truck,4.835391490,"near [0,10)",1,0.740000000,4867,4844,99.527429628,99.897267310
kitti,000019,yaw,-1.000000000,deg,1,Car,8.250867895,"near [0,10)",0,0.000000000,1236,1226,99.190938511,100.000000000
kitti,000019,yaw,-1.000000000,deg,2,Van,33.347171241,"far [30,inf)",0,0.000000000,106,78,73.584905660,100.000000000
kitti,000019,yaw,-1.000000000,deg,3,Car,57.787457273,"far [30,inf)",0,0.000000000,19,11,57.894736842,100.000000000
kitti,000019,yaw,-0.500000000,deg,0,Truck,4.835391490,"near [0,10)",1,0.740000000,4867,4867,100.000000000,99.897267310
kitti,000019,yaw,-0.500000000,deg,1,Car,8.250867895,"near [0,10)",0,0.000000000,1236,1236,100.000000000,100.000000000
kitti,000019,yaw,-0.500000000,deg,2,Van,33.347171241,"far [30,inf)",0,0.000000000,106,92,86.792452830,100.000000000
kitti,000019,yaw,-0.500000000,deg,3,Car,57.787457273,"far [30,inf)",0,0.000000000,19,18,94.736842105,100.000000000
kitti,000019,yaw,0.000000000,deg,0,Truck,4.835391490,"near [0,10)",1,0.740000000,4867,4862,99.897267310,99.897267310
kitti,000019,yaw,0.000000000,deg,1,Car,8.250867895,"near [0,10)",0,0.000000000,1236,1236,100.000000000,100.000000000
kitti,000019,yaw,0.000000000,deg,2,Van,33.347171241,"far [30,inf)",0,0.000000000,106,106,100.000000000,100.000000000
kitti,000019,yaw,0.000000000,deg,3,Car,57.787457273,"far [30,inf)",0,0.000000000,19,19,100.000000000,100.000000000
kitti,000019,yaw,0.500000000,deg,0,Truck,4.835391490,"near [0,10)",1,0.740000000,4867,4765,97.904253133,99.897267310
kitti,000019,yaw,0.500000000,deg,1,Car,8.250867895,"near [0,10)",0,0.000000000,1236,1236,100.000000000,100.000000000
kitti,000019,yaw,0.500000000,deg,2,Van,33.347171241,"far [30,inf)",0,0.000000000,106,99,93.396226415,100.000000000
kitti,000019,yaw,0.500000000,deg,3,Car,57.787457273,"far [30,inf)",0,0.000000000,19,13,68.421052632,100.000000000
kitti,000019,yaw,1.000000000,deg,0,Truck,4.835391490,"near [0,10)",1,0.740000000,4867,4683,96.219437025,99.897267310
kitti,000019,yaw,1.000000000,deg,1,Car,8.250867895,"near [0,10)",0,0.000000000,1236,1226,99.190938511,100.000000000
kitti,000019,yaw,1.000000000,deg,2,Van,33.347171241,"far [30,inf)",0,0.000000000,106,78,73.584905660,100.000000000
kitti,000019,yaw,1.000000000,deg,3,Car,57.787457273,"far [30,inf)",0,0.000000000,19,6,31.578947368,100.000000000
kitti,000019,yaw,2.000000000,deg,0,Truck,4.835391490,"near [0,10)",1,0.740000000,4867,4487,92.192315595,99.897267310
kitti,000019,yaw,2.000000000,deg,1,Car,8.250867895,"near [0,10)",0,0.000000000,1236,1162,94.012944984,100.000000000
kitti,000019,yaw,2.000000000,deg,2,Van,33.347171241,"far [30,inf)",0,0.000000000,106,42,39.622641509,100.000000000
kitti,000019,yaw,2.000000000,deg,3,Car,57.787457273,"far [30,inf)",0,0.000000000,19,0,0.000000000,100.000000000
kitti,000019,yaw,3.000000000,deg,0,Truck,4.835391490,"near [0,10)",1,0.740000000,4867,4283,88.000821862,99.897267310
kitti,000019,yaw,3.000000000,deg,1,Car,8.250867895,"near [0,10)",0,0.000000000,1236,1098,88.834951456,100.000000000
kitti,000019,yaw,3.000000000,deg,2,Van,33.347171241,"far [30,inf)",0,0.000000000,106,13,12.264150943,100.000000000
kitti,000019,yaw,3.000000000,deg,3,Car,57.787457273,"far [30,inf)",0,0.000000000,19,0,0.000000000,100.000000000
kitti,000019,lateral,-0.100000000,m,0,Truck,4.835391490,"near [0,10)",1,0.740000000,4867,4859,99.835627697,99.897267310
kitti,000019,lateral,-0.100000000,m,1,Car,8.250867895,"near [0,10)",0,0.000000000,1236,1236,100.000000000,100.000000000
kitti,000019,lateral,-0.100000000,m,2,Van,33.347171241,"far [30,inf)",0,0.000000000,106,106,100.000000000,100.000000000
kitti,000019,lateral,-0.100000000,m,3,Car,57.787457273,"far [30,inf)",0,0.000000000,19,19,100.000000000,100.000000000
kitti,000019,lateral,-0.050000000,m,0,Truck,4.835391490,"near [0,10)",1,0.740000000,4867,4863,99.917813848,99.897267310
kitti,000019,lateral,-0.050000000,m,1,Car,8.250867895,"near [0,10)",0,0.000000000,1236,1236,100.000000000,100.000000000
kitti,000019,lateral,-0.050000000,m,2,Van,33.347171241,"far [30,inf)",0,0.000000000,106,106,100.000000000,100.000000000
kitti,000019,lateral,-0.050000000,m,3,Car,57.787457273,"far [30,inf)",0,0.000000000,19,19,100.000000000,100.000000000
kitti,000019,lateral,-0.020000000,m,0,Truck,4.835391490,"near [0,10)",1,0.740000000,4867,4862,99.897267310,99.897267310
kitti,000019,lateral,-0.020000000,m,1,Car,8.250867895,"near [0,10)",0,0.000000000,1236,1236,100.000000000,100.000000000
kitti,000019,lateral,-0.020000000,m,2,Van,33.347171241,"far [30,inf)",0,0.000000000,106,106,100.000000000,100.000000000
kitti,000019,lateral,-0.020000000,m,3,Car,57.787457273,"far [30,inf)",0,0.000000000,19,19,100.000000000,100.000000000
kitti,000019,lateral,0.000000000,m,0,Truck,4.835391490,"near [0,10)",1,0.740000000,4867,4862,99.897267310,99.897267310
kitti,000019,lateral,0.000000000,m,1,Car,8.250867895,"near [0,10)",0,0.000000000,1236,1236,100.000000000,100.000000000
kitti,000019,lateral,0.000000000,m,2,Van,33.347171241,"far [30,inf)",0,0.000000000,106,106,100.000000000,100.000000000
kitti,000019,lateral,0.000000000,m,3,Car,57.787457273,"far [30,inf)",0,0.000000000,19,19,100.000000000,100.000000000
kitti,000019,lateral,0.020000000,m,0,Truck,4.835391490,"near [0,10)",1,0.740000000,4867,4832,99.280871173,99.897267310
kitti,000019,lateral,0.020000000,m,1,Car,8.250867895,"near [0,10)",0,0.000000000,1236,1236,100.000000000,100.000000000
kitti,000019,lateral,0.020000000,m,2,Van,33.347171241,"far [30,inf)",0,0.000000000,106,106,100.000000000,100.000000000
kitti,000019,lateral,0.020000000,m,3,Car,57.787457273,"far [30,inf)",0,0.000000000,19,19,100.000000000,100.000000000
kitti,000019,lateral,0.050000000,m,0,Truck,4.835391490,"near [0,10)",1,0.740000000,4867,4784,98.294637354,99.897267310
kitti,000019,lateral,0.050000000,m,1,Car,8.250867895,"near [0,10)",0,0.000000000,1236,1236,100.000000000,100.000000000
kitti,000019,lateral,0.050000000,m,2,Van,33.347171241,"far [30,inf)",0,0.000000000,106,106,100.000000000,100.000000000
kitti,000019,lateral,0.050000000,m,3,Car,57.787457273,"far [30,inf)",0,0.000000000,19,19,100.000000000,100.000000000
kitti,000019,lateral,0.100000000,m,0,Truck,4.835391490,"near [0,10)",1,0.740000000,4867,4708,96.733100473,99.897267310
kitti,000019,lateral,0.100000000,m,1,Car,8.250867895,"near [0,10)",0,0.000000000,1236,1236,100.000000000,100.000000000
kitti,000019,lateral,0.100000000,m,2,Van,33.347171241,"far [30,inf)",0,0.000000000,106,106,100.000000000,100.000000000
kitti,000019,lateral,0.100000000,m,3,Car,57.787457273,"far [30,inf)",0,0.000000000,19,19,100.000000000,100.000000000
kitti,000021,yaw,-3.000000000,deg,0,Cyclist,3.230085149,"near [0,10)",0,0.890000000,186,16,8.602150538,94.623655914
kitti,000021,yaw,-3.000000000,deg,1,Car,12.175331523,"middle [10,30)",0,0.000000000,850,671,78.941176471,100.000000000
kitti,000021,yaw,-3.000000000,deg,2,Car,17.573987324,"middle [10,30)",1,0.000000000,238,118,49.579831933,100.000000000
kitti,000021,yaw,-3.000000000,deg,3,Van,20.412007966,"middle [10,30)",1,0.000000000,964,824,85.477178423,100.000000000
kitti,000021,yaw,-3.000000000,deg,4,Car,24.267946606,"middle [10,30)",0,0.000000000,176,53,30.113636364,100.000000000
kitti,000021,yaw,-3.000000000,deg,5,Car,25.226880794,"middle [10,30)",1,0.000000000,113,17,15.044247788,100.000000000
kitti,000021,yaw,-3.000000000,deg,6,Car,30.206146013,"far [30,inf)",2,0.000000000,50,21,42.000000000,100.000000000
kitti,000021,yaw,-3.000000000,deg,7,Car,31.018301137,"far [30,inf)",2,0.000000000,28,0,0.000000000,100.000000000
kitti,000021,yaw,-2.000000000,deg,0,Cyclist,3.230085149,"near [0,10)",0,0.890000000,186,43,23.118279570,94.623655914
kitti,000021,yaw,-2.000000000,deg,1,Car,12.175331523,"middle [10,30)",0,0.000000000,850,749,88.117647059,100.000000000
kitti,000021,yaw,-2.000000000,deg,2,Car,17.573987324,"middle [10,30)",1,0.000000000,238,176,73.949579832,100.000000000
kitti,000021,yaw,-2.000000000,deg,3,Van,20.412007966,"middle [10,30)",1,0.000000000,964,884,91.701244813,100.000000000
kitti,000021,yaw,-2.000000000,deg,4,Car,24.267946606,"middle [10,30)",0,0.000000000,176,98,55.681818182,100.000000000
kitti,000021,yaw,-2.000000000,deg,5,Car,25.226880794,"middle [10,30)",1,0.000000000,113,56,49.557522124,100.000000000
kitti,000021,yaw,-2.000000000,deg,6,Car,30.206146013,"far [30,inf)",2,0.000000000,50,39,78.000000000,100.000000000
kitti,000021,yaw,-2.000000000,deg,7,Car,31.018301137,"far [30,inf)",2,0.000000000,28,0,0.000000000,100.000000000
kitti,000021,yaw,-1.000000000,deg,0,Cyclist,3.230085149,"near [0,10)",0,0.890000000,186,88,47.311827957,94.623655914
kitti,000021,yaw,-1.000000000,deg,1,Car,12.175331523,"middle [10,30)",0,0.000000000,850,821,96.588235294,100.000000000
kitti,000021,yaw,-1.000000000,deg,2,Car,17.573987324,"middle [10,30)",1,0.000000000,238,219,92.016806723,100.000000000
kitti,000021,yaw,-1.000000000,deg,3,Van,20.412007966,"middle [10,30)",1,0.000000000,964,939,97.406639004,100.000000000
kitti,000021,yaw,-1.000000000,deg,4,Car,24.267946606,"middle [10,30)",0,0.000000000,176,144,81.818181818,100.000000000
kitti,000021,yaw,-1.000000000,deg,5,Car,25.226880794,"middle [10,30)",1,0.000000000,113,92,81.415929204,100.000000000
kitti,000021,yaw,-1.000000000,deg,6,Car,30.206146013,"far [30,inf)",2,0.000000000,50,45,90.000000000,100.000000000
kitti,000021,yaw,-1.000000000,deg,7,Car,31.018301137,"far [30,inf)",2,0.000000000,28,5,17.857142857,100.000000000
kitti,000021,yaw,-0.500000000,deg,0,Cyclist,3.230085149,"near [0,10)",0,0.890000000,186,126,67.741935484,94.623655914
kitti,000021,yaw,-0.500000000,deg,1,Car,12.175331523,"middle [10,30)",0,0.000000000,850,848,99.764705882,100.000000000
kitti,000021,yaw,-0.500000000,deg,2,Car,17.573987324,"middle [10,30)",1,0.000000000,238,238,100.000000000,100.000000000
kitti,000021,yaw,-0.500000000,deg,3,Van,20.412007966,"middle [10,30)",1,0.000000000,964,959,99.481327801,100.000000000
kitti,000021,yaw,-0.500000000,deg,4,Car,24.267946606,"middle [10,30)",0,0.000000000,176,166,94.318181818,100.000000000
kitti,000021,yaw,-0.500000000,deg,5,Car,25.226880794,"middle [10,30)",1,0.000000000,113,104,92.035398230,100.000000000
kitti,000021,yaw,-0.500000000,deg,6,Car,30.206146013,"far [30,inf)",2,0.000000000,50,48,96.000000000,100.000000000
kitti,000021,yaw,-0.500000000,deg,7,Car,31.018301137,"far [30,inf)",2,0.000000000,28,25,89.285714286,100.000000000
kitti,000021,yaw,0.000000000,deg,0,Cyclist,3.230085149,"near [0,10)",0,0.890000000,186,176,94.623655914,94.623655914
kitti,000021,yaw,0.000000000,deg,1,Car,12.175331523,"middle [10,30)",0,0.000000000,850,850,100.000000000,100.000000000
kitti,000021,yaw,0.000000000,deg,2,Car,17.573987324,"middle [10,30)",1,0.000000000,238,238,100.000000000,100.000000000
kitti,000021,yaw,0.000000000,deg,3,Van,20.412007966,"middle [10,30)",1,0.000000000,964,964,100.000000000,100.000000000
kitti,000021,yaw,0.000000000,deg,4,Car,24.267946606,"middle [10,30)",0,0.000000000,176,176,100.000000000,100.000000000
kitti,000021,yaw,0.000000000,deg,5,Car,25.226880794,"middle [10,30)",1,0.000000000,113,113,100.000000000,100.000000000
kitti,000021,yaw,0.000000000,deg,6,Car,30.206146013,"far [30,inf)",2,0.000000000,50,50,100.000000000,100.000000000
kitti,000021,yaw,0.000000000,deg,7,Car,31.018301137,"far [30,inf)",2,0.000000000,28,28,100.000000000,100.000000000
kitti,000021,yaw,0.500000000,deg,0,Cyclist,3.230085149,"near [0,10)",0,0.890000000,186,186,100.000000000,94.623655914
kitti,000021,yaw,0.500000000,deg,1,Car,12.175331523,"middle [10,30)",0,0.000000000,850,850,100.000000000,100.000000000
kitti,000021,yaw,0.500000000,deg,2,Car,17.573987324,"middle [10,30)",1,0.000000000,238,238,100.000000000,100.000000000
kitti,000021,yaw,0.500000000,deg,3,Van,20.412007966,"middle [10,30)",1,0.000000000,964,963,99.896265560,100.000000000
kitti,000021,yaw,0.500000000,deg,4,Car,24.267946606,"middle [10,30)",0,0.000000000,176,175,99.431818182,100.000000000
kitti,000021,yaw,0.500000000,deg,5,Car,25.226880794,"middle [10,30)",1,0.000000000,113,113,100.000000000,100.000000000
kitti,000021,yaw,0.500000000,deg,6,Car,30.206146013,"far [30,inf)",2,0.000000000,50,47,94.000000000,100.000000000
kitti,000021,yaw,0.500000000,deg,7,Car,31.018301137,"far [30,inf)",2,0.000000000,28,28,100.000000000,100.000000000
kitti,000021,yaw,1.000000000,deg,0,Cyclist,3.230085149,"near [0,10)",0,0.890000000,186,186,100.000000000,94.623655914
kitti,000021,yaw,1.000000000,deg,1,Car,12.175331523,"middle [10,30)",0,0.000000000,850,845,99.411764706,100.000000000
kitti,000021,yaw,1.000000000,deg,2,Car,17.573987324,"middle [10,30)",1,0.000000000,238,238,100.000000000,100.000000000
kitti,000021,yaw,1.000000000,deg,3,Van,20.412007966,"middle [10,30)",1,0.000000000,964,923,95.746887967,100.000000000
kitti,000021,yaw,1.000000000,deg,4,Car,24.267946606,"middle [10,30)",0,0.000000000,176,161,91.477272727,100.000000000
kitti,000021,yaw,1.000000000,deg,5,Car,25.226880794,"middle [10,30)",1,0.000000000,113,113,100.000000000,100.000000000
kitti,000021,yaw,1.000000000,deg,6,Car,30.206146013,"far [30,inf)",2,0.000000000,50,40,80.000000000,100.000000000
kitti,000021,yaw,1.000000000,deg,7,Car,31.018301137,"far [30,inf)",2,0.000000000,28,28,100.000000000,100.000000000
kitti,000021,yaw,2.000000000,deg,0,Cyclist,3.230085149,"near [0,10)",0,0.890000000,186,186,100.000000000,94.623655914
kitti,000021,yaw,2.000000000,deg,1,Car,12.175331523,"middle [10,30)",0,0.000000000,850,789,92.823529412,100.000000000
kitti,000021,yaw,2.000000000,deg,2,Car,17.573987324,"middle [10,30)",1,0.000000000,238,236,99.159663866,100.000000000
kitti,000021,yaw,2.000000000,deg,3,Van,20.412007966,"middle [10,30)",1,0.000000000,964,904,93.775933610,100.000000000
kitti,000021,yaw,2.000000000,deg,4,Car,24.267946606,"middle [10,30)",0,0.000000000,176,122,69.318181818,100.000000000
kitti,000021,yaw,2.000000000,deg,5,Car,25.226880794,"middle [10,30)",1,0.000000000,113,88,77.876106195,100.000000000
kitti,000021,yaw,2.000000000,deg,6,Car,30.206146013,"far [30,inf)",2,0.000000000,50,14,28.000000000,100.000000000
kitti,000021,yaw,2.000000000,deg,7,Car,31.018301137,"far [30,inf)",2,0.000000000,28,28,100.000000000,100.000000000
kitti,000021,yaw,3.000000000,deg,0,Cyclist,3.230085149,"near [0,10)",0,0.890000000,186,186,100.000000000,94.623655914
kitti,000021,yaw,3.000000000,deg,1,Car,12.175331523,"middle [10,30)",0,0.000000000,850,717,84.352941176,100.000000000
kitti,000021,yaw,3.000000000,deg,2,Car,17.573987324,"middle [10,30)",1,0.000000000,238,227,95.378151261,100.000000000
kitti,000021,yaw,3.000000000,deg,3,Van,20.412007966,"middle [10,30)",1,0.000000000,964,829,85.995850622,100.000000000
kitti,000021,yaw,3.000000000,deg,4,Car,24.267946606,"middle [10,30)",0,0.000000000,176,77,43.750000000,100.000000000
kitti,000021,yaw,3.000000000,deg,5,Car,25.226880794,"middle [10,30)",1,0.000000000,113,51,45.132743363,100.000000000
kitti,000021,yaw,3.000000000,deg,6,Car,30.206146013,"far [30,inf)",2,0.000000000,50,7,14.000000000,100.000000000
kitti,000021,yaw,3.000000000,deg,7,Car,31.018301137,"far [30,inf)",2,0.000000000,28,3,10.714285714,100.000000000
kitti,000021,lateral,-0.100000000,m,0,Cyclist,3.230085149,"near [0,10)",0,0.890000000,186,98,52.688172043,94.623655914
kitti,000021,lateral,-0.100000000,m,1,Car,12.175331523,"middle [10,30)",0,0.000000000,850,849,99.882352941,100.000000000
kitti,000021,lateral,-0.100000000,m,2,Car,17.573987324,"middle [10,30)",1,0.000000000,238,238,100.000000000,100.000000000
kitti,000021,lateral,-0.100000000,m,3,Van,20.412007966,"middle [10,30)",1,0.000000000,964,964,100.000000000,100.000000000
kitti,000021,lateral,-0.100000000,m,4,Car,24.267946606,"middle [10,30)",0,0.000000000,176,175,99.431818182,100.000000000
kitti,000021,lateral,-0.100000000,m,5,Car,25.226880794,"middle [10,30)",1,0.000000000,113,110,97.345132743,100.000000000
kitti,000021,lateral,-0.100000000,m,6,Car,30.206146013,"far [30,inf)",2,0.000000000,50,49,98.000000000,100.000000000
kitti,000021,lateral,-0.100000000,m,7,Car,31.018301137,"far [30,inf)",2,0.000000000,28,28,100.000000000,100.000000000
kitti,000021,lateral,-0.050000000,m,0,Cyclist,3.230085149,"near [0,10)",0,0.890000000,186,131,70.430107527,94.623655914
kitti,000021,lateral,-0.050000000,m,1,Car,12.175331523,"middle [10,30)",0,0.000000000,850,850,100.000000000,100.000000000
kitti,000021,lateral,-0.050000000,m,2,Car,17.573987324,"middle [10,30)",1,0.000000000,238,238,100.000000000,100.000000000
kitti,000021,lateral,-0.050000000,m,3,Van,20.412007966,"middle [10,30)",1,0.000000000,964,964,100.000000000,100.000000000
kitti,000021,lateral,-0.050000000,m,4,Car,24.267946606,"middle [10,30)",0,0.000000000,176,176,100.000000000,100.000000000
kitti,000021,lateral,-0.050000000,m,5,Car,25.226880794,"middle [10,30)",1,0.000000000,113,113,100.000000000,100.000000000
kitti,000021,lateral,-0.050000000,m,6,Car,30.206146013,"far [30,inf)",2,0.000000000,50,50,100.000000000,100.000000000
kitti,000021,lateral,-0.050000000,m,7,Car,31.018301137,"far [30,inf)",2,0.000000000,28,28,100.000000000,100.000000000
kitti,000021,lateral,-0.020000000,m,0,Cyclist,3.230085149,"near [0,10)",0,0.890000000,186,158,84.946236559,94.623655914
kitti,000021,lateral,-0.020000000,m,1,Car,12.175331523,"middle [10,30)",0,0.000000000,850,850,100.000000000,100.000000000
kitti,000021,lateral,-0.020000000,m,2,Car,17.573987324,"middle [10,30)",1,0.000000000,238,238,100.000000000,100.000000000
kitti,000021,lateral,-0.020000000,m,3,Van,20.412007966,"middle [10,30)",1,0.000000000,964,964,100.000000000,100.000000000
kitti,000021,lateral,-0.020000000,m,4,Car,24.267946606,"middle [10,30)",0,0.000000000,176,176,100.000000000,100.000000000
kitti,000021,lateral,-0.020000000,m,5,Car,25.226880794,"middle [10,30)",1,0.000000000,113,113,100.000000000,100.000000000
kitti,000021,lateral,-0.020000000,m,6,Car,30.206146013,"far [30,inf)",2,0.000000000,50,50,100.000000000,100.000000000
kitti,000021,lateral,-0.020000000,m,7,Car,31.018301137,"far [30,inf)",2,0.000000000,28,28,100.000000000,100.000000000
kitti,000021,lateral,0.000000000,m,0,Cyclist,3.230085149,"near [0,10)",0,0.890000000,186,176,94.623655914,94.623655914
kitti,000021,lateral,0.000000000,m,1,Car,12.175331523,"middle [10,30)",0,0.000000000,850,850,100.000000000,100.000000000
kitti,000021,lateral,0.000000000,m,2,Car,17.573987324,"middle [10,30)",1,0.000000000,238,238,100.000000000,100.000000000
kitti,000021,lateral,0.000000000,m,3,Van,20.412007966,"middle [10,30)",1,0.000000000,964,964,100.000000000,100.000000000
kitti,000021,lateral,0.000000000,m,4,Car,24.267946606,"middle [10,30)",0,0.000000000,176,176,100.000000000,100.000000000
kitti,000021,lateral,0.000000000,m,5,Car,25.226880794,"middle [10,30)",1,0.000000000,113,113,100.000000000,100.000000000
kitti,000021,lateral,0.000000000,m,6,Car,30.206146013,"far [30,inf)",2,0.000000000,50,50,100.000000000,100.000000000
kitti,000021,lateral,0.000000000,m,7,Car,31.018301137,"far [30,inf)",2,0.000000000,28,28,100.000000000,100.000000000
kitti,000021,lateral,0.020000000,m,0,Cyclist,3.230085149,"near [0,10)",0,0.890000000,186,184,98.924731183,94.623655914
kitti,000021,lateral,0.020000000,m,1,Car,12.175331523,"middle [10,30)",0,0.000000000,850,850,100.000000000,100.000000000
kitti,000021,lateral,0.020000000,m,2,Car,17.573987324,"middle [10,30)",1,0.000000000,238,238,100.000000000,100.000000000
kitti,000021,lateral,0.020000000,m,3,Van,20.412007966,"middle [10,30)",1,0.000000000,964,964,100.000000000,100.000000000
kitti,000021,lateral,0.020000000,m,4,Car,24.267946606,"middle [10,30)",0,0.000000000,176,176,100.000000000,100.000000000
kitti,000021,lateral,0.020000000,m,5,Car,25.226880794,"middle [10,30)",1,0.000000000,113,113,100.000000000,100.000000000
kitti,000021,lateral,0.020000000,m,6,Car,30.206146013,"far [30,inf)",2,0.000000000,50,50,100.000000000,100.000000000
kitti,000021,lateral,0.020000000,m,7,Car,31.018301137,"far [30,inf)",2,0.000000000,28,28,100.000000000,100.000000000
kitti,000021,lateral,0.050000000,m,0,Cyclist,3.230085149,"near [0,10)",0,0.890000000,186,184,98.924731183,94.623655914
kitti,000021,lateral,0.050000000,m,1,Car,12.175331523,"middle [10,30)",0,0.000000000,850,850,100.000000000,100.000000000
kitti,000021,lateral,0.050000000,m,2,Car,17.573987324,"middle [10,30)",1,0.000000000,238,238,100.000000000,100.000000000
kitti,000021,lateral,0.050000000,m,3,Van,20.412007966,"middle [10,30)",1,0.000000000,964,964,100.000000000,100.000000000
kitti,000021,lateral,0.050000000,m,4,Car,24.267946606,"middle [10,30)",0,0.000000000,176,176,100.000000000,100.000000000
kitti,000021,lateral,0.050000000,m,5,Car,25.226880794,"middle [10,30)",1,0.000000000,113,113,100.000000000,100.000000000
kitti,000021,lateral,0.050000000,m,6,Car,30.206146013,"far [30,inf)",2,0.000000000,50,50,100.000000000,100.000000000
kitti,000021,lateral,0.050000000,m,7,Car,31.018301137,"far [30,inf)",2,0.000000000,28,28,100.000000000,100.000000000
kitti,000021,lateral,0.100000000,m,0,Cyclist,3.230085149,"near [0,10)",0,0.890000000,186,183,98.387096774,94.623655914
kitti,000021,lateral,0.100000000,m,1,Car,12.175331523,"middle [10,30)",0,0.000000000,850,850,100.000000000,100.000000000
kitti,000021,lateral,0.100000000,m,2,Car,17.573987324,"middle [10,30)",1,0.000000000,238,238,100.000000000,100.000000000
kitti,000021,lateral,0.100000000,m,3,Van,20.412007966,"middle [10,30)",1,0.000000000,964,964,100.000000000,100.000000000
kitti,000021,lateral,0.100000000,m,4,Car,24.267946606,"middle [10,30)",0,0.000000000,176,176,100.000000000,100.000000000
kitti,000021,lateral,0.100000000,m,5,Car,25.226880794,"middle [10,30)",1,0.000000000,113,113,100.000000000,100.000000000
kitti,000021,lateral,0.100000000,m,6,Car,30.206146013,"far [30,inf)",2,0.000000000,50,50,100.000000000,100.000000000
kitti,000021,lateral,0.100000000,m,7,Car,31.018301137,"far [30,inf)",2,0.000000000,28,28,100.000000000,100.000000000
kitti,000023,yaw,-3.000000000,deg,0,Truck,63.225716455,"far [30,inf)",0,0.000000000,74,0,0.000000000,100.000000000
kitti,000023,yaw,-3.000000000,deg,1,Car,53.431809232,"far [30,inf)",0,0.000000000,13,0,0.000000000,100.000000000
kitti,000023,yaw,-3.000000000,deg,2,Cyclist,44.679029911,"far [30,inf)",3,0.000000000,20,0,0.000000000,100.000000000
kitti,000023,yaw,-2.000000000,deg,0,Truck,63.225716455,"far [30,inf)",0,0.000000000,74,13,17.567567568,100.000000000
kitti,000023,yaw,-2.000000000,deg,1,Car,53.431809232,"far [30,inf)",0,0.000000000,13,4,30.769230769,100.000000000
kitti,000023,yaw,-2.000000000,deg,2,Cyclist,44.679029911,"far [30,inf)",3,0.000000000,20,0,0.000000000,100.000000000
kitti,000023,yaw,-1.000000000,deg,0,Truck,63.225716455,"far [30,inf)",0,0.000000000,74,43,58.108108108,100.000000000
kitti,000023,yaw,-1.000000000,deg,1,Car,53.431809232,"far [30,inf)",0,0.000000000,13,13,100.000000000,100.000000000
kitti,000023,yaw,-1.000000000,deg,2,Cyclist,44.679029911,"far [30,inf)",3,0.000000000,20,0,0.000000000,100.000000000
kitti,000023,yaw,-0.500000000,deg,0,Truck,63.225716455,"far [30,inf)",0,0.000000000,74,61,82.432432432,100.000000000
kitti,000023,yaw,-0.500000000,deg,1,Car,53.431809232,"far [30,inf)",0,0.000000000,13,13,100.000000000,100.000000000
kitti,000023,yaw,-0.500000000,deg,2,Cyclist,44.679029911,"far [30,inf)",3,0.000000000,20,8,40.000000000,100.000000000
kitti,000023,yaw,0.000000000,deg,0,Truck,63.225716455,"far [30,inf)",0,0.000000000,74,74,100.000000000,100.000000000
kitti,000023,yaw,0.000000000,deg,1,Car,53.431809232,"far [30,inf)",0,0.000000000,13,13,100.000000000,100.000000000
kitti,000023,yaw,0.000000000,deg,2,Cyclist,44.679029911,"far [30,inf)",3,0.000000000,20,20,100.000000000,100.000000000
kitti,000023,yaw,0.500000000,deg,0,Truck,63.225716455,"far [30,inf)",0,0.000000000,74,61,82.432432432,100.000000000
kitti,000023,yaw,0.500000000,deg,1,Car,53.431809232,"far [30,inf)",0,0.000000000,13,11,84.615384615,100.000000000
kitti,000023,yaw,0.500000000,deg,2,Cyclist,44.679029911,"far [30,inf)",3,0.000000000,20,12,60.000000000,100.000000000
kitti,000023,yaw,1.000000000,deg,0,Truck,63.225716455,"far [30,inf)",0,0.000000000,74,43,58.108108108,100.000000000
kitti,000023,yaw,1.000000000,deg,1,Car,53.431809232,"far [30,inf)",0,0.000000000,13,7,53.846153846,100.000000000
kitti,000023,yaw,1.000000000,deg,2,Cyclist,44.679029911,"far [30,inf)",3,0.000000000,20,0,0.000000000,100.000000000
kitti,000023,yaw,2.000000000,deg,0,Truck,63.225716455,"far [30,inf)",0,0.000000000,74,10,13.513513514,100.000000000
kitti,000023,yaw,2.000000000,deg,1,Car,53.431809232,"far [30,inf)",0,0.000000000,13,0,0.000000000,100.000000000
kitti,000023,yaw,2.000000000,deg,2,Cyclist,44.679029911,"far [30,inf)",3,0.000000000,20,0,0.000000000,100.000000000
kitti,000023,yaw,3.000000000,deg,0,Truck,63.225716455,"far [30,inf)",0,0.000000000,74,0,0.000000000,100.000000000
kitti,000023,yaw,3.000000000,deg,1,Car,53.431809232,"far [30,inf)",0,0.000000000,13,0,0.000000000,100.000000000
kitti,000023,yaw,3.000000000,deg,2,Cyclist,44.679029911,"far [30,inf)",3,0.000000000,20,0,0.000000000,100.000000000
kitti,000023,lateral,-0.100000000,m,0,Truck,63.225716455,"far [30,inf)",0,0.000000000,74,74,100.000000000,100.000000000
kitti,000023,lateral,-0.100000000,m,1,Car,53.431809232,"far [30,inf)",0,0.000000000,13,13,100.000000000,100.000000000
kitti,000023,lateral,-0.100000000,m,2,Cyclist,44.679029911,"far [30,inf)",3,0.000000000,20,19,95.000000000,100.000000000
kitti,000023,lateral,-0.050000000,m,0,Truck,63.225716455,"far [30,inf)",0,0.000000000,74,74,100.000000000,100.000000000
kitti,000023,lateral,-0.050000000,m,1,Car,53.431809232,"far [30,inf)",0,0.000000000,13,13,100.000000000,100.000000000
kitti,000023,lateral,-0.050000000,m,2,Cyclist,44.679029911,"far [30,inf)",3,0.000000000,20,20,100.000000000,100.000000000
kitti,000023,lateral,-0.020000000,m,0,Truck,63.225716455,"far [30,inf)",0,0.000000000,74,74,100.000000000,100.000000000
kitti,000023,lateral,-0.020000000,m,1,Car,53.431809232,"far [30,inf)",0,0.000000000,13,13,100.000000000,100.000000000
kitti,000023,lateral,-0.020000000,m,2,Cyclist,44.679029911,"far [30,inf)",3,0.000000000,20,20,100.000000000,100.000000000
kitti,000023,lateral,0.000000000,m,0,Truck,63.225716455,"far [30,inf)",0,0.000000000,74,74,100.000000000,100.000000000
kitti,000023,lateral,0.000000000,m,1,Car,53.431809232,"far [30,inf)",0,0.000000000,13,13,100.000000000,100.000000000
kitti,000023,lateral,0.000000000,m,2,Cyclist,44.679029911,"far [30,inf)",3,0.000000000,20,20,100.000000000,100.000000000
kitti,000023,lateral,0.020000000,m,0,Truck,63.225716455,"far [30,inf)",0,0.000000000,74,74,100.000000000,100.000000000
kitti,000023,lateral,0.020000000,m,1,Car,53.431809232,"far [30,inf)",0,0.000000000,13,13,100.000000000,100.000000000
kitti,000023,lateral,0.020000000,m,2,Cyclist,44.679029911,"far [30,inf)",3,0.000000000,20,20,100.000000000,100.000000000
kitti,000023,lateral,0.050000000,m,0,Truck,63.225716455,"far [30,inf)",0,0.000000000,74,74,100.000000000,100.000000000
kitti,000023,lateral,0.050000000,m,1,Car,53.431809232,"far [30,inf)",0,0.000000000,13,13,100.000000000,100.000000000
kitti,000023,lateral,0.050000000,m,2,Cyclist,44.679029911,"far [30,inf)",3,0.000000000,20,20,100.000000000,100.000000000
kitti,000023,lateral,0.100000000,m,0,Truck,63.225716455,"far [30,inf)",0,0.000000000,74,72,97.297297297,100.000000000
kitti,000023,lateral,0.100000000,m,1,Car,53.431809232,"far [30,inf)",0,0.000000000,13,13,100.000000000,100.000000000
kitti,000023,lateral,0.100000000,m,2,Cyclist,44.679029911,"far [30,inf)",3,0.000000000,20,20,100.000000000,100.000000000
kitti,000025,yaw,-3.000000000,deg,0,Car,2.875928366,"near [0,10)",3,0.940000000,140,110,78.571428571,98.571428571
kitti,000025,yaw,-3.000000000,deg,1,Car,8.840931326,"near [0,10)",0,0.000000000,1121,962,85.816235504,100.000000000
kitti,000025,yaw,-3.000000000,deg,2,Car,28.404920424,"middle [10,30)",0,0.000000000,61,22,36.065573770,100.000000000
kitti,000025,yaw,-3.000000000,deg,3,Car,16.382497380,"middle [10,30)",0,0.000000000,316,156,49.367088608,100.000000000
kitti,000025,yaw,-3.000000000,deg,4,Cyclist,44.646093959,"far [30,inf)",3,0.000000000,21,0,0.000000000,100.000000000
kitti,000025,yaw,-3.000000000,deg,5,Car,21.098354957,"middle [10,30)",1,0.000000000,27,27,100.000000000,100.000000000
kitti,000025,yaw,-2.000000000,deg,0,Car,2.875928366,"near [0,10)",3,0.940000000,140,113,80.714285714,98.571428571
kitti,000025,yaw,-2.000000000,deg,1,Car,8.840931326,"near [0,10)",0,0.000000000,1121,1032,92.060660125,100.000000000
kitti,000025,yaw,-2.000000000,deg,2,Car,28.404920424,"middle [10,30)",0,0.000000000,61,44,72.131147541,100.000000000
kitti,000025,yaw,-2.000000000,deg,3,Car,16.382497380,"middle [10,30)",0,0.000000000,316,225,71.202531646,100.000000000
kitti,000025,yaw,-2.000000000,deg,4,Cyclist,44.646093959,"far [30,inf)",3,0.000000000,21,0,0.000000000,100.000000000
kitti,000025,yaw,-2.000000000,deg,5,Car,21.098354957,"middle [10,30)",1,0.000000000,27,27,100.000000000,100.000000000
kitti,000025,yaw,-1.000000000,deg,0,Car,2.875928366,"near [0,10)",3,0.940000000,140,123,87.857142857,98.571428571
kitti,000025,yaw,-1.000000000,deg,1,Car,8.840931326,"near [0,10)",0,0.000000000,1121,1101,98.215878680,100.000000000
kitti,000025,yaw,-1.000000000,deg,2,Car,28.404920424,"middle [10,30)",0,0.000000000,61,58,95.081967213,100.000000000
kitti,000025,yaw,-1.000000000,deg,3,Car,16.382497380,"middle [10,30)",0,0.000000000,316,289,91.455696203,100.000000000
kitti,000025,yaw,-1.000000000,deg,4,Cyclist,44.646093959,"far [30,inf)",3,0.000000000,21,0,0.000000000,100.000000000
kitti,000025,yaw,-1.000000000,deg,5,Car,21.098354957,"middle [10,30)",1,0.000000000,27,27,100.000000000,100.000000000
kitti,000025,yaw,-0.500000000,deg,0,Car,2.875928366,"near [0,10)",3,0.940000000,140,129,92.142857143,98.571428571
kitti,000025,yaw,-0.500000000,deg,1,Car,8.840931326,"near [0,10)",0,0.000000000,1121,1119,99.821587868,100.000000000
kitti,000025,yaw,-0.500000000,deg,2,Car,28.404920424,"middle [10,30)",0,0.000000000,61,60,98.360655738,100.000000000
kitti,000025,yaw,-0.500000000,deg,3,Car,16.382497380,"middle [10,30)",0,0.000000000,316,312,98.734177215,100.000000000
kitti,000025,yaw,-0.500000000,deg,4,Cyclist,44.646093959,"far [30,inf)",3,0.000000000,21,7,33.333333333,100.000000000
kitti,000025,yaw,-0.500000000,deg,5,Car,21.098354957,"middle [10,30)",1,0.000000000,27,27,100.000000000,100.000000000
kitti,000025,yaw,0.000000000,deg,0,Car,2.875928366,"near [0,10)",3,0.940000000,140,138,98.571428571,98.571428571
kitti,000025,yaw,0.000000000,deg,1,Car,8.840931326,"near [0,10)",0,0.000000000,1121,1121,100.000000000,100.000000000
kitti,000025,yaw,0.000000000,deg,2,Car,28.404920424,"middle [10,30)",0,0.000000000,61,61,100.000000000,100.000000000
kitti,000025,yaw,0.000000000,deg,3,Car,16.382497380,"middle [10,30)",0,0.000000000,316,316,100.000000000,100.000000000
kitti,000025,yaw,0.000000000,deg,4,Cyclist,44.646093959,"far [30,inf)",3,0.000000000,21,21,100.000000000,100.000000000
kitti,000025,yaw,0.000000000,deg,5,Car,21.098354957,"middle [10,30)",1,0.000000000,27,27,100.000000000,100.000000000
kitti,000025,yaw,0.500000000,deg,0,Car,2.875928366,"near [0,10)",3,0.940000000,140,140,100.000000000,98.571428571
kitti,000025,yaw,0.500000000,deg,1,Car,8.840931326,"near [0,10)",0,0.000000000,1121,1118,99.732381802,100.000000000
kitti,000025,yaw,0.500000000,deg,2,Car,28.404920424,"middle [10,30)",0,0.000000000,61,56,91.803278689,100.000000000
kitti,000025,yaw,0.500000000,deg,3,Car,16.382497380,"middle [10,30)",0,0.000000000,316,312,98.734177215,100.000000000
kitti,000025,yaw,0.500000000,deg,4,Cyclist,44.646093959,"far [30,inf)",3,0.000000000,21,5,23.809523810,100.000000000
kitti,000025,yaw,0.500000000,deg,5,Car,21.098354957,"middle [10,30)",1,0.000000000,27,14,51.851851852,100.000000000
kitti,000025,yaw,1.000000000,deg,0,Car,2.875928366,"near [0,10)",3,0.940000000,140,140,100.000000000,98.571428571
kitti,000025,yaw,1.000000000,deg,1,Car,8.840931326,"near [0,10)",0,0.000000000,1121,1095,97.680642284,100.000000000
kitti,000025,yaw,1.000000000,deg,2,Car,28.404920424,"middle [10,30)",0,0.000000000,61,48,78.688524590,100.000000000
kitti,000025,yaw,1.000000000,deg,3,Car,16.382497380,"middle [10,30)",0,0.000000000,316,293,92.721518987,100.000000000
kitti,000025,yaw,1.000000000,deg,4,Cyclist,44.646093959,"far [30,inf)",3,0.000000000,21,0,0.000000000,100.000000000
kitti,000025,yaw,1.000000000,deg,5,Car,21.098354957,"middle [10,30)",1,0.000000000,27,2,7.407407407,100.000000000
kitti,000025,yaw,2.000000000,deg,0,Car,2.875928366,"near [0,10)",3,0.940000000,140,132,94.285714286,98.571428571
kitti,000025,yaw,2.000000000,deg,1,Car,8.840931326,"near [0,10)",0,0.000000000,1121,1015,90.544157003,100.000000000
kitti,000025,yaw,2.000000000,deg,2,Car,28.404920424,"middle [10,30)",0,0.000000000,61,25,40.983606557,100.000000000
kitti,000025,yaw,2.000000000,deg,3,Car,16.382497380,"middle [10,30)",0,0.000000000,316,233,73.734177215,100.000000000
kitti,000025,yaw,2.000000000,deg,4,Cyclist,44.646093959,"far [30,inf)",3,0.000000000,21,0,0.000000000,100.000000000
kitti,000025,yaw,2.000000000,deg,5,Car,21.098354957,"middle [10,30)",1,0.000000000,27,0,0.000000000,100.000000000
kitti,000025,yaw,3.000000000,deg,0,Car,2.875928366,"near [0,10)",3,0.940000000,140,132,94.285714286,98.571428571
kitti,000025,yaw,3.000000000,deg,1,Car,8.840931326,"near [0,10)",0,0.000000000,1121,929,82.872435326,100.000000000
kitti,000025,yaw,3.000000000,deg,2,Car,28.404920424,"middle [10,30)",0,0.000000000,61,8,13.114754098,100.000000000
kitti,000025,yaw,3.000000000,deg,3,Car,16.382497380,"middle [10,30)",0,0.000000000,316,165,52.215189873,100.000000000
kitti,000025,yaw,3.000000000,deg,4,Cyclist,44.646093959,"far [30,inf)",3,0.000000000,21,0,0.000000000,100.000000000
kitti,000025,yaw,3.000000000,deg,5,Car,21.098354957,"middle [10,30)",1,0.000000000,27,0,0.000000000,100.000000000
kitti,000025,lateral,-0.100000000,m,0,Car,2.875928366,"near [0,10)",3,0.940000000,140,126,90.000000000,98.571428571
kitti,000025,lateral,-0.100000000,m,1,Car,8.840931326,"near [0,10)",0,0.000000000,1121,1121,100.000000000,100.000000000
kitti,000025,lateral,-0.100000000,m,2,Car,28.404920424,"middle [10,30)",0,0.000000000,61,61,100.000000000,100.000000000
kitti,000025,lateral,-0.100000000,m,3,Car,16.382497380,"middle [10,30)",0,0.000000000,316,316,100.000000000,100.000000000
kitti,000025,lateral,-0.100000000,m,4,Cyclist,44.646093959,"far [30,inf)",3,0.000000000,21,20,95.238095238,100.000000000
kitti,000025,lateral,-0.100000000,m,5,Car,21.098354957,"middle [10,30)",1,0.000000000,27,27,100.000000000,100.000000000
kitti,000025,lateral,-0.050000000,m,0,Car,2.875928366,"near [0,10)",3,0.940000000,140,130,92.857142857,98.571428571
kitti,000025,lateral,-0.050000000,m,1,Car,8.840931326,"near [0,10)",0,0.000000000,1121,1121,100.000000000,100.000000000
kitti,000025,lateral,-0.050000000,m,2,Car,28.404920424,"middle [10,30)",0,0.000000000,61,61,100.000000000,100.000000000
kitti,000025,lateral,-0.050000000,m,3,Car,16.382497380,"middle [10,30)",0,0.000000000,316,316,100.000000000,100.000000000
kitti,000025,lateral,-0.050000000,m,4,Cyclist,44.646093959,"far [30,inf)",3,0.000000000,21,21,100.000000000,100.000000000
kitti,000025,lateral,-0.050000000,m,5,Car,21.098354957,"middle [10,30)",1,0.000000000,27,27,100.000000000,100.000000000
kitti,000025,lateral,-0.020000000,m,0,Car,2.875928366,"near [0,10)",3,0.940000000,140,135,96.428571429,98.571428571
kitti,000025,lateral,-0.020000000,m,1,Car,8.840931326,"near [0,10)",0,0.000000000,1121,1121,100.000000000,100.000000000
kitti,000025,lateral,-0.020000000,m,2,Car,28.404920424,"middle [10,30)",0,0.000000000,61,61,100.000000000,100.000000000
kitti,000025,lateral,-0.020000000,m,3,Car,16.382497380,"middle [10,30)",0,0.000000000,316,316,100.000000000,100.000000000
kitti,000025,lateral,-0.020000000,m,4,Cyclist,44.646093959,"far [30,inf)",3,0.000000000,21,21,100.000000000,100.000000000
kitti,000025,lateral,-0.020000000,m,5,Car,21.098354957,"middle [10,30)",1,0.000000000,27,27,100.000000000,100.000000000
kitti,000025,lateral,0.000000000,m,0,Car,2.875928366,"near [0,10)",3,0.940000000,140,138,98.571428571,98.571428571
kitti,000025,lateral,0.000000000,m,1,Car,8.840931326,"near [0,10)",0,0.000000000,1121,1121,100.000000000,100.000000000
kitti,000025,lateral,0.000000000,m,2,Car,28.404920424,"middle [10,30)",0,0.000000000,61,61,100.000000000,100.000000000
kitti,000025,lateral,0.000000000,m,3,Car,16.382497380,"middle [10,30)",0,0.000000000,316,316,100.000000000,100.000000000
kitti,000025,lateral,0.000000000,m,4,Cyclist,44.646093959,"far [30,inf)",3,0.000000000,21,21,100.000000000,100.000000000
kitti,000025,lateral,0.000000000,m,5,Car,21.098354957,"middle [10,30)",1,0.000000000,27,27,100.000000000,100.000000000
kitti,000025,lateral,0.020000000,m,0,Car,2.875928366,"near [0,10)",3,0.940000000,140,138,98.571428571,98.571428571
kitti,000025,lateral,0.020000000,m,1,Car,8.840931326,"near [0,10)",0,0.000000000,1121,1121,100.000000000,100.000000000
kitti,000025,lateral,0.020000000,m,2,Car,28.404920424,"middle [10,30)",0,0.000000000,61,61,100.000000000,100.000000000
kitti,000025,lateral,0.020000000,m,3,Car,16.382497380,"middle [10,30)",0,0.000000000,316,316,100.000000000,100.000000000
kitti,000025,lateral,0.020000000,m,4,Cyclist,44.646093959,"far [30,inf)",3,0.000000000,21,21,100.000000000,100.000000000
kitti,000025,lateral,0.020000000,m,5,Car,21.098354957,"middle [10,30)",1,0.000000000,27,27,100.000000000,100.000000000
kitti,000025,lateral,0.050000000,m,0,Car,2.875928366,"near [0,10)",3,0.940000000,140,137,97.857142857,98.571428571
kitti,000025,lateral,0.050000000,m,1,Car,8.840931326,"near [0,10)",0,0.000000000,1121,1120,99.910793934,100.000000000
kitti,000025,lateral,0.050000000,m,2,Car,28.404920424,"middle [10,30)",0,0.000000000,61,61,100.000000000,100.000000000
kitti,000025,lateral,0.050000000,m,3,Car,16.382497380,"middle [10,30)",0,0.000000000,316,316,100.000000000,100.000000000
kitti,000025,lateral,0.050000000,m,4,Cyclist,44.646093959,"far [30,inf)",3,0.000000000,21,21,100.000000000,100.000000000
kitti,000025,lateral,0.050000000,m,5,Car,21.098354957,"middle [10,30)",1,0.000000000,27,27,100.000000000,100.000000000
kitti,000025,lateral,0.100000000,m,0,Car,2.875928366,"near [0,10)",3,0.940000000,140,137,97.857142857,98.571428571
kitti,000025,lateral,0.100000000,m,1,Car,8.840931326,"near [0,10)",0,0.000000000,1121,1117,99.643175736,100.000000000
kitti,000025,lateral,0.100000000,m,2,Car,28.404920424,"middle [10,30)",0,0.000000000,61,61,100.000000000,100.000000000
kitti,000025,lateral,0.100000000,m,3,Car,16.382497380,"middle [10,30)",0,0.000000000,316,316,100.000000000,100.000000000
kitti,000025,lateral,0.100000000,m,4,Cyclist,44.646093959,"far [30,inf)",3,0.000000000,21,20,95.238095238,100.000000000
kitti,000025,lateral,0.100000000,m,5,Car,21.098354957,"middle [10,30)",1,0.000000000,27,26,96.296296296,100.000000000
kitti,000031,yaw,-3.000000000,deg,0,Car,10.632014334,"middle [10,30)",0,0.000000000,1028,811,78.891050584,100.000000000
kitti,000031,yaw,-3.000000000,deg,1,Car,7.120847975,"near [0,10)",0,0.000000000,1028,830,80.739299611,100.000000000
kitti,000031,yaw,-3.000000000,deg,2,Car,11.845670056,"middle [10,30)",1,0.000000000,517,482,93.230174081,100.000000000
kitti,000031,yaw,-3.000000000,deg,3,Truck,21.104399369,"middle [10,30)",2,0.000000000,328,175,53.353658537,100.000000000
kitti,000031,yaw,-3.000000000,deg,4,Car,24.710181602,"middle [10,30)",0,0.000000000,141,34,24.113475177,100.000000000
kitti,000031,yaw,-3.000000000,deg,5,Van,49.861407524,"far [30,inf)",0,0.000000000,32,0,0.000000000,100.000000000
kitti,000031,yaw,-2.000000000,deg,0,Car,10.632014334,"middle [10,30)",0,0.000000000,1028,917,89.202334630,100.000000000
kitti,000031,yaw,-2.000000000,deg,1,Car,7.120847975,"near [0,10)",0,0.000000000,1028,916,89.105058366,100.000000000
kitti,000031,yaw,-2.000000000,deg,2,Car,11.845670056,"middle [10,30)",1,0.000000000,517,513,99.226305609,100.000000000
kitti,000031,yaw,-2.000000000,deg,3,Truck,21.104399369,"middle [10,30)",2,0.000000000,328,227,69.207317073,100.000000000
kitti,000031,yaw,-2.000000000,deg,4,Car,24.710181602,"middle [10,30)",0,0.000000000,141,75,53.191489362,100.000000000
kitti,000031,yaw,-2.000000000,deg,5,Van,49.861407524,"far [30,inf)",0,0.000000000,32,0,0.000000000,100.000000000
kitti,000031,yaw,-1.000000000,deg,0,Car,10.632014334,"middle [10,30)",0,0.000000000,1028,992,96.498054475,100.000000000
kitti,000031,yaw,-1.000000000,deg,1,Car,7.120847975,"near [0,10)",0,0.000000000,1028,1011,98.346303502,100.000000000
kitti,000031,yaw,-1.000000000,deg,2,Car,11.845670056,"middle [10,30)",1,0.000000000,517,517,100.000000000,100.000000000
kitti,000031,yaw,-1.000000000,deg,3,Truck,21.104399369,"middle [10,30)",2,0.000000000,328,298,90.853658537,100.000000000
kitti,000031,yaw,-1.000000000,deg,4,Car,24.710181602,"middle [10,30)",0,0.000000000,141,113,80.141843972,100.000000000
kitti,000031,yaw,-1.000000000,deg,5,Van,49.861407524,"far [30,inf)",0,0.000000000,32,17,53.125000000,100.000000000
kitti,000031,yaw,-0.500000000,deg,0,Car,10.632014334,"middle [10,30)",0,0.000000000,1028,1025,99.708171206,100.000000000
kitti,000031,yaw,-0.500000000,deg,1,Car,7.120847975,"near [0,10)",0,0.000000000,1028,1028,100.000000000,100.000000000
kitti,000031,yaw,-0.500000000,deg,2,Car,11.845670056,"middle [10,30)",1,0.000000000,517,517,100.000000000,100.000000000
kitti,000031,yaw,-0.500000000,deg,3,Truck,21.104399369,"middle [10,30)",2,0.000000000,328,310,94.512195122,100.000000000
kitti,000031,yaw,-0.500000000,deg,4,Car,24.710181602,"middle [10,30)",0,0.000000000,141,134,95.035460993,100.000000000
kitti,000031,yaw,-0.500000000,deg,5,Van,49.861407524,"far [30,inf)",0,0.000000000,32,25,78.125000000,100.000000000
kitti,000031,yaw,0.000000000,deg,0,Car,10.632014334,"middle [10,30)",0,0.000000000,1028,1028,100.000000000,100.000000000
kitti,000031,yaw,0.000000000,deg,1,Car,7.120847975,"near [0,10)",0,0.000000000,1028,1028,100.000000000,100.000000000
kitti,000031,yaw,0.000000000,deg,2,Car,11.845670056,"middle [10,30)",1,0.000000000,517,517,100.000000000,100.000000000
kitti,000031,yaw,0.000000000,deg,3,Truck,21.104399369,"middle [10,30)",2,0.000000000,328,328,100.000000000,100.000000000
kitti,000031,yaw,0.000000000,deg,4,Car,24.710181602,"middle [10,30)",0,0.000000000,141,141,100.000000000,100.000000000
kitti,000031,yaw,0.000000000,deg,5,Van,49.861407524,"far [30,inf)",0,0.000000000,32,32,100.000000000,100.000000000
kitti,000031,yaw,0.500000000,deg,0,Car,10.632014334,"middle [10,30)",0,0.000000000,1028,1025,99.708171206,100.000000000
kitti,000031,yaw,0.500000000,deg,1,Car,7.120847975,"near [0,10)",0,0.000000000,1028,1028,100.000000000,100.000000000
kitti,000031,yaw,0.500000000,deg,2,Car,11.845670056,"middle [10,30)",1,0.000000000,517,508,98.259187621,100.000000000
kitti,000031,yaw,0.500000000,deg,3,Truck,21.104399369,"middle [10,30)",2,0.000000000,328,320,97.560975610,100.000000000
kitti,000031,yaw,0.500000000,deg,4,Car,24.710181602,"middle [10,30)",0,0.000000000,141,131,92.907801418,100.000000000
kitti,000031,yaw,0.500000000,deg,5,Van,49.861407524,"far [30,inf)",0,0.000000000,32,28,87.500000000,100.000000000
kitti,000031,yaw,1.000000000,deg,0,Car,10.632014334,"middle [10,30)",0,0.000000000,1028,1000,97.276264591,100.000000000
kitti,000031,yaw,1.000000000,deg,1,Car,7.120847975,"near [0,10)",0,0.000000000,1028,1017,98.929961089,100.000000000
kitti,000031,yaw,1.000000000,deg,2,Car,11.845670056,"middle [10,30)",1,0.000000000,517,491,94.970986460,100.000000000
kitti,000031,yaw,1.000000000,deg,3,Truck,21.104399369,"middle [10,30)",2,0.000000000,328,304,92.682926829,100.000000000
kitti,000031,yaw,1.000000000,deg,4,Car,24.710181602,"middle [10,30)",0,0.000000000,141,110,78.014184397,100.000000000
kitti,000031,yaw,1.000000000,deg,5,Van,49.861407524,"far [30,inf)",0,0.000000000,32,19,59.375000000,100.000000000
kitti,000031,yaw,2.000000000,deg,0,Car,10.632014334,"middle [10,30)",0,0.000000000,1028,903,87.840466926,100.000000000
kitti,000031,yaw,2.000000000,deg,1,Car,7.120847975,"near [0,10)",0,0.000000000,1028,977,95.038910506,100.000000000
kitti,000031,yaw,2.000000000,deg,2,Car,11.845670056,"middle [10,30)",1,0.000000000,517,432,83.558994197,100.000000000
kitti,000031,yaw,2.000000000,deg,3,Truck,21.104399369,"middle [10,30)",2,0.000000000,328,255,77.743902439,100.000000000
kitti,000031,yaw,2.000000000,deg,4,Car,24.710181602,"middle [10,30)",0,0.000000000,141,68,48.226950355,100.000000000
kitti,000031,yaw,2.000000000,deg,5,Van,49.861407524,"far [30,inf)",0,0.000000000,32,3,9.375000000,100.000000000
kitti,000031,yaw,3.000000000,deg,0,Car,10.632014334,"middle [10,30)",0,0.000000000,1028,801,77.918287938,100.000000000
kitti,000031,yaw,3.000000000,deg,1,Car,7.120847975,"near [0,10)",0,0.000000000,1028,953,92.704280156,100.000000000
kitti,000031,yaw,3.000000000,deg,2,Car,11.845670056,"middle [10,30)",1,0.000000000,517,351,67.891682785,100.000000000
kitti,000031,yaw,3.000000000,deg,3,Truck,21.104399369,"middle [10,30)",2,0.000000000,328,209,63.719512195,100.000000000
kitti,000031,yaw,3.000000000,deg,4,Car,24.710181602,"middle [10,30)",0,0.000000000,141,29,20.567375887,100.000000000
kitti,000031,yaw,3.000000000,deg,5,Van,49.861407524,"far [30,inf)",0,0.000000000,32,0,0.000000000,100.000000000
kitti,000031,lateral,-0.100000000,m,0,Car,10.632014334,"middle [10,30)",0,0.000000000,1028,1027,99.902723735,100.000000000
kitti,000031,lateral,-0.100000000,m,1,Car,7.120847975,"near [0,10)",0,0.000000000,1028,1028,100.000000000,100.000000000
kitti,000031,lateral,-0.100000000,m,2,Car,11.845670056,"middle [10,30)",1,0.000000000,517,517,100.000000000,100.000000000
kitti,000031,lateral,-0.100000000,m,3,Truck,21.104399369,"middle [10,30)",2,0.000000000,328,326,99.390243902,100.000000000
kitti,000031,lateral,-0.100000000,m,4,Car,24.710181602,"middle [10,30)",0,0.000000000,141,140,99.290780142,100.000000000
kitti,000031,lateral,-0.100000000,m,5,Van,49.861407524,"far [30,inf)",0,0.000000000,32,31,96.875000000,100.000000000
kitti,000031,lateral,-0.050000000,m,0,Car,10.632014334,"middle [10,30)",0,0.000000000,1028,1028,100.000000000,100.000000000
kitti,000031,lateral,-0.050000000,m,1,Car,7.120847975,"near [0,10)",0,0.000000000,1028,1028,100.000000000,100.000000000
kitti,000031,lateral,-0.050000000,m,2,Car,11.845670056,"middle [10,30)",1,0.000000000,517,517,100.000000000,100.000000000
kitti,000031,lateral,-0.050000000,m,3,Truck,21.104399369,"middle [10,30)",2,0.000000000,328,327,99.695121951,100.000000000
kitti,000031,lateral,-0.050000000,m,4,Car,24.710181602,"middle [10,30)",0,0.000000000,141,141,100.000000000,100.000000000
kitti,000031,lateral,-0.050000000,m,5,Van,49.861407524,"far [30,inf)",0,0.000000000,32,32,100.000000000,100.000000000
kitti,000031,lateral,-0.020000000,m,0,Car,10.632014334,"middle [10,30)",0,0.000000000,1028,1028,100.000000000,100.000000000
kitti,000031,lateral,-0.020000000,m,1,Car,7.120847975,"near [0,10)",0,0.000000000,1028,1028,100.000000000,100.000000000
kitti,000031,lateral,-0.020000000,m,2,Car,11.845670056,"middle [10,30)",1,0.000000000,517,517,100.000000000,100.000000000
kitti,000031,lateral,-0.020000000,m,3,Truck,21.104399369,"middle [10,30)",2,0.000000000,328,328,100.000000000,100.000000000
kitti,000031,lateral,-0.020000000,m,4,Car,24.710181602,"middle [10,30)",0,0.000000000,141,141,100.000000000,100.000000000
kitti,000031,lateral,-0.020000000,m,5,Van,49.861407524,"far [30,inf)",0,0.000000000,32,32,100.000000000,100.000000000
kitti,000031,lateral,0.000000000,m,0,Car,10.632014334,"middle [10,30)",0,0.000000000,1028,1028,100.000000000,100.000000000
kitti,000031,lateral,0.000000000,m,1,Car,7.120847975,"near [0,10)",0,0.000000000,1028,1028,100.000000000,100.000000000
kitti,000031,lateral,0.000000000,m,2,Car,11.845670056,"middle [10,30)",1,0.000000000,517,517,100.000000000,100.000000000
kitti,000031,lateral,0.000000000,m,3,Truck,21.104399369,"middle [10,30)",2,0.000000000,328,328,100.000000000,100.000000000
kitti,000031,lateral,0.000000000,m,4,Car,24.710181602,"middle [10,30)",0,0.000000000,141,141,100.000000000,100.000000000
kitti,000031,lateral,0.000000000,m,5,Van,49.861407524,"far [30,inf)",0,0.000000000,32,32,100.000000000,100.000000000
kitti,000031,lateral,0.020000000,m,0,Car,10.632014334,"middle [10,30)",0,0.000000000,1028,1028,100.000000000,100.000000000
kitti,000031,lateral,0.020000000,m,1,Car,7.120847975,"near [0,10)",0,0.000000000,1028,1028,100.000000000,100.000000000
kitti,000031,lateral,0.020000000,m,2,Car,11.845670056,"middle [10,30)",1,0.000000000,517,517,100.000000000,100.000000000
kitti,000031,lateral,0.020000000,m,3,Truck,21.104399369,"middle [10,30)",2,0.000000000,328,328,100.000000000,100.000000000
kitti,000031,lateral,0.020000000,m,4,Car,24.710181602,"middle [10,30)",0,0.000000000,141,141,100.000000000,100.000000000
kitti,000031,lateral,0.020000000,m,5,Van,49.861407524,"far [30,inf)",0,0.000000000,32,32,100.000000000,100.000000000
kitti,000031,lateral,0.050000000,m,0,Car,10.632014334,"middle [10,30)",0,0.000000000,1028,1028,100.000000000,100.000000000
kitti,000031,lateral,0.050000000,m,1,Car,7.120847975,"near [0,10)",0,0.000000000,1028,1028,100.000000000,100.000000000
kitti,000031,lateral,0.050000000,m,2,Car,11.845670056,"middle [10,30)",1,0.000000000,517,516,99.806576402,100.000000000
kitti,000031,lateral,0.050000000,m,3,Truck,21.104399369,"middle [10,30)",2,0.000000000,328,328,100.000000000,100.000000000
kitti,000031,lateral,0.050000000,m,4,Car,24.710181602,"middle [10,30)",0,0.000000000,141,141,100.000000000,100.000000000
kitti,000031,lateral,0.050000000,m,5,Van,49.861407524,"far [30,inf)",0,0.000000000,32,32,100.000000000,100.000000000
kitti,000031,lateral,0.100000000,m,0,Car,10.632014334,"middle [10,30)",0,0.000000000,1028,1025,99.708171206,100.000000000
kitti,000031,lateral,0.100000000,m,1,Car,7.120847975,"near [0,10)",0,0.000000000,1028,1028,100.000000000,100.000000000
kitti,000031,lateral,0.100000000,m,2,Car,11.845670056,"middle [10,30)",1,0.000000000,517,511,98.839458414,100.000000000
kitti,000031,lateral,0.100000000,m,3,Truck,21.104399369,"middle [10,30)",2,0.000000000,328,327,99.695121951,100.000000000
kitti,000031,lateral,0.100000000,m,4,Car,24.710181602,"middle [10,30)",0,0.000000000,141,140,99.290780142,100.000000000
kitti,000031,lateral,0.100000000,m,5,Van,49.861407524,"far [30,inf)",0,0.000000000,32,32,100.000000000,100.000000000
kitti,000032,yaw,-3.000000000,deg,0,Car,8.047711530,"near [0,10)",0,0.000000000,1435,1287,89.686411150,100.000000000
kitti,000032,yaw,-3.000000000,deg,1,Car,7.241930562,"near [0,10)",0,0.000000000,1352,1125,83.210059172,99.852071006
kitti,000032,yaw,-3.000000000,deg,2,Van,12.985314215,"middle [10,30)",1,0.000000000,803,530,66.002490660,100.000000000
kitti,000032,yaw,-3.000000000,deg,3,Car,11.774405054,"middle [10,30)",1,0.000000000,410,404,98.536585366,100.000000000
kitti,000032,yaw,-3.000000000,deg,4,Car,18.456751228,"middle [10,30)",2,0.000000000,71,56,78.873239437,100.000000000
kitti,000032,yaw,-3.000000000,deg,5,Van,21.738598258,"middle [10,30)",2,0.000000000,584,452,77.397260274,100.000000000
kitti,000032,yaw,-3.000000000,deg,6,Car,23.691704386,"middle [10,30)",2,0.000000000,75,36,48.000000000,100.000000000
kitti,000032,yaw,-3.000000000,deg,7,Van,42.766615393,"far [30,inf)",0,0.000000000,64,0,0.000000000,100.000000000
kitti,000032,yaw,-3.000000000,deg,8,Van,38.136999318,"far [30,inf)",2,0.000000000,154,146,94.805194805,100.000000000
kitti,000032,yaw,-3.000000000,deg,9,Car,42.578940645,"far [30,inf)",0,0.000000000,39,0,0.000000000,100.000000000
kitti,000032,yaw,-2.000000000,deg,0,Car,8.047711530,"near [0,10)",0,0.000000000,1435,1382,96.306620209,100.000000000
kitti,000032,yaw,-2.000000000,deg,1,Car,7.241930562,"near [0,10)",0,0.000000000,1352,1223,90.458579882,99.852071006
kitti,000032,yaw,-2.000000000,deg,2,Van,12.985314215,"middle [10,30)",1,0.000000000,803,653,81.320049813,100.000000000
kitti,000032,yaw,-2.000000000,deg,3,Car,11.774405054,"middle [10,30)",1,0.000000000,410,410,100.000000000,100.000000000
kitti,000032,yaw,-2.000000000,deg,4,Car,18.456751228,"middle [10,30)",2,0.000000000,71,64,90.140845070,100.000000000
kitti,000032,yaw,-2.000000000,deg,5,Van,21.738598258,"middle [10,30)",2,0.000000000,584,522,89.383561644,100.000000000
kitti,000032,yaw,-2.000000000,deg,6,Car,23.691704386,"middle [10,30)",2,0.000000000,75,60,80.000000000,100.000000000
kitti,000032,yaw,-2.000000000,deg,7,Van,42.766615393,"far [30,inf)",0,0.000000000,64,6,9.375000000,100.000000000
kitti,000032,yaw,-2.000000000,deg,8,Van,38.136999318,"far [30,inf)",2,0.000000000,154,153,99.350649351,100.000000000
kitti,000032,yaw,-2.000000000,deg,9,Car,42.578940645,"far [30,inf)",0,0.000000000,39,11,28.205128205,100.000000000
kitti,000032,yaw,-1.000000000,deg,0,Car,8.047711530,"near [0,10)",0,0.000000000,1435,1429,99.581881533,100.000000000
kitti,000032,yaw,-1.000000000,deg,1,Car,7.241930562,"near [0,10)",0,0.000000000,1352,1321,97.707100592,99.852071006
kitti,000032,yaw,-1.000000000,deg,2,Van,12.985314215,"middle [10,30)",1,0.000000000,803,747,93.026151930,100.000000000
kitti,000032,yaw,-1.000000000,deg,3,Car,11.774405054,"middle [10,30)",1,0.000000000,410,410,100.000000000,100.000000000
kitti,000032,yaw,-1.000000000,deg,4,Car,18.456751228,"middle [10,30)",2,0.000000000,71,70,98.591549296,100.000000000
kitti,000032,yaw,-1.000000000,deg,5,Van,21.738598258,"middle [10,30)",2,0.000000000,584,574,98.287671233,100.000000000
kitti,000032,yaw,-1.000000000,deg,6,Car,23.691704386,"middle [10,30)",2,0.000000000,75,72,96.000000000,100.000000000
kitti,000032,yaw,-1.000000000,deg,7,Van,42.766615393,"far [30,inf)",0,0.000000000,64,36,56.250000000,100.000000000
kitti,000032,yaw,-1.000000000,deg,8,Van,38.136999318,"far [30,inf)",2,0.000000000,154,154,100.000000000,100.000000000
kitti,000032,yaw,-1.000000000,deg,9,Car,42.578940645,"far [30,inf)",0,0.000000000,39,29,74.358974359,100.000000000
kitti,000032,yaw,-0.500000000,deg,0,Car,8.047711530,"near [0,10)",0,0.000000000,1435,1435,100.000000000,100.000000000
kitti,000032,yaw,-0.500000000,deg,1,Car,7.241930562,"near [0,10)",0,0.000000000,1352,1346,99.556213018,99.852071006
kitti,000032,yaw,-0.500000000,deg,2,Van,12.985314215,"middle [10,30)",1,0.000000000,803,789,98.256537983,100.000000000
kitti,000032,yaw,-0.500000000,deg,3,Car,11.774405054,"middle [10,30)",1,0.000000000,410,410,100.000000000,100.000000000
kitti,000032,yaw,-0.500000000,deg,4,Car,18.456751228,"middle [10,30)",2,0.000000000,71,71,100.000000000,100.000000000
kitti,000032,yaw,-0.500000000,deg,5,Van,21.738598258,"middle [10,30)",2,0.000000000,584,580,99.315068493,100.000000000
kitti,000032,yaw,-0.500000000,deg,6,Car,23.691704386,"middle [10,30)",2,0.000000000,75,75,100.000000000,100.000000000
kitti,000032,yaw,-0.500000000,deg,7,Van,42.766615393,"far [30,inf)",0,0.000000000,64,49,76.562500000,100.000000000
kitti,000032,yaw,-0.500000000,deg,8,Van,38.136999318,"far [30,inf)",2,0.000000000,154,154,100.000000000,100.000000000
kitti,000032,yaw,-0.500000000,deg,9,Car,42.578940645,"far [30,inf)",0,0.000000000,39,37,94.871794872,100.000000000
kitti,000032,yaw,0.000000000,deg,0,Car,8.047711530,"near [0,10)",0,0.000000000,1435,1435,100.000000000,100.000000000
kitti,000032,yaw,0.000000000,deg,1,Car,7.241930562,"near [0,10)",0,0.000000000,1352,1350,99.852071006,99.852071006
kitti,000032,yaw,0.000000000,deg,2,Van,12.985314215,"middle [10,30)",1,0.000000000,803,803,100.000000000,100.000000000
kitti,000032,yaw,0.000000000,deg,3,Car,11.774405054,"middle [10,30)",1,0.000000000,410,410,100.000000000,100.000000000
kitti,000032,yaw,0.000000000,deg,4,Car,18.456751228,"middle [10,30)",2,0.000000000,71,71,100.000000000,100.000000000
kitti,000032,yaw,0.000000000,deg,5,Van,21.738598258,"middle [10,30)",2,0.000000000,584,584,100.000000000,100.000000000
kitti,000032,yaw,0.000000000,deg,6,Car,23.691704386,"middle [10,30)",2,0.000000000,75,75,100.000000000,100.000000000
kitti,000032,yaw,0.000000000,deg,7,Van,42.766615393,"far [30,inf)",0,0.000000000,64,64,100.000000000,100.000000000
kitti,000032,yaw,0.000000000,deg,8,Van,38.136999318,"far [30,inf)",2,0.000000000,154,154,100.000000000,100.000000000
kitti,000032,yaw,0.000000000,deg,9,Car,42.578940645,"far [30,inf)",0,0.000000000,39,39,100.000000000,100.000000000
kitti,000032,yaw,0.500000000,deg,0,Car,8.047711530,"near [0,10)",0,0.000000000,1435,1435,100.000000000,100.000000000
kitti,000032,yaw,0.500000000,deg,1,Car,7.241930562,"near [0,10)",0,0.000000000,1352,1352,100.000000000,99.852071006
kitti,000032,yaw,0.500000000,deg,2,Van,12.985314215,"middle [10,30)",1,0.000000000,803,803,100.000000000,100.000000000
kitti,000032,yaw,0.500000000,deg,3,Car,11.774405054,"middle [10,30)",1,0.000000000,410,410,100.000000000,100.000000000
kitti,000032,yaw,0.500000000,deg,4,Car,18.456751228,"middle [10,30)",2,0.000000000,71,59,83.098591549,100.000000000
kitti,000032,yaw,0.500000000,deg,5,Van,21.738598258,"middle [10,30)",2,0.000000000,584,584,100.000000000,100.000000000
kitti,000032,yaw,0.500000000,deg,6,Car,23.691704386,"middle [10,30)",2,0.000000000,75,75,100.000000000,100.000000000
kitti,000032,yaw,0.500000000,deg,7,Van,42.766615393,"far [30,inf)",0,0.000000000,64,58,90.625000000,100.000000000
kitti,000032,yaw,0.500000000,deg,8,Van,38.136999318,"far [30,inf)",2,0.000000000,154,153,99.350649351,100.000000000
kitti,000032,yaw,0.500000000,deg,9,Car,42.578940645,"far [30,inf)",0,0.000000000,39,34,87.179487179,100.000000000
kitti,000032,yaw,1.000000000,deg,0,Car,8.047711530,"near [0,10)",0,0.000000000,1435,1435,100.000000000,100.000000000
kitti,000032,yaw,1.000000000,deg,1,Car,7.241930562,"near [0,10)",0,0.000000000,1352,1334,98.668639053,99.852071006
kitti,000032,yaw,1.000000000,deg,2,Van,12.985314215,"middle [10,30)",1,0.000000000,803,803,100.000000000,100.000000000
kitti,000032,yaw,1.000000000,deg,3,Car,11.774405054,"middle [10,30)",1,0.000000000,410,395,96.341463415,100.000000000
kitti,000032,yaw,1.000000000,deg,4,Car,18.456751228,"middle [10,30)",2,0.000000000,71,46,64.788732394,100.000000000
kitti,000032,yaw,1.000000000,deg,5,Van,21.738598258,"middle [10,30)",2,0.000000000,584,584,100.000000000,100.000000000
kitti,000032,yaw,1.000000000,deg,6,Car,23.691704386,"middle [10,30)",2,0.000000000,75,73,97.333333333,100.000000000
kitti,000032,yaw,1.000000000,deg,7,Van,42.766615393,"far [30,inf)",0,0.000000000,64,43,67.187500000,100.000000000
kitti,000032,yaw,1.000000000,deg,8,Van,38.136999318,"far [30,inf)",2,0.000000000,154,135,87.662337662,100.000000000
kitti,000032,yaw,1.000000000,deg,9,Car,42.578940645,"far [30,inf)",0,0.000000000,39,25,64.102564103,100.000000000
kitti,000032,yaw,2.000000000,deg,0,Car,8.047711530,"near [0,10)",0,0.000000000,1435,1420,98.954703833,100.000000000
kitti,000032,yaw,2.000000000,deg,1,Car,7.241930562,"near [0,10)",0,0.000000000,1352,1274,94.230769231,99.852071006
kitti,000032,yaw,2.000000000,deg,2,Van,12.985314215,"middle [10,30)",1,0.000000000,803,788,98.132004981,100.000000000
kitti,000032,yaw,2.000000000,deg,3,Car,11.774405054,"middle [10,30)",1,0.000000000,410,352,85.853658537,100.000000000
kitti,000032,yaw,2.000000000,deg,4,Car,18.456751228,"middle [10,30)",2,0.000000000,71,18,25.352112676,100.000000000
kitti,000032,yaw,2.000000000,deg,5,Van,21.738598258,"middle [10,30)",2,0.000000000,584,584,100.000000000,100.000000000
kitti,000032,yaw,2.000000000,deg,6,Car,23.691704386,"middle [10,30)",2,0.000000000,75,56,74.666666667,100.000000000
kitti,000032,yaw,2.000000000,deg,7,Van,42.766615393,"far [30,inf)",0,0.000000000,64,15,23.437500000,100.000000000
kitti,000032,yaw,2.000000000,deg,8,Van,38.136999318,"far [30,inf)",2,0.000000000,154,110,71.428571429,100.000000000
kitti,000032,yaw,2.000000000,deg,9,Car,42.578940645,"far [30,inf)",0,0.000000000,39,8,20.512820513,100.000000000
kitti,000032,yaw,3.000000000,deg,0,Car,8.047711530,"near [0,10)",0,0.000000000,1435,1362,94.912891986,100.000000000
kitti,000032,yaw,3.000000000,deg,1,Car,7.241930562,"near [0,10)",0,0.000000000,1352,1214,89.792899408,99.852071006
kitti,000032,yaw,3.000000000,deg,2,Van,12.985314215,"middle [10,30)",1,0.000000000,803,754,93.897882939,100.000000000
kitti,000032,yaw,3.000000000,deg,3,Car,11.774405054,"middle [10,30)",1,0.000000000,410,298,72.682926829,100.000000000
kitti,000032,yaw,3.000000000,deg,4,Car,18.456751228,"middle [10,30)",2,0.000000000,71,8,11.267605634,100.000000000
kitti,000032,yaw,3.000000000,deg,5,Van,21.738598258,"middle [10,30)",2,0.000000000,584,584,100.000000000,100.000000000
kitti,000032,yaw,3.000000000,deg,6,Car,23.691704386,"middle [10,30)",2,0.000000000,75,42,56.000000000,100.000000000
kitti,000032,yaw,3.000000000,deg,7,Van,42.766615393,"far [30,inf)",0,0.000000000,64,0,0.000000000,100.000000000
kitti,000032,yaw,3.000000000,deg,8,Van,38.136999318,"far [30,inf)",2,0.000000000,154,81,52.597402597,100.000000000
kitti,000032,yaw,3.000000000,deg,9,Car,42.578940645,"far [30,inf)",0,0.000000000,39,0,0.000000000,100.000000000
kitti,000032,lateral,-0.100000000,m,0,Car,8.047711530,"near [0,10)",0,0.000000000,1435,1435,100.000000000,100.000000000
kitti,000032,lateral,-0.100000000,m,1,Car,7.241930562,"near [0,10)",0,0.000000000,1352,1347,99.630177515,99.852071006
kitti,000032,lateral,-0.100000000,m,2,Van,12.985314215,"middle [10,30)",1,0.000000000,803,798,99.377334994,100.000000000
kitti,000032,lateral,-0.100000000,m,3,Car,11.774405054,"middle [10,30)",1,0.000000000,410,410,100.000000000,100.000000000
kitti,000032,lateral,-0.100000000,m,4,Car,18.456751228,"middle [10,30)",2,0.000000000,71,71,100.000000000,100.000000000
kitti,000032,lateral,-0.100000000,m,5,Van,21.738598258,"middle [10,30)",2,0.000000000,584,584,100.000000000,100.000000000
kitti,000032,lateral,-0.100000000,m,6,Car,23.691704386,"middle [10,30)",2,0.000000000,75,75,100.000000000,100.000000000
kitti,000032,lateral,-0.100000000,m,7,Van,42.766615393,"far [30,inf)",0,0.000000000,64,63,98.437500000,100.000000000
kitti,000032,lateral,-0.100000000,m,8,Van,38.136999318,"far [30,inf)",2,0.000000000,154,154,100.000000000,100.000000000
kitti,000032,lateral,-0.100000000,m,9,Car,42.578940645,"far [30,inf)",0,0.000000000,39,38,97.435897436,100.000000000
kitti,000032,lateral,-0.050000000,m,0,Car,8.047711530,"near [0,10)",0,0.000000000,1435,1435,100.000000000,100.000000000
kitti,000032,lateral,-0.050000000,m,1,Car,7.241930562,"near [0,10)",0,0.000000000,1352,1351,99.926035503,99.852071006
kitti,000032,lateral,-0.050000000,m,2,Van,12.985314215,"middle [10,30)",1,0.000000000,803,803,100.000000000,100.000000000
kitti,000032,lateral,-0.050000000,m,3,Car,11.774405054,"middle [10,30)",1,0.000000000,410,410,100.000000000,100.000000000
kitti,000032,lateral,-0.050000000,m,4,Car,18.456751228,"middle [10,30)",2,0.000000000,71,71,100.000000000,100.000000000
kitti,000032,lateral,-0.050000000,m,5,Van,21.738598258,"middle [10,30)",2,0.000000000,584,584,100.000000000,100.000000000
kitti,000032,lateral,-0.050000000,m,6,Car,23.691704386,"middle [10,30)",2,0.000000000,75,75,100.000000000,100.000000000
kitti,000032,lateral,-0.050000000,m,7,Van,42.766615393,"far [30,inf)",0,0.000000000,64,64,100.000000000,100.000000000
kitti,000032,lateral,-0.050000000,m,8,Van,38.136999318,"far [30,inf)",2,0.000000000,154,154,100.000000000,100.000000000
kitti,000032,lateral,-0.050000000,m,9,Car,42.578940645,"far [30,inf)",0,0.000000000,39,39,100.000000000,100.000000000
kitti,000032,lateral,-0.020000000,m,0,Car,8.047711530,"near [0,10)",0,0.000000000,1435,1435,100.000000000,100.000000000
kitti,000032,lateral,-0.020000000,m,1,Car,7.241930562,"near [0,10)",0,0.000000000,1352,1351,99.926035503,99.852071006
kitti,000032,lateral,-0.020000000,m,2,Van,12.985314215,"middle [10,30)",1,0.000000000,803,803,100.000000000,100.000000000
kitti,000032,lateral,-0.020000000,m,3,Car,11.774405054,"middle [10,30)",1,0.000000000,410,410,100.000000000,100.000000000
kitti,000032,lateral,-0.020000000,m,4,Car,18.456751228,"middle [10,30)",2,0.000000000,71,71,100.000000000,100.000000000
kitti,000032,lateral,-0.020000000,m,5,Van,21.738598258,"middle [10,30)",2,0.000000000,584,584,100.000000000,100.000000000
kitti,000032,lateral,-0.020000000,m,6,Car,23.691704386,"middle [10,30)",2,0.000000000,75,75,100.000000000,100.000000000
kitti,000032,lateral,-0.020000000,m,7,Van,42.766615393,"far [30,inf)",0,0.000000000,64,64,100.000000000,100.000000000
kitti,000032,lateral,-0.020000000,m,8,Van,38.136999318,"far [30,inf)",2,0.000000000,154,154,100.000000000,100.000000000
kitti,000032,lateral,-0.020000000,m,9,Car,42.578940645,"far [30,inf)",0,0.000000000,39,39,100.000000000,100.000000000
kitti,000032,lateral,0.000000000,m,0,Car,8.047711530,"near [0,10)",0,0.000000000,1435,1435,100.000000000,100.000000000
kitti,000032,lateral,0.000000000,m,1,Car,7.241930562,"near [0,10)",0,0.000000000,1352,1350,99.852071006,99.852071006
kitti,000032,lateral,0.000000000,m,2,Van,12.985314215,"middle [10,30)",1,0.000000000,803,803,100.000000000,100.000000000
kitti,000032,lateral,0.000000000,m,3,Car,11.774405054,"middle [10,30)",1,0.000000000,410,410,100.000000000,100.000000000
kitti,000032,lateral,0.000000000,m,4,Car,18.456751228,"middle [10,30)",2,0.000000000,71,71,100.000000000,100.000000000
kitti,000032,lateral,0.000000000,m,5,Van,21.738598258,"middle [10,30)",2,0.000000000,584,584,100.000000000,100.000000000
kitti,000032,lateral,0.000000000,m,6,Car,23.691704386,"middle [10,30)",2,0.000000000,75,75,100.000000000,100.000000000
kitti,000032,lateral,0.000000000,m,7,Van,42.766615393,"far [30,inf)",0,0.000000000,64,64,100.000000000,100.000000000
kitti,000032,lateral,0.000000000,m,8,Van,38.136999318,"far [30,inf)",2,0.000000000,154,154,100.000000000,100.000000000
kitti,000032,lateral,0.000000000,m,9,Car,42.578940645,"far [30,inf)",0,0.000000000,39,39,100.000000000,100.000000000
kitti,000032,lateral,0.020000000,m,0,Car,8.047711530,"near [0,10)",0,0.000000000,1435,1435,100.000000000,100.000000000
kitti,000032,lateral,0.020000000,m,1,Car,7.241930562,"near [0,10)",0,0.000000000,1352,1350,99.852071006,99.852071006
kitti,000032,lateral,0.020000000,m,2,Van,12.985314215,"middle [10,30)",1,0.000000000,803,803,100.000000000,100.000000000
kitti,000032,lateral,0.020000000,m,3,Car,11.774405054,"middle [10,30)",1,0.000000000,410,410,100.000000000,100.000000000
kitti,000032,lateral,0.020000000,m,4,Car,18.456751228,"middle [10,30)",2,0.000000000,71,71,100.000000000,100.000000000
kitti,000032,lateral,0.020000000,m,5,Van,21.738598258,"middle [10,30)",2,0.000000000,584,584,100.000000000,100.000000000
kitti,000032,lateral,0.020000000,m,6,Car,23.691704386,"middle [10,30)",2,0.000000000,75,75,100.000000000,100.000000000
kitti,000032,lateral,0.020000000,m,7,Van,42.766615393,"far [30,inf)",0,0.000000000,64,64,100.000000000,100.000000000
kitti,000032,lateral,0.020000000,m,8,Van,38.136999318,"far [30,inf)",2,0.000000000,154,154,100.000000000,100.000000000
kitti,000032,lateral,0.020000000,m,9,Car,42.578940645,"far [30,inf)",0,0.000000000,39,39,100.000000000,100.000000000
kitti,000032,lateral,0.050000000,m,0,Car,8.047711530,"near [0,10)",0,0.000000000,1435,1435,100.000000000,100.000000000
kitti,000032,lateral,0.050000000,m,1,Car,7.241930562,"near [0,10)",0,0.000000000,1352,1350,99.852071006,99.852071006
kitti,000032,lateral,0.050000000,m,2,Van,12.985314215,"middle [10,30)",1,0.000000000,803,803,100.000000000,100.000000000
kitti,000032,lateral,0.050000000,m,3,Car,11.774405054,"middle [10,30)",1,0.000000000,410,410,100.000000000,100.000000000
kitti,000032,lateral,0.050000000,m,4,Car,18.456751228,"middle [10,30)",2,0.000000000,71,71,100.000000000,100.000000000
kitti,000032,lateral,0.050000000,m,5,Van,21.738598258,"middle [10,30)",2,0.000000000,584,584,100.000000000,100.000000000
kitti,000032,lateral,0.050000000,m,6,Car,23.691704386,"middle [10,30)",2,0.000000000,75,75,100.000000000,100.000000000
kitti,000032,lateral,0.050000000,m,7,Van,42.766615393,"far [30,inf)",0,0.000000000,64,64,100.000000000,100.000000000
kitti,000032,lateral,0.050000000,m,8,Van,38.136999318,"far [30,inf)",2,0.000000000,154,154,100.000000000,100.000000000
kitti,000032,lateral,0.050000000,m,9,Car,42.578940645,"far [30,inf)",0,0.000000000,39,39,100.000000000,100.000000000
kitti,000032,lateral,0.100000000,m,0,Car,8.047711530,"near [0,10)",0,0.000000000,1435,1435,100.000000000,100.000000000
kitti,000032,lateral,0.100000000,m,1,Car,7.241930562,"near [0,10)",0,0.000000000,1352,1350,99.852071006,99.852071006
kitti,000032,lateral,0.100000000,m,2,Van,12.985314215,"middle [10,30)",1,0.000000000,803,803,100.000000000,100.000000000
kitti,000032,lateral,0.100000000,m,3,Car,11.774405054,"middle [10,30)",1,0.000000000,410,410,100.000000000,100.000000000
kitti,000032,lateral,0.100000000,m,4,Car,18.456751228,"middle [10,30)",2,0.000000000,71,68,95.774647887,100.000000000
kitti,000032,lateral,0.100000000,m,5,Van,21.738598258,"middle [10,30)",2,0.000000000,584,584,100.000000000,100.000000000
kitti,000032,lateral,0.100000000,m,6,Car,23.691704386,"middle [10,30)",2,0.000000000,75,75,100.000000000,100.000000000
kitti,000032,lateral,0.100000000,m,7,Van,42.766615393,"far [30,inf)",0,0.000000000,64,64,100.000000000,100.000000000
kitti,000032,lateral,0.100000000,m,8,Van,38.136999318,"far [30,inf)",2,0.000000000,154,154,100.000000000,100.000000000
kitti,000032,lateral,0.100000000,m,9,Car,42.578940645,"far [30,inf)",0,0.000000000,39,39,100.000000000,100.000000000
kitti,000043,yaw,-3.000000000,deg,0,Pedestrian,12.480294400,"middle [10,30)",0,0.000000000,158,0,0.000000000,94.936708861
kitti,000043,yaw,-3.000000000,deg,1,Pedestrian,12.344335313,"middle [10,30)",0,0.000000000,183,0,0.000000000,99.453551913
kitti,000043,yaw,-3.000000000,deg,2,Pedestrian,20.443004433,"middle [10,30)",0,0.000000000,85,0,0.000000000,100.000000000
kitti,000043,yaw,-3.000000000,deg,3,Pedestrian,20.226192099,"middle [10,30)",0,0.000000000,88,0,0.000000000,97.727272727
kitti,000043,yaw,-2.000000000,deg,0,Pedestrian,12.480294400,"middle [10,30)",0,0.000000000,158,13,8.227848101,94.936708861
kitti,000043,yaw,-2.000000000,deg,1,Pedestrian,12.344335313,"middle [10,30)",0,0.000000000,183,22,12.021857923,99.453551913
kitti,000043,yaw,-2.000000000,deg,2,Pedestrian,20.443004433,"middle [10,30)",0,0.000000000,85,0,0.000000000,100.000000000
kitti,000043,yaw,-2.000000000,deg,3,Pedestrian,20.226192099,"middle [10,30)",0,0.000000000,88,1,1.136363636,97.727272727
kitti,000043,yaw,-1.000000000,deg,0,Pedestrian,12.480294400,"middle [10,30)",0,0.000000000,158,98,62.025316456,94.936708861
kitti,000043,yaw,-1.000000000,deg,1,Pedestrian,12.344335313,"middle [10,30)",0,0.000000000,183,127,69.398907104,99.453551913
kitti,000043,yaw,-1.000000000,deg,2,Pedestrian,20.443004433,"middle [10,30)",0,0.000000000,85,50,58.823529412,100.000000000
kitti,000043,yaw,-1.000000000,deg,3,Pedestrian,20.226192099,"middle [10,30)",0,0.000000000,88,62,70.454545455,97.727272727
kitti,000043,yaw,-0.500000000,deg,0,Pedestrian,12.480294400,"middle [10,30)",0,0.000000000,158,142,89.873417722,94.936708861
kitti,000043,yaw,-0.500000000,deg,1,Pedestrian,12.344335313,"middle [10,30)",0,0.000000000,183,170,92.896174863,99.453551913
kitti,000043,yaw,-0.500000000,deg,2,Pedestrian,20.443004433,"middle [10,30)",0,0.000000000,85,78,91.764705882,100.000000000
kitti,000043,yaw,-0.500000000,deg,3,Pedestrian,20.226192099,"middle [10,30)",0,0.000000000,88,83,94.318181818,97.727272727
kitti,000043,yaw,0.000000000,deg,0,Pedestrian,12.480294400,"middle [10,30)",0,0.000000000,158,150,94.936708861,94.936708861
kitti,000043,yaw,0.000000000,deg,1,Pedestrian,12.344335313,"middle [10,30)",0,0.000000000,183,182,99.453551913,99.453551913
kitti,000043,yaw,0.000000000,deg,2,Pedestrian,20.443004433,"middle [10,30)",0,0.000000000,85,85,100.000000000,100.000000000
kitti,000043,yaw,0.000000000,deg,3,Pedestrian,20.226192099,"middle [10,30)",0,0.000000000,88,86,97.727272727,97.727272727
kitti,000043,yaw,0.500000000,deg,0,Pedestrian,12.480294400,"middle [10,30)",0,0.000000000,158,137,86.708860759,94.936708861
kitti,000043,yaw,0.500000000,deg,1,Pedestrian,12.344335313,"middle [10,30)",0,0.000000000,183,149,81.420765027,99.453551913
kitti,000043,yaw,0.500000000,deg,2,Pedestrian,20.443004433,"middle [10,30)",0,0.000000000,85,67,78.823529412,100.000000000
kitti,000043,yaw,0.500000000,deg,3,Pedestrian,20.226192099,"middle [10,30)",0,0.000000000,88,66,75.000000000,97.727272727
kitti,000043,yaw,1.000000000,deg,0,Pedestrian,12.480294400,"middle [10,30)",0,0.000000000,158,88,55.696202532,94.936708861
kitti,000043,yaw,1.000000000,deg,1,Pedestrian,12.344335313,"middle [10,30)",0,0.000000000,183,104,56.830601093,99.453551913
kitti,000043,yaw,1.000000000,deg,2,Pedestrian,20.443004433,"middle [10,30)",0,0.000000000,85,36,42.352941176,100.000000000
kitti,000043,yaw,1.000000000,deg,3,Pedestrian,20.226192099,"middle [10,30)",0,0.000000000,88,24,27.272727273,97.727272727
kitti,000043,yaw,2.000000000,deg,0,Pedestrian,12.480294400,"middle [10,30)",0,0.000000000,158,10,6.329113924,94.936708861
kitti,000043,yaw,2.000000000,deg,1,Pedestrian,12.344335313,"middle [10,30)",0,0.000000000,183,6,3.278688525,99.453551913
kitti,000043,yaw,2.000000000,deg,2,Pedestrian,20.443004433,"middle [10,30)",0,0.000000000,85,0,0.000000000,100.000000000
kitti,000043,yaw,2.000000000,deg,3,Pedestrian,20.226192099,"middle [10,30)",0,0.000000000,88,1,1.136363636,97.727272727
kitti,000043,yaw,3.000000000,deg,0,Pedestrian,12.480294400,"middle [10,30)",0,0.000000000,158,0,0.000000000,94.936708861
kitti,000043,yaw,3.000000000,deg,1,Pedestrian,12.344335313,"middle [10,30)",0,0.000000000,183,0,0.000000000,99.453551913
kitti,000043,yaw,3.000000000,deg,2,Pedestrian,20.443004433,"middle [10,30)",0,0.000000000,85,0,0.000000000,100.000000000
kitti,000043,yaw,3.000000000,deg,3,Pedestrian,20.226192099,"middle [10,30)",0,0.000000000,88,0,0.000000000,97.727272727
kitti,000043,lateral,-0.100000000,m,0,Pedestrian,12.480294400,"middle [10,30)",0,0.000000000,158,143,90.506329114,94.936708861
kitti,000043,lateral,-0.100000000,m,1,Pedestrian,12.344335313,"middle [10,30)",0,0.000000000,183,175,95.628415301,99.453551913
kitti,000043,lateral,-0.100000000,m,2,Pedestrian,20.443004433,"middle [10,30)",0,0.000000000,85,84,98.823529412,100.000000000
kitti,000043,lateral,-0.100000000,m,3,Pedestrian,20.226192099,"middle [10,30)",0,0.000000000,88,86,97.727272727,97.727272727
kitti,000043,lateral,-0.050000000,m,0,Pedestrian,12.480294400,"middle [10,30)",0,0.000000000,158,150,94.936708861,94.936708861
kitti,000043,lateral,-0.050000000,m,1,Pedestrian,12.344335313,"middle [10,30)",0,0.000000000,183,183,100.000000000,99.453551913
kitti,000043,lateral,-0.050000000,m,2,Pedestrian,20.443004433,"middle [10,30)",0,0.000000000,85,85,100.000000000,100.000000000
kitti,000043,lateral,-0.050000000,m,3,Pedestrian,20.226192099,"middle [10,30)",0,0.000000000,88,87,98.863636364,97.727272727
kitti,000043,lateral,-0.020000000,m,0,Pedestrian,12.480294400,"middle [10,30)",0,0.000000000,158,150,94.936708861,94.936708861
kitti,000043,lateral,-0.020000000,m,1,Pedestrian,12.344335313,"middle [10,30)",0,0.000000000,183,183,100.000000000,99.453551913
kitti,000043,lateral,-0.020000000,m,2,Pedestrian,20.443004433,"middle [10,30)",0,0.000000000,85,85,100.000000000,100.000000000
kitti,000043,lateral,-0.020000000,m,3,Pedestrian,20.226192099,"middle [10,30)",0,0.000000000,88,87,98.863636364,97.727272727
kitti,000043,lateral,0.000000000,m,0,Pedestrian,12.480294400,"middle [10,30)",0,0.000000000,158,150,94.936708861,94.936708861
kitti,000043,lateral,0.000000000,m,1,Pedestrian,12.344335313,"middle [10,30)",0,0.000000000,183,182,99.453551913,99.453551913
kitti,000043,lateral,0.000000000,m,2,Pedestrian,20.443004433,"middle [10,30)",0,0.000000000,85,85,100.000000000,100.000000000
kitti,000043,lateral,0.000000000,m,3,Pedestrian,20.226192099,"middle [10,30)",0,0.000000000,88,86,97.727272727,97.727272727
kitti,000043,lateral,0.020000000,m,0,Pedestrian,12.480294400,"middle [10,30)",0,0.000000000,158,151,95.569620253,94.936708861
kitti,000043,lateral,0.020000000,m,1,Pedestrian,12.344335313,"middle [10,30)",0,0.000000000,183,179,97.814207650,99.453551913
kitti,000043,lateral,0.020000000,m,2,Pedestrian,20.443004433,"middle [10,30)",0,0.000000000,85,85,100.000000000,100.000000000
kitti,000043,lateral,0.020000000,m,3,Pedestrian,20.226192099,"middle [10,30)",0,0.000000000,88,87,98.863636364,97.727272727
kitti,000043,lateral,0.050000000,m,0,Pedestrian,12.480294400,"middle [10,30)",0,0.000000000,158,149,94.303797468,94.936708861
kitti,000043,lateral,0.050000000,m,1,Pedestrian,12.344335313,"middle [10,30)",0,0.000000000,183,172,93.989071038,99.453551913
kitti,000043,lateral,0.050000000,m,2,Pedestrian,20.443004433,"middle [10,30)",0,0.000000000,85,85,100.000000000,100.000000000
kitti,000043,lateral,0.050000000,m,3,Pedestrian,20.226192099,"middle [10,30)",0,0.000000000,88,84,95.454545455,97.727272727
kitti,000043,lateral,0.100000000,m,0,Pedestrian,12.480294400,"middle [10,30)",0,0.000000000,158,143,90.506329114,94.936708861
kitti,000043,lateral,0.100000000,m,1,Pedestrian,12.344335313,"middle [10,30)",0,0.000000000,183,157,85.792349727,99.453551913
kitti,000043,lateral,0.100000000,m,2,Pedestrian,20.443004433,"middle [10,30)",0,0.000000000,85,81,95.294117647,100.000000000
kitti,000043,lateral,0.100000000,m,3,Pedestrian,20.226192099,"middle [10,30)",0,0.000000000,88,79,89.772727273,97.727272727
kitti,000048,yaw,-3.000000000,deg,0,Pedestrian,16.771217721,"middle [10,30)",0,0.000000000,113,0,0.000000000,95.575221239
kitti,000048,yaw,-3.000000000,deg,1,Pedestrian,16.917057270,"middle [10,30)",0,0.000000000,132,0,0.000000000,94.696969697
kitti,000048,yaw,-3.000000000,deg,2,Pedestrian,16.222589703,"middle [10,30)",0,0.000000000,116,0,0.000000000,82.758620690
kitti,000048,yaw,-3.000000000,deg,3,Cyclist,30.671814585,"far [30,inf)",0,0.000000000,41,0,0.000000000,100.000000000
kitti,000048,yaw,-2.000000000,deg,0,Pedestrian,16.771217721,"middle [10,30)",0,0.000000000,113,12,10.619469027,95.575221239
kitti,000048,yaw,-2.000000000,deg,1,Pedestrian,16.917057270,"middle [10,30)",0,0.000000000,132,22,16.666666667,94.696969697
kitti,000048,yaw,-2.000000000,deg,2,Pedestrian,16.222589703,"middle [10,30)",0,0.000000000,116,27,23.275862069,82.758620690
kitti,000048,yaw,-2.000000000,deg,3,Cyclist,30.671814585,"far [30,inf)",0,0.000000000,41,0,0.000000000,100.000000000
kitti,000048,yaw,-1.000000000,deg,0,Pedestrian,16.771217721,"middle [10,30)",0,0.000000000,113,92,81.415929204,95.575221239
kitti,000048,yaw,-1.000000000,deg,1,Pedestrian,16.917057270,"middle [10,30)",0,0.000000000,132,101,76.515151515,94.696969697
kitti,000048,yaw,-1.000000000,deg,2,Pedestrian,16.222589703,"middle [10,30)",0,0.000000000,116,106,91.379310345,82.758620690
kitti,000048,yaw,-1.000000000,deg,3,Cyclist,30.671814585,"far [30,inf)",0,0.000000000,41,11,26.829268293,100.000000000
kitti,000048,yaw,-0.500000000,deg,0,Pedestrian,16.771217721,"middle [10,30)",0,0.000000000,113,102,90.265486726,95.575221239
kitti,000048,yaw,-0.500000000,deg,1,Pedestrian,16.917057270,"middle [10,30)",0,0.000000000,132,131,99.242424242,94.696969697
kitti,000048,yaw,-0.500000000,deg,2,Pedestrian,16.222589703,"middle [10,30)",0,0.000000000,116,116,100.000000000,82.758620690
kitti,000048,yaw,-0.500000000,deg,3,Cyclist,30.671814585,"far [30,inf)",0,0.000000000,41,31,75.609756098,100.000000000
kitti,000048,yaw,0.000000000,deg,0,Pedestrian,16.771217721,"middle [10,30)",0,0.000000000,113,108,95.575221239,95.575221239
kitti,000048,yaw,0.000000000,deg,1,Pedestrian,16.917057270,"middle [10,30)",0,0.000000000,132,125,94.696969697,94.696969697
kitti,000048,yaw,0.000000000,deg,2,Pedestrian,16.222589703,"middle [10,30)",0,0.000000000,116,96,82.758620690,82.758620690
kitti,000048,yaw,0.000000000,deg,3,Cyclist,30.671814585,"far [30,inf)",0,0.000000000,41,41,100.000000000,100.000000000
kitti,000048,yaw,0.500000000,deg,0,Pedestrian,16.771217721,"middle [10,30)",0,0.000000000,113,83,73.451327434,95.575221239
kitti,000048,yaw,0.500000000,deg,1,Pedestrian,16.917057270,"middle [10,30)",0,0.000000000,132,105,79.545454545,94.696969697
kitti,000048,yaw,0.500000000,deg,2,Pedestrian,16.222589703,"middle [10,30)",0,0.000000000,116,61,52.586206897,82.758620690
kitti,000048,yaw,0.500000000,deg,3,Cyclist,30.671814585,"far [30,inf)",0,0.000000000,41,37,90.243902439,100.000000000
kitti,000048,yaw,1.000000000,deg,0,Pedestrian,16.771217721,"middle [10,30)",0,0.000000000,113,36,31.858407080,95.575221239
kitti,000048,yaw,1.000000000,deg,1,Pedestrian,16.917057270,"middle [10,30)",0,0.000000000,132,69,52.272727273,94.696969697
kitti,000048,yaw,1.000000000,deg,2,Pedestrian,16.222589703,"middle [10,30)",0,0.000000000,116,19,16.379310345,82.758620690
kitti,000048,yaw,1.000000000,deg,3,Cyclist,30.671814585,"far [30,inf)",0,0.000000000,41,18,43.902439024,100.000000000
kitti,000048,yaw,2.000000000,deg,0,Pedestrian,16.771217721,"middle [10,30)",0,0.000000000,113,2,1.769911504,95.575221239
kitti,000048,yaw,2.000000000,deg,1,Pedestrian,16.917057270,"middle [10,30)",0,0.000000000,132,0,0.000000000,94.696969697
kitti,000048,yaw,2.000000000,deg,2,Pedestrian,16.222589703,"middle [10,30)",0,0.000000000,116,0,0.000000000,82.758620690
kitti,000048,yaw,2.000000000,deg,3,Cyclist,30.671814585,"far [30,inf)",0,0.000000000,41,0,0.000000000,100.000000000
kitti,000048,yaw,3.000000000,deg,0,Pedestrian,16.771217721,"middle [10,30)",0,0.000000000,113,0,0.000000000,95.575221239
kitti,000048,yaw,3.000000000,deg,1,Pedestrian,16.917057270,"middle [10,30)",0,0.000000000,132,0,0.000000000,94.696969697
kitti,000048,yaw,3.000000000,deg,2,Pedestrian,16.222589703,"middle [10,30)",0,0.000000000,116,0,0.000000000,82.758620690
kitti,000048,yaw,3.000000000,deg,3,Cyclist,30.671814585,"far [30,inf)",0,0.000000000,41,0,0.000000000,100.000000000
kitti,000048,lateral,-0.100000000,m,0,Pedestrian,16.771217721,"middle [10,30)",0,0.000000000,113,107,94.690265487,95.575221239
kitti,000048,lateral,-0.100000000,m,1,Pedestrian,16.917057270,"middle [10,30)",0,0.000000000,132,128,96.969696970,94.696969697
kitti,000048,lateral,-0.100000000,m,2,Pedestrian,16.222589703,"middle [10,30)",0,0.000000000,116,109,93.965517241,82.758620690
kitti,000048,lateral,-0.100000000,m,3,Cyclist,30.671814585,"far [30,inf)",0,0.000000000,41,41,100.000000000,100.000000000
kitti,000048,lateral,-0.050000000,m,0,Pedestrian,16.771217721,"middle [10,30)",0,0.000000000,113,111,98.230088496,95.575221239
kitti,000048,lateral,-0.050000000,m,1,Pedestrian,16.917057270,"middle [10,30)",0,0.000000000,132,126,95.454545455,94.696969697
kitti,000048,lateral,-0.050000000,m,2,Pedestrian,16.222589703,"middle [10,30)",0,0.000000000,116,103,88.793103448,82.758620690
kitti,000048,lateral,-0.050000000,m,3,Cyclist,30.671814585,"far [30,inf)",0,0.000000000,41,41,100.000000000,100.000000000
kitti,000048,lateral,-0.020000000,m,0,Pedestrian,16.771217721,"middle [10,30)",0,0.000000000,113,110,97.345132743,95.575221239
kitti,000048,lateral,-0.020000000,m,1,Pedestrian,16.917057270,"middle [10,30)",0,0.000000000,132,126,95.454545455,94.696969697
kitti,000048,lateral,-0.020000000,m,2,Pedestrian,16.222589703,"middle [10,30)",0,0.000000000,116,101,87.068965517,82.758620690
kitti,000048,lateral,-0.020000000,m,3,Cyclist,30.671814585,"far [30,inf)",0,0.000000000,41,41,100.000000000,100.000000000
kitti,000048,lateral,0.000000000,m,0,Pedestrian,16.771217721,"middle [10,30)",0,0.000000000,113,108,95.575221239,95.575221239
kitti,000048,lateral,0.000000000,m,1,Pedestrian,16.917057270,"middle [10,30)",0,0.000000000,132,125,94.696969697,94.696969697
kitti,000048,lateral,0.000000000,m,2,Pedestrian,16.222589703,"middle [10,30)",0,0.000000000,116,96,82.758620690,82.758620690
kitti,000048,lateral,0.000000000,m,3,Cyclist,30.671814585,"far [30,inf)",0,0.000000000,41,41,100.000000000,100.000000000
kitti,000048,lateral,0.020000000,m,0,Pedestrian,16.771217721,"middle [10,30)",0,0.000000000,113,103,91.150442478,95.575221239
kitti,000048,lateral,0.020000000,m,1,Pedestrian,16.917057270,"middle [10,30)",0,0.000000000,132,123,93.181818182,94.696969697
kitti,000048,lateral,0.020000000,m,2,Pedestrian,16.222589703,"middle [10,30)",0,0.000000000,116,96,82.758620690,82.758620690
kitti,000048,lateral,0.020000000,m,3,Cyclist,30.671814585,"far [30,inf)",0,0.000000000,41,41,100.000000000,100.000000000
kitti,000048,lateral,0.050000000,m,0,Pedestrian,16.771217721,"middle [10,30)",0,0.000000000,113,102,90.265486726,95.575221239
kitti,000048,lateral,0.050000000,m,1,Pedestrian,16.917057270,"middle [10,30)",0,0.000000000,132,119,90.151515152,94.696969697
kitti,000048,lateral,0.050000000,m,2,Pedestrian,16.222589703,"middle [10,30)",0,0.000000000,116,91,78.448275862,82.758620690
kitti,000048,lateral,0.050000000,m,3,Cyclist,30.671814585,"far [30,inf)",0,0.000000000,41,41,100.000000000,100.000000000
kitti,000048,lateral,0.100000000,m,0,Pedestrian,16.771217721,"middle [10,30)",0,0.000000000,113,93,82.300884956,95.575221239
kitti,000048,lateral,0.100000000,m,1,Pedestrian,16.917057270,"middle [10,30)",0,0.000000000,132,112,84.848484848,94.696969697
kitti,000048,lateral,0.100000000,m,2,Pedestrian,16.222589703,"middle [10,30)",0,0.000000000,116,80,68.965517241,82.758620690
kitti,000048,lateral,0.100000000,m,3,Cyclist,30.671814585,"far [30,inf)",0,0.000000000,41,41,100.000000000,100.000000000
kitti,000049,yaw,-3.000000000,deg,0,Car,19.997530575,"middle [10,30)",0,0.000000000,206,81,39.320388350,100.000000000
kitti,000049,yaw,-3.000000000,deg,1,Car,12.866598996,"middle [10,30)",0,0.000000000,930,779,83.763440860,100.000000000
kitti,000049,yaw,-3.000000000,deg,2,Car,20.791140202,"middle [10,30)",2,0.000000000,140,37,26.428571429,100.000000000
kitti,000049,yaw,-3.000000000,deg,3,Car,24.004691933,"middle [10,30)",2,0.000000000,79,12,15.189873418,100.000000000
kitti,000049,yaw,-3.000000000,deg,4,Car,31.158896637,"far [30,inf)",2,0.000000000,18,0,0.000000000,100.000000000
kitti,000049,yaw,-3.000000000,deg,5,Van,44.449172773,"far [30,inf)",3,0.000000000,79,17,21.518987342,100.000000000
kitti,000049,yaw,-3.000000000,deg,6,Pedestrian,4.614549919,"near [0,10)",3,0.290000000,719,563,78.303198887,95.966620306
kitti,000049,yaw,-3.000000000,deg,7,Car,8.293400981,"near [0,10)",1,0.000000000,571,568,99.474605954,100.000000000
kitti,000049,yaw,-3.000000000,deg,8,Car,13.412424373,"middle [10,30)",1,0.000000000,432,378,87.500000000,100.000000000
kitti,000049,yaw,-3.000000000,deg,9,Car,18.735629243,"middle [10,30)",2,0.000000000,198,179,90.404040404,100.000000000
kitti,000049,yaw,-3.000000000,deg,10,Pedestrian,32.267257766,"far [30,inf)",0,0.000000000,42,0,0.000000000,88.095238095
kitti,000049,yaw,-3.000000000,deg,11,Car,31.124307436,"far [30,inf)",2,0.000000000,74,34,45.945945946,100.000000000
kitti,000049,yaw,-3.000000000,deg,12,Car,11.023972791,"middle [10,30)",3,0.070000000,437,394,90.160183066,100.000000000
kitti,000049,yaw,-3.000000000,deg,13,Car,16.607577445,"middle [10,30)",1,0.000000000,312,227,72.756410256,100.000000000
kitti,000049,yaw,-3.000000000,deg,16,Van,30.916458860,"far [30,inf)",3,0.000000000,261,194,74.329501916,100.000000000
kitti,000049,yaw,-3.000000000,deg,17,Car,17.648387752,"middle [10,30)",3,0.380000000,49,36,73.469387755,100.000000000
kitti,000049,yaw,-2.000000000,deg,0,Car,19.997530575,"middle [10,30)",0,0.000000000,206,126,61.165048544,100.000000000
kitti,000049,yaw,-2.000000000,deg,1,Car,12.866598996,"middle [10,30)",0,0.000000000,930,853,91.720430108,100.000000000
kitti,000049,yaw,-2.000000000,deg,2,Car,20.791140202,"middle [10,30)",2,0.000000000,140,74,52.857142857,100.000000000
kitti,000049,yaw,-2.000000000,deg,3,Car,24.004691933,"middle [10,30)",2,0.000000000,79,29,36.708860759,100.000000000
kitti,000049,yaw,-2.000000000,deg,4,Car,31.158896637,"far [30,inf)",2,0.000000000,18,2,11.111111111,100.000000000
kitti,000049,yaw,-2.000000000,deg,5,Van,44.449172773,"far [30,inf)",3,0.000000000,79,28,35.443037975,100.000000000
kitti,000049,yaw,-2.000000000,deg,6,Pedestrian,4.614549919,"near [0,10)",3,0.290000000,719,644,89.568845619,95.966620306
kitti,000049,yaw,-2.000000000,deg,7,Car,8.293400981,"near [0,10)",1,0.000000000,571,569,99.649737303,100.000000000
kitti,000049,yaw,-2.000000000,deg,8,Car,13.412424373,"middle [10,30)",1,0.000000000,432,417,96.527777778,100.000000000
kitti,000049,yaw,-2.000000000,deg,9,Car,18.735629243,"middle [10,30)",2,0.000000000,198,185,93.434343434,100.000000000
kitti,000049,yaw,-2.000000000,deg,10,Pedestrian,32.267257766,"far [30,inf)",0,0.000000000,42,0,0.000000000,88.095238095
kitti,000049,yaw,-2.000000000,deg,11,Car,31.124307436,"far [30,inf)",2,0.000000000,74,53,71.621621622,100.000000000
kitti,000049,yaw,-2.000000000,deg,12,Car,11.023972791,"middle [10,30)",3,0.070000000,437,394,90.160183066,100.000000000
kitti,000049,yaw,-2.000000000,deg,13,Car,16.607577445,"middle [10,30)",1,0.000000000,312,273,87.500000000,100.000000000
kitti,000049,yaw,-2.000000000,deg,16,Van,30.916458860,"far [30,inf)",3,0.000000000,261,233,89.272030651,100.000000000
kitti,000049,yaw,-2.000000000,deg,17,Car,17.648387752,"middle [10,30)",3,0.380000000,49,44,89.795918367,100.000000000
kitti,000049,yaw,-1.000000000,deg,0,Car,19.997530575,"middle [10,30)",0,0.000000000,206,167,81.067961165,100.000000000
kitti,000049,yaw,-1.000000000,deg,1,Car,12.866598996,"middle [10,30)",0,0.000000000,930,922,99.139784946,100.000000000
kitti,000049,yaw,-1.000000000,deg,2,Car,20.791140202,"middle [10,30)",2,0.000000000,140,118,84.285714286,100.000000000
kitti,000049,yaw,-1.000000000,deg,3,Car,24.004691933,"middle [10,30)",2,0.000000000,79,66,83.544303797,100.000000000
kitti,000049,yaw,-1.000000000,deg,4,Car,31.158896637,"far [30,inf)",2,0.000000000,18,11,61.111111111,100.000000000
kitti,000049,yaw,-1.000000000,deg,5,Van,44.449172773,"far [30,inf)",3,0.000000000,79,61,77.215189873,100.000000000
kitti,000049,yaw,-1.000000000,deg,6,Pedestrian,4.614549919,"near [0,10)",3,0.290000000,719,710,98.748261474,95.966620306
kitti,000049,yaw,-1.000000000,deg,7,Car,8.293400981,"near [0,10)",1,0.000000000,571,570,99.824868651,100.000000000
kitti,000049,yaw,-1.000000000,deg,8,Car,13.412424373,"middle [10,30)",1,0.000000000,432,432,100.000000000,100.000000000
kitti,000049,yaw,-1.000000000,deg,9,Car,18.735629243,"middle [10,30)",2,0.000000000,198,190,95.959595960,100.000000000
kitti,000049,yaw,-1.000000000,deg,10,Pedestrian,32.267257766,"far [30,inf)",0,0.000000000,42,11,26.190476190,88.095238095
kitti,000049,yaw,-1.000000000,deg,11,Car,31.124307436,"far [30,inf)",2,0.000000000,74,74,100.000000000,100.000000000
kitti,000049,yaw,-1.000000000,deg,12,Car,11.023972791,"middle [10,30)",3,0.070000000,437,436,99.771167048,100.000000000
kitti,000049,yaw,-1.000000000,deg,13,Car,16.607577445,"middle [10,30)",1,0.000000000,312,299,95.833333333,100.000000000
kitti,000049,yaw,-1.000000000,deg,16,Van,30.916458860,"far [30,inf)",3,0.000000000,261,250,95.785440613,100.000000000
kitti,000049,yaw,-1.000000000,deg,17,Car,17.648387752,"middle [10,30)",3,0.380000000,49,48,97.959183673,100.000000000
kitti,000049,yaw,-0.500000000,deg,0,Car,19.997530575,"middle [10,30)",0,0.000000000,206,190,92.233009709,100.000000000
kitti,000049,yaw,-0.500000000,deg,1,Car,12.866598996,"middle [10,30)",0,0.000000000,930,930,100.000000000,100.000000000
kitti,000049,yaw,-0.500000000,deg,2,Car,20.791140202,"middle [10,30)",2,0.000000000,140,136,97.142857143,100.000000000
kitti,000049,yaw,-0.500000000,deg,3,Car,24.004691933,"middle [10,30)",2,0.000000000,79,79,100.000000000,100.000000000
kitti,000049,yaw,-0.500000000,deg,4,Car,31.158896637,"far [30,inf)",2,0.000000000,18,15,83.333333333,100.000000000
kitti,000049,yaw,-0.500000000,deg,5,Van,44.449172773,"far [30,inf)",3,0.000000000,79,75,94.936708861,100.000000000
kitti,000049,yaw,-0.500000000,deg,6,Pedestrian,4.614549919,"near [0,10)",3,0.290000000,719,703,97.774687065,95.966620306
kitti,000049,yaw,-0.500000000,deg,7,Car,8.293400981,"near [0,10)",1,0.000000000,571,571,100.000000000,100.000000000
kitti,000049,yaw,-0.500000000,deg,8,Car,13.412424373,"middle [10,30)",1,0.000000000,432,432,100.000000000,100.000000000
kitti,000049,yaw,-0.500000000,deg,9,Car,18.735629243,"middle [10,30)",2,0.000000000,198,196,98.989898990,100.000000000
kitti,000049,yaw,-0.500000000,deg,10,Pedestrian,32.267257766,"far [30,inf)",0,0.000000000,42,31,73.809523810,88.095238095
kitti,000049,yaw,-0.500000000,deg,11,Car,31.124307436,"far [30,inf)",2,0.000000000,74,74,100.000000000,100.000000000
kitti,000049,yaw,-0.500000000,deg,12,Car,11.023972791,"middle [10,30)",3,0.070000000,437,437,100.000000000,100.000000000
kitti,000049,yaw,-0.500000000,deg,13,Car,16.607577445,"middle [10,30)",1,0.000000000,312,310,99.358974359,100.000000000
kitti,000049,yaw,-0.500000000,deg,16,Van,30.916458860,"far [30,inf)",3,0.000000000,261,261,100.000000000,100.000000000
kitti,000049,yaw,-0.500000000,deg,17,Car,17.648387752,"middle [10,30)",3,0.380000000,49,49,100.000000000,100.000000000
kitti,000049,yaw,0.000000000,deg,0,Car,19.997530575,"middle [10,30)",0,0.000000000,206,206,100.000000000,100.000000000
kitti,000049,yaw,0.000000000,deg,1,Car,12.866598996,"middle [10,30)",0,0.000000000,930,930,100.000000000,100.000000000
kitti,000049,yaw,0.000000000,deg,2,Car,20.791140202,"middle [10,30)",2,0.000000000,140,140,100.000000000,100.000000000
kitti,000049,yaw,0.000000000,deg,3,Car,24.004691933,"middle [10,30)",2,0.000000000,79,79,100.000000000,100.000000000
kitti,000049,yaw,0.000000000,deg,4,Car,31.158896637,"far [30,inf)",2,0.000000000,18,18,100.000000000,100.000000000
kitti,000049,yaw,0.000000000,deg,5,Van,44.449172773,"far [30,inf)",3,0.000000000,79,79,100.000000000,100.000000000
kitti,000049,yaw,0.000000000,deg,6,Pedestrian,4.614549919,"near [0,10)",3,0.290000000,719,690,95.966620306,95.966620306
kitti,000049,yaw,0.000000000,deg,7,Car,8.293400981,"near [0,10)",1,0.000000000,571,571,100.000000000,100.000000000
kitti,000049,yaw,0.000000000,deg,8,Car,13.412424373,"middle [10,30)",1,0.000000000,432,432,100.000000000,100.000000000
kitti,000049,yaw,0.000000000,deg,9,Car,18.735629243,"middle [10,30)",2,0.000000000,198,198,100.000000000,100.000000000
kitti,000049,yaw,0.000000000,deg,10,Pedestrian,32.267257766,"far [30,inf)",0,0.000000000,42,37,88.095238095,88.095238095
kitti,000049,yaw,0.000000000,deg,11,Car,31.124307436,"far [30,inf)",2,0.000000000,74,74,100.000000000,100.000000000
kitti,000049,yaw,0.000000000,deg,12,Car,11.023972791,"middle [10,30)",3,0.070000000,437,437,100.000000000,100.000000000
kitti,000049,yaw,0.000000000,deg,13,Car,16.607577445,"middle [10,30)",1,0.000000000,312,312,100.000000000,100.000000000
kitti,000049,yaw,0.000000000,deg,16,Van,30.916458860,"far [30,inf)",3,0.000000000,261,261,100.000000000,100.000000000
kitti,000049,yaw,0.000000000,deg,17,Car,17.648387752,"middle [10,30)",3,0.380000000,49,49,100.000000000,100.000000000
kitti,000049,yaw,0.500000000,deg,0,Car,19.997530575,"middle [10,30)",0,0.000000000,206,190,92.233009709,100.000000000
kitti,000049,yaw,0.500000000,deg,1,Car,12.866598996,"middle [10,30)",0,0.000000000,930,925,99.462365591,100.000000000
kitti,000049,yaw,0.500000000,deg,2,Car,20.791140202,"middle [10,30)",2,0.000000000,140,140,100.000000000,100.000000000
kitti,000049,yaw,0.500000000,deg,3,Car,24.004691933,"middle [10,30)",2,0.000000000,79,79,100.000000000,100.000000000
kitti,000049,yaw,0.500000000,deg,4,Car,31.158896637,"far [30,inf)",2,0.000000000,18,18,100.000000000,100.000000000
kitti,000049,yaw,0.500000000,deg,5,Van,44.449172773,"far [30,inf)",3,0.000000000,79,79,100.000000000,100.000000000
kitti,000049,yaw,0.500000000,deg,6,Pedestrian,4.614549919,"near [0,10)",3,0.290000000,719,671,93.324061196,95.966620306
kitti,000049,yaw,0.500000000,deg,7,Car,8.293400981,"near [0,10)",1,0.000000000,571,565,98.949211909,100.000000000
kitti,000049,yaw,0.500000000,deg,8,Car,13.412424373,"middle [10,30)",1,0.000000000,432,426,98.611111111,100.000000000
kitti,000049,yaw,0.500000000,deg,9,Car,18.735629243,"middle [10,30)",2,0.000000000,198,195,98.484848485,100.000000000
kitti,000049,yaw,0.500000000,deg,10,Pedestrian,32.267257766,"far [30,inf)",0,0.000000000,42,24,57.142857143,88.095238095
kitti,000049,yaw,0.500000000,deg,11,Car,31.124307436,"far [30,inf)",2,0.000000000,74,74,100.000000000,100.000000000
kitti,000049,yaw,0.500000000,deg,12,Car,11.023972791,"middle [10,30)",3,0.070000000,437,437,100.000000000,100.000000000
kitti,000049,yaw,0.500000000,deg,13,Car,16.607577445,"middle [10,30)",1,0.000000000,312,312,100.000000000,100.000000000
kitti,000049,yaw,0.500000000,deg,16,Van,30.916458860,"far [30,inf)",3,0.000000000,261,250,95.785440613,100.000000000
kitti,000049,yaw,0.500000000,deg,17,Car,17.648387752,"middle [10,30)",3,0.380000000,49,48,97.959183673,100.000000000
kitti,000049,yaw,1.000000000,deg,0,Car,19.997530575,"middle [10,30)",0,0.000000000,206,165,80.097087379,100.000000000
kitti,000049,yaw,1.000000000,deg,1,Car,12.866598996,"middle [10,30)",0,0.000000000,930,903,97.096774194,100.000000000
kitti,000049,yaw,1.000000000,deg,2,Car,20.791140202,"middle [10,30)",2,0.000000000,140,140,100.000000000,100.000000000
kitti,000049,yaw,1.000000000,deg,3,Car,24.004691933,"middle [10,30)",2,0.000000000,79,79,100.000000000,100.000000000
kitti,000049,yaw,1.000000000,deg,4,Car,31.158896637,"far [30,inf)",2,0.000000000,18,18,100.000000000,100.000000000
kitti,000049,yaw,1.000000000,deg,5,Van,44.449172773,"far [30,inf)",3,0.000000000,79,76,96.202531646,100.000000000
kitti,000049,yaw,1.000000000,deg,6,Pedestrian,4.614549919,"near [0,10)",3,0.290000000,719,647,89.986091794,95.966620306
kitti,000049,yaw,1.000000000,deg,7,Car,8.293400981,"near [0,10)",1,0.000000000,571,543,95.096322242,100.000000000
kitti,000049,yaw,1.000000000,deg,8,Car,13.412424373,"middle [10,30)",1,0.000000000,432,406,93.981481481,100.000000000
kitti,000049,yaw,1.000000000,deg,9,Car,18.735629243,"middle [10,30)",2,0.000000000,198,167,84.343434343,100.000000000
kitti,000049,yaw,1.000000000,deg,10,Pedestrian,32.267257766,"far [30,inf)",0,0.000000000,42,2,4.761904762,88.095238095
kitti,000049,yaw,1.000000000,deg,11,Car,31.124307436,"far [30,inf)",2,0.000000000,74,74,100.000000000,100.000000000
kitti,000049,yaw,1.000000000,deg,12,Car,11.023972791,"middle [10,30)",3,0.070000000,437,437,100.000000000,100.000000000
kitti,000049,yaw,1.000000000,deg,13,Car,16.607577445,"middle [10,30)",1,0.000000000,312,312,100.000000000,100.000000000
kitti,000049,yaw,1.000000000,deg,16,Van,30.916458860,"far [30,inf)",3,0.000000000,261,235,90.038314176,100.000000000
kitti,000049,yaw,1.000000000,deg,17,Car,17.648387752,"middle [10,30)",3,0.380000000,49,41,83.673469388,100.000000000
kitti,000049,yaw,2.000000000,deg,0,Car,19.997530575,"middle [10,30)",0,0.000000000,206,116,56.310679612,100.000000000
kitti,000049,yaw,2.000000000,deg,1,Car,12.866598996,"middle [10,30)",0,0.000000000,930,854,91.827956989,100.000000000
kitti,000049,yaw,2.000000000,deg,2,Car,20.791140202,"middle [10,30)",2,0.000000000,140,140,100.000000000,100.000000000
kitti,000049,yaw,2.000000000,deg,3,Car,24.004691933,"middle [10,30)",2,0.000000000,79,79,100.000000000,100.000000000
kitti,000049,yaw,2.000000000,deg,4,Car,31.158896637,"far [30,inf)",2,0.000000000,18,18,100.000000000,100.000000000
kitti,000049,yaw,2.000000000,deg,5,Van,44.449172773,"far [30,inf)",3,0.000000000,79,69,87.341772152,100.000000000
kitti,000049,yaw,2.000000000,deg,6,Pedestrian,4.614549919,"near [0,10)",3,0.290000000,719,557,77.468706537,95.966620306
kitti,000049,yaw,2.000000000,deg,7,Car,8.293400981,"near [0,10)",1,0.000000000,571,495,86.690017513,100.000000000
kitti,000049,yaw,2.000000000,deg,8,Car,13.412424373,"middle [10,30)",1,0.000000000,432,359,83.101851852,100.000000000
kitti,000049,yaw,2.000000000,deg,9,Car,18.735629243,"middle [10,30)",2,0.000000000,198,102,51.515151515,100.000000000
kitti,000049,yaw,2.000000000,deg,10,Pedestrian,32.267257766,"far [30,inf)",0,0.000000000,42,0,0.000000000,88.095238095
kitti,000049,yaw,2.000000000,deg,11,Car,31.124307436,"far [30,inf)",2,0.000000000,74,73,98.648648649,100.000000000
kitti,000049,yaw,2.000000000,deg,12,Car,11.023972791,"middle [10,30)",3,0.070000000,437,421,96.338672769,100.000000000
kitti,000049,yaw,2.000000000,deg,13,Car,16.607577445,"middle [10,30)",1,0.000000000,312,311,99.679487179,100.000000000
kitti,000049,yaw,2.000000000,deg,16,Van,30.916458860,"far [30,inf)",3,0.000000000,261,199,76.245210728,100.000000000
kitti,000049,yaw,2.000000000,deg,17,Car,17.648387752,"middle [10,30)",3,0.380000000,49,20,40.816326531,100.000000000
kitti,000049,yaw,3.000000000,deg,0,Car,19.997530575,"middle [10,30)",0,0.000000000,206,74,35.922330097,100.000000000
kitti,000049,yaw,3.000000000,deg,1,Car,12.866598996,"middle [10,30)",0,0.000000000,930,797,85.698924731,100.000000000
kitti,000049,yaw,3.000000000,deg,2,Car,20.791140202,"middle [10,30)",2,0.000000000,140,138,98.571428571,100.000000000
kitti,000049,yaw,3.000000000,deg,3,Car,24.004691933,"middle [10,30)",2,0.000000000,79,76,96.202531646,100.000000000
kitti,000049,yaw,3.000000000,deg,4,Car,31.158896637,"far [30,inf)",2,0.000000000,18,18,100.000000000,100.000000000
kitti,000049,yaw,3.000000000,deg,5,Van,44.449172773,"far [30,inf)",3,0.000000000,79,59,74.683544304,100.000000000
kitti,000049,yaw,3.000000000,deg,6,Pedestrian,4.614549919,"near [0,10)",3,0.290000000,719,432,60.083449235,95.966620306
kitti,000049,yaw,3.000000000,deg,7,Car,8.293400981,"near [0,10)",1,0.000000000,571,464,81.260945709,100.000000000
kitti,000049,yaw,3.000000000,deg,8,Car,13.412424373,"middle [10,30)",1,0.000000000,432,298,68.981481481,100.000000000
kitti,000049,yaw,3.000000000,deg,9,Car,18.735629243,"middle [10,30)",2,0.000000000,198,38,19.191919192,100.000000000
kitti,000049,yaw,3.000000000,deg,10,Pedestrian,32.267257766,"far [30,inf)",0,0.000000000,42,0,0.000000000,88.095238095
kitti,000049,yaw,3.000000000,deg,11,Car,31.124307436,"far [30,inf)",2,0.000000000,74,62,83.783783784,100.000000000
kitti,000049,yaw,3.000000000,deg,12,Car,11.023972791,"middle [10,30)",3,0.070000000,437,385,88.100686499,100.000000000
kitti,000049,yaw,3.000000000,deg,13,Car,16.607577445,"middle [10,30)",1,0.000000000,312,292,93.589743590,100.000000000
kitti,000049,yaw,3.000000000,deg,16,Van,30.916458860,"far [30,inf)",3,0.000000000,261,168,64.367816092,100.000000000
kitti,000049,yaw,3.000000000,deg,17,Car,17.648387752,"middle [10,30)",3,0.380000000,49,10,20.408163265,100.000000000
kitti,000049,lateral,-0.100000000,m,0,Car,19.997530575,"middle [10,30)",0,0.000000000,206,199,96.601941748,100.000000000
kitti,000049,lateral,-0.100000000,m,1,Car,12.866598996,"middle [10,30)",0,0.000000000,930,930,100.000000000,100.000000000
kitti,000049,lateral,-0.100000000,m,2,Car,20.791140202,"middle [10,30)",2,0.000000000,140,140,100.000000000,100.000000000
kitti,000049,lateral,-0.100000000,m,3,Car,24.004691933,"middle [10,30)",2,0.000000000,79,79,100.000000000,100.000000000
kitti,000049,lateral,-0.100000000,m,4,Car,31.158896637,"far [30,inf)",2,0.000000000,18,17,94.444444444,100.000000000
kitti,000049,lateral,-0.100000000,m,5,Van,44.449172773,"far [30,inf)",3,0.000000000,79,79,100.000000000,100.000000000
kitti,000049,lateral,-0.100000000,m,6,Pedestrian,4.614549919,"near [0,10)",3,0.290000000,719,713,99.165507650,95.966620306
kitti,000049,lateral,-0.100000000,m,7,Car,8.293400981,"near [0,10)",1,0.000000000,571,571,100.000000000,100.000000000
kitti,000049,lateral,-0.100000000,m,8,Car,13.412424373,"middle [10,30)",1,0.000000000,432,432,100.000000000,100.000000000
kitti,000049,lateral,-0.100000000,m,9,Car,18.735629243,"middle [10,30)",2,0.000000000,198,198,100.000000000,100.000000000
kitti,000049,lateral,-0.100000000,m,10,Pedestrian,32.267257766,"far [30,inf)",0,0.000000000,42,42,100.000000000,88.095238095
kitti,000049,lateral,-0.100000000,m,11,Car,31.124307436,"far [30,inf)",2,0.000000000,74,74,100.000000000,100.000000000
kitti,000049,lateral,-0.100000000,m,12,Car,11.023972791,"middle [10,30)",3,0.070000000,437,437,100.000000000,100.000000000
kitti,000049,lateral,-0.100000000,m,13,Car,16.607577445,"middle [10,30)",1,0.000000000,312,312,100.000000000,100.000000000
kitti,000049,lateral,-0.100000000,m,16,Van,30.916458860,"far [30,inf)",3,0.000000000,261,261,100.000000000,100.000000000
kitti,000049,lateral,-0.100000000,m,17,Car,17.648387752,"middle [10,30)",3,0.380000000,49,49,100.000000000,100.000000000
kitti,000049,lateral,-0.050000000,m,0,Car,19.997530575,"middle [10,30)",0,0.000000000,206,206,100.000000000,100.000000000
kitti,000049,lateral,-0.050000000,m,1,Car,12.866598996,"middle [10,30)",0,0.000000000,930,930,100.000000000,100.000000000
kitti,000049,lateral,-0.050000000,m,2,Car,20.791140202,"middle [10,30)",2,0.000000000,140,140,100.000000000,100.000000000
kitti,000049,lateral,-0.050000000,m,3,Car,24.004691933,"middle [10,30)",2,0.000000000,79,79,100.000000000,100.000000000
kitti,000049,lateral,-0.050000000,m,4,Car,31.158896637,"far [30,inf)",2,0.000000000,18,18,100.000000000,100.000000000
kitti,000049,lateral,-0.050000000,m,5,Van,44.449172773,"far [30,inf)",3,0.000000000,79,79,100.000000000,100.000000000
kitti,000049,lateral,-0.050000000,m,6,Pedestrian,4.614549919,"near [0,10)",3,0.290000000,719,705,98.052851182,95.966620306
kitti,000049,lateral,-0.050000000,m,7,Car,8.293400981,"near [0,10)",1,0.000000000,571,571,100.000000000,100.000000000
kitti,000049,lateral,-0.050000000,m,8,Car,13.412424373,"middle [10,30)",1,0.000000000,432,432,100.000000000,100.000000000
kitti,000049,lateral,-0.050000000,m,9,Car,18.735629243,"middle [10,30)",2,0.000000000,198,198,100.000000000,100.000000000
kitti,000049,lateral,-0.050000000,m,10,Pedestrian,32.267257766,"far [30,inf)",0,0.000000000,42,40,95.238095238,88.095238095
kitti,000049,lateral,-0.050000000,m,11,Car,31.124307436,"far [30,inf)",2,0.000000000,74,74,100.000000000,100.000000000
kitti,000049,lateral,-0.050000000,m,12,Car,11.023972791,"middle [10,30)",3,0.070000000,437,437,100.000000000,100.000000000
kitti,000049,lateral,-0.050000000,m,13,Car,16.607577445,"middle [10,30)",1,0.000000000,312,312,100.000000000,100.000000000
kitti,000049,lateral,-0.050000000,m,16,Van,30.916458860,"far [30,inf)",3,0.000000000,261,261,100.000000000,100.000000000
kitti,000049,lateral,-0.050000000,m,17,Car,17.648387752,"middle [10,30)",3,0.380000000,49,49,100.000000000,100.000000000
kitti,000049,lateral,-0.020000000,m,0,Car,19.997530575,"middle [10,30)",0,0.000000000,206,206,100.000000000,100.000000000
kitti,000049,lateral,-0.020000000,m,1,Car,12.866598996,"middle [10,30)",0,0.000000000,930,930,100.000000000,100.000000000
kitti,000049,lateral,-0.020000000,m,2,Car,20.791140202,"middle [10,30)",2,0.000000000,140,140,100.000000000,100.000000000
kitti,000049,lateral,-0.020000000,m,3,Car,24.004691933,"middle [10,30)",2,0.000000000,79,79,100.000000000,100.000000000
kitti,000049,lateral,-0.020000000,m,4,Car,31.158896637,"far [30,inf)",2,0.000000000,18,18,100.000000000,100.000000000
kitti,000049,lateral,-0.020000000,m,5,Van,44.449172773,"far [30,inf)",3,0.000000000,79,79,100.000000000,100.000000000
kitti,000049,lateral,-0.020000000,m,6,Pedestrian,4.614549919,"near [0,10)",3,0.290000000,719,698,97.079276773,95.966620306
kitti,000049,lateral,-0.020000000,m,7,Car,8.293400981,"near [0,10)",1,0.000000000,571,571,100.000000000,100.000000000
kitti,000049,lateral,-0.020000000,m,8,Car,13.412424373,"middle [10,30)",1,0.000000000,432,432,100.000000000,100.000000000
kitti,000049,lateral,-0.020000000,m,9,Car,18.735629243,"middle [10,30)",2,0.000000000,198,198,100.000000000,100.000000000
kitti,000049,lateral,-0.020000000,m,10,Pedestrian,32.267257766,"far [30,inf)",0,0.000000000,42,40,95.238095238,88.095238095
kitti,000049,lateral,-0.020000000,m,11,Car,31.124307436,"far [30,inf)",2,0.000000000,74,74,100.000000000,100.000000000
kitti,000049,lateral,-0.020000000,m,12,Car,11.023972791,"middle [10,30)",3,0.070000000,437,437,100.000000000,100.000000000
kitti,000049,lateral,-0.020000000,m,13,Car,16.607577445,"middle [10,30)",1,0.000000000,312,312,100.000000000,100.000000000
kitti,000049,lateral,-0.020000000,m,16,Van,30.916458860,"far [30,inf)",3,0.000000000,261,261,100.000000000,100.000000000
kitti,000049,lateral,-0.020000000,m,17,Car,17.648387752,"middle [10,30)",3,0.380000000,49,49,100.000000000,100.000000000
kitti,000049,lateral,0.000000000,m,0,Car,19.997530575,"middle [10,30)",0,0.000000000,206,206,100.000000000,100.000000000
kitti,000049,lateral,0.000000000,m,1,Car,12.866598996,"middle [10,30)",0,0.000000000,930,930,100.000000000,100.000000000
kitti,000049,lateral,0.000000000,m,2,Car,20.791140202,"middle [10,30)",2,0.000000000,140,140,100.000000000,100.000000000
kitti,000049,lateral,0.000000000,m,3,Car,24.004691933,"middle [10,30)",2,0.000000000,79,79,100.000000000,100.000000000
kitti,000049,lateral,0.000000000,m,4,Car,31.158896637,"far [30,inf)",2,0.000000000,18,18,100.000000000,100.000000000
kitti,000049,lateral,0.000000000,m,5,Van,44.449172773,"far [30,inf)",3,0.000000000,79,79,100.000000000,100.000000000
kitti,000049,lateral,0.000000000,m,6,Pedestrian,4.614549919,"near [0,10)",3,0.290000000,719,690,95.966620306,95.966620306
kitti,000049,lateral,0.000000000,m,7,Car,8.293400981,"near [0,10)",1,0.000000000,571,571,100.000000000,100.000000000
kitti,000049,lateral,0.000000000,m,8,Car,13.412424373,"middle [10,30)",1,0.000000000,432,432,100.000000000,100.000000000
kitti,000049,lateral,0.000000000,m,9,Car,18.735629243,"middle [10,30)",2,0.000000000,198,198,100.000000000,100.000000000
kitti,000049,lateral,0.000000000,m,10,Pedestrian,32.267257766,"far [30,inf)",0,0.000000000,42,37,88.095238095,88.095238095
kitti,000049,lateral,0.000000000,m,11,Car,31.124307436,"far [30,inf)",2,0.000000000,74,74,100.000000000,100.000000000
kitti,000049,lateral,0.000000000,m,12,Car,11.023972791,"middle [10,30)",3,0.070000000,437,437,100.000000000,100.000000000
kitti,000049,lateral,0.000000000,m,13,Car,16.607577445,"middle [10,30)",1,0.000000000,312,312,100.000000000,100.000000000
kitti,000049,lateral,0.000000000,m,16,Van,30.916458860,"far [30,inf)",3,0.000000000,261,261,100.000000000,100.000000000
kitti,000049,lateral,0.000000000,m,17,Car,17.648387752,"middle [10,30)",3,0.380000000,49,49,100.000000000,100.000000000
kitti,000049,lateral,0.020000000,m,0,Car,19.997530575,"middle [10,30)",0,0.000000000,206,206,100.000000000,100.000000000
kitti,000049,lateral,0.020000000,m,1,Car,12.866598996,"middle [10,30)",0,0.000000000,930,930,100.000000000,100.000000000
kitti,000049,lateral,0.020000000,m,2,Car,20.791140202,"middle [10,30)",2,0.000000000,140,140,100.000000000,100.000000000
kitti,000049,lateral,0.020000000,m,3,Car,24.004691933,"middle [10,30)",2,0.000000000,79,79,100.000000000,100.000000000
kitti,000049,lateral,0.020000000,m,4,Car,31.158896637,"far [30,inf)",2,0.000000000,18,18,100.000000000,100.000000000
kitti,000049,lateral,0.020000000,m,5,Van,44.449172773,"far [30,inf)",3,0.000000000,79,79,100.000000000,100.000000000
kitti,000049,lateral,0.020000000,m,6,Pedestrian,4.614549919,"near [0,10)",3,0.290000000,719,680,94.575799722,95.966620306
kitti,000049,lateral,0.020000000,m,7,Car,8.293400981,"near [0,10)",1,0.000000000,571,571,100.000000000,100.000000000
kitti,000049,lateral,0.020000000,m,8,Car,13.412424373,"middle [10,30)",1,0.000000000,432,432,100.000000000,100.000000000
kitti,000049,lateral,0.020000000,m,9,Car,18.735629243,"middle [10,30)",2,0.000000000,198,198,100.000000000,100.000000000
kitti,000049,lateral,0.020000000,m,10,Pedestrian,32.267257766,"far [30,inf)",0,0.000000000,42,36,85.714285714,88.095238095
kitti,000049,lateral,0.020000000,m,11,Car,31.124307436,"far [30,inf)",2,0.000000000,74,74,100.000000000,100.000000000
kitti,000049,lateral,0.020000000,m,12,Car,11.023972791,"middle [10,30)",3,0.070000000,437,437,100.000000000,100.000000000
kitti,000049,lateral,0.020000000,m,13,Car,16.607577445,"middle [10,30)",1,0.000000000,312,312,100.000000000,100.000000000
kitti,000049,lateral,0.020000000,m,16,Van,30.916458860,"far [30,inf)",3,0.000000000,261,261,100.000000000,100.000000000
kitti,000049,lateral,0.020000000,m,17,Car,17.648387752,"middle [10,30)",3,0.380000000,49,49,100.000000000,100.000000000
kitti,000049,lateral,0.050000000,m,0,Car,19.997530575,"middle [10,30)",0,0.000000000,206,206,100.000000000,100.000000000
kitti,000049,lateral,0.050000000,m,1,Car,12.866598996,"middle [10,30)",0,0.000000000,930,930,100.000000000,100.000000000
kitti,000049,lateral,0.050000000,m,2,Car,20.791140202,"middle [10,30)",2,0.000000000,140,140,100.000000000,100.000000000
kitti,000049,lateral,0.050000000,m,3,Car,24.004691933,"middle [10,30)",2,0.000000000,79,79,100.000000000,100.000000000
kitti,000049,lateral,0.050000000,m,4,Car,31.158896637,"far [30,inf)",2,0.000000000,18,18,100.000000000,100.000000000
kitti,000049,lateral,0.050000000,m,5,Van,44.449172773,"far [30,inf)",3,0.000000000,79,79,100.000000000,100.000000000
kitti,000049,lateral,0.050000000,m,6,Pedestrian,4.614549919,"near [0,10)",3,0.290000000,719,671,93.324061196,95.966620306
kitti,000049,lateral,0.050000000,m,7,Car,8.293400981,"near [0,10)",1,0.000000000,571,571,100.000000000,100.000000000
kitti,000049,lateral,0.050000000,m,8,Car,13.412424373,"middle [10,30)",1,0.000000000,432,432,100.000000000,100.000000000
kitti,000049,lateral,0.050000000,m,9,Car,18.735629243,"middle [10,30)",2,0.000000000,198,198,100.000000000,100.000000000
kitti,000049,lateral,0.050000000,m,10,Pedestrian,32.267257766,"far [30,inf)",0,0.000000000,42,36,85.714285714,88.095238095
kitti,000049,lateral,0.050000000,m,11,Car,31.124307436,"far [30,inf)",2,0.000000000,74,74,100.000000000,100.000000000
kitti,000049,lateral,0.050000000,m,12,Car,11.023972791,"middle [10,30)",3,0.070000000,437,437,100.000000000,100.000000000
kitti,000049,lateral,0.050000000,m,13,Car,16.607577445,"middle [10,30)",1,0.000000000,312,312,100.000000000,100.000000000
kitti,000049,lateral,0.050000000,m,16,Van,30.916458860,"far [30,inf)",3,0.000000000,261,261,100.000000000,100.000000000
kitti,000049,lateral,0.050000000,m,17,Car,17.648387752,"middle [10,30)",3,0.380000000,49,49,100.000000000,100.000000000
kitti,000049,lateral,0.100000000,m,0,Car,19.997530575,"middle [10,30)",0,0.000000000,206,200,97.087378641,100.000000000
kitti,000049,lateral,0.100000000,m,1,Car,12.866598996,"middle [10,30)",0,0.000000000,930,927,99.677419355,100.000000000
kitti,000049,lateral,0.100000000,m,2,Car,20.791140202,"middle [10,30)",2,0.000000000,140,140,100.000000000,100.000000000
kitti,000049,lateral,0.100000000,m,3,Car,24.004691933,"middle [10,30)",2,0.000000000,79,79,100.000000000,100.000000000
kitti,000049,lateral,0.100000000,m,4,Car,31.158896637,"far [30,inf)",2,0.000000000,18,18,100.000000000,100.000000000
kitti,000049,lateral,0.100000000,m,5,Van,44.449172773,"far [30,inf)",3,0.000000000,79,79,100.000000000,100.000000000
kitti,000049,lateral,0.100000000,m,6,Pedestrian,4.614549919,"near [0,10)",3,0.290000000,719,650,90.403337969,95.966620306
kitti,000049,lateral,0.100000000,m,7,Car,8.293400981,"near [0,10)",1,0.000000000,571,568,99.474605954,100.000000000
kitti,000049,lateral,0.100000000,m,8,Car,13.412424373,"middle [10,30)",1,0.000000000,432,432,100.000000000,100.000000000
kitti,000049,lateral,0.100000000,m,9,Car,18.735629243,"middle [10,30)",2,0.000000000,198,198,100.000000000,100.000000000
kitti,000049,lateral,0.100000000,m,10,Pedestrian,32.267257766,"far [30,inf)",0,0.000000000,42,35,83.333333333,88.095238095
kitti,000049,lateral,0.100000000,m,11,Car,31.124307436,"far [30,inf)",2,0.000000000,74,74,100.000000000,100.000000000
kitti,000049,lateral,0.100000000,m,12,Car,11.023972791,"middle [10,30)",3,0.070000000,437,437,100.000000000,100.000000000
kitti,000049,lateral,0.100000000,m,13,Car,16.607577445,"middle [10,30)",1,0.000000000,312,312,100.000000000,100.000000000
kitti,000049,lateral,0.100000000,m,16,Van,30.916458860,"far [30,inf)",3,0.000000000,261,261,100.000000000,100.000000000
kitti,000049,lateral,0.100000000,m,17,Car,17.648387752,"middle [10,30)",3,0.380000000,49,49,100.000000000,100.000000000
kitti,000061,yaw,-3.000000000,deg,0,Van,13.057254004,"middle [10,30)",3,0.050000000,989,649,65.621840243,100.000000000
kitti,000061,yaw,-3.000000000,deg,1,Car,10.287349826,"middle [10,30)",3,0.790000000,108,0,0.000000000,100.000000000
kitti,000061,yaw,-3.000000000,deg,3,Car,16.035537359,"middle [10,30)",1,0.140000000,145,10,6.896551724,100.000000000
kitti,000061,yaw,-3.000000000,deg,4,Misc,33.545057206,"far [30,inf)",3,0.000000000,86,10,11.627906977,100.000000000
kitti,000061,yaw,-3.000000000,deg,5,Van,38.414234816,"far [30,inf)",3,0.000000000,14,0,0.000000000,100.000000000
kitti,000061,yaw,-2.000000000,deg,0,Van,13.057254004,"middle [10,30)",3,0.050000000,989,761,76.946410516,100.000000000
kitti,000061,yaw,-2.000000000,deg,1,Car,10.287349826,"middle [10,30)",3,0.790000000,108,0,0.000000000,100.000000000
kitti,000061,yaw,-2.000000000,deg,3,Car,16.035537359,"middle [10,30)",1,0.140000000,145,55,37.931034483,100.000000000
kitti,000061,yaw,-2.000000000,deg,4,Misc,33.545057206,"far [30,inf)",3,0.000000000,86,35,40.697674419,100.000000000
kitti,000061,yaw,-2.000000000,deg,5,Van,38.414234816,"far [30,inf)",3,0.000000000,14,4,28.571428571,100.000000000
kitti,000061,yaw,-1.000000000,deg,0,Van,13.057254004,"middle [10,30)",3,0.050000000,989,892,90.192113246,100.000000000
kitti,000061,yaw,-1.000000000,deg,1,Car,10.287349826,"middle [10,30)",3,0.790000000,108,68,62.962962963,100.000000000
kitti,000061,yaw,-1.000000000,deg,3,Car,16.035537359,"middle [10,30)",1,0.140000000,145,117,80.689655172,100.000000000
kitti,000061,yaw,-1.000000000,deg,4,Misc,33.545057206,"far [30,inf)",3,0.000000000,86,57,66.279069767,100.000000000
kitti,000061,yaw,-1.000000000,deg,5,Van,38.414234816,"far [30,inf)",3,0.000000000,14,8,57.142857143,100.000000000
kitti,000061,yaw,-0.500000000,deg,0,Van,13.057254004,"middle [10,30)",3,0.050000000,989,950,96.056622851,100.000000000
kitti,000061,yaw,-0.500000000,deg,1,Car,10.287349826,"middle [10,30)",3,0.790000000,108,102,94.444444444,100.000000000
kitti,000061,yaw,-0.500000000,deg,3,Car,16.035537359,"middle [10,30)",1,0.140000000,145,145,100.000000000,100.000000000
kitti,000061,yaw,-0.500000000,deg,4,Misc,33.545057206,"far [30,inf)",3,0.000000000,86,73,84.883720930,100.000000000
kitti,000061,yaw,-0.500000000,deg,5,Van,38.414234816,"far [30,inf)",3,0.000000000,14,11,78.571428571,100.000000000
kitti,000061,yaw,0.000000000,deg,0,Van,13.057254004,"middle [10,30)",3,0.050000000,989,989,100.000000000,100.000000000
kitti,000061,yaw,0.000000000,deg,1,Car,10.287349826,"middle [10,30)",3,0.790000000,108,108,100.000000000,100.000000000
kitti,000061,yaw,0.000000000,deg,3,Car,16.035537359,"middle [10,30)",1,0.140000000,145,145,100.000000000,100.000000000
kitti,000061,yaw,0.000000000,deg,4,Misc,33.545057206,"far [30,inf)",3,0.000000000,86,86,100.000000000,100.000000000
kitti,000061,yaw,0.000000000,deg,5,Van,38.414234816,"far [30,inf)",3,0.000000000,14,14,100.000000000,100.000000000
kitti,000061,yaw,0.500000000,deg,0,Van,13.057254004,"middle [10,30)",3,0.050000000,989,987,99.797775531,100.000000000
kitti,000061,yaw,0.500000000,deg,1,Car,10.287349826,"middle [10,30)",3,0.790000000,108,73,67.592592593,100.000000000
kitti,000061,yaw,0.500000000,deg,3,Car,16.035537359,"middle [10,30)",1,0.140000000,145,145,100.000000000,100.000000000
kitti,000061,yaw,0.500000000,deg,4,Misc,33.545057206,"far [30,inf)",3,0.000000000,86,77,89.534883721,100.000000000
kitti,000061,yaw,0.500000000,deg,5,Van,38.414234816,"far [30,inf)",3,0.000000000,14,11,78.571428571,100.000000000
kitti,000061,yaw,1.000000000,deg,0,Van,13.057254004,"middle [10,30)",3,0.050000000,989,959,96.966632963,100.000000000
kitti,000061,yaw,1.000000000,deg,1,Car,10.287349826,"middle [10,30)",3,0.790000000,108,34,31.481481481,100.000000000
kitti,000061,yaw,1.000000000,deg,3,Car,16.035537359,"middle [10,30)",1,0.140000000,145,144,99.310344828,100.000000000
kitti,000061,yaw,1.000000000,deg,4,Misc,33.545057206,"far [30,inf)",3,0.000000000,86,63,73.255813953,100.000000000
kitti,000061,yaw,1.000000000,deg,5,Van,38.414234816,"far [30,inf)",3,0.000000000,14,9,64.285714286,100.000000000
kitti,000061,yaw,2.000000000,deg,0,Van,13.057254004,"middle [10,30)",3,0.050000000,989,855,86.450960566,100.000000000
kitti,000061,yaw,2.000000000,deg,1,Car,10.287349826,"middle [10,30)",3,0.790000000,108,0,0.000000000,100.000000000
kitti,000061,yaw,2.000000000,deg,3,Car,16.035537359,"middle [10,30)",1,0.140000000,145,121,83.448275862,100.000000000
kitti,000061,yaw,2.000000000,deg,4,Misc,33.545057206,"far [30,inf)",3,0.000000000,86,41,47.674418605,100.000000000
kitti,000061,yaw,2.000000000,deg,5,Van,38.414234816,"far [30,inf)",3,0.000000000,14,5,35.714285714,100.000000000
kitti,000061,yaw,3.000000000,deg,0,Van,13.057254004,"middle [10,30)",3,0.050000000,989,739,74.721941355,100.000000000
kitti,000061,yaw,3.000000000,deg,1,Car,10.287349826,"middle [10,30)",3,0.790000000,108,0,0.000000000,100.000000000
kitti,000061,yaw,3.000000000,deg,3,Car,16.035537359,"middle [10,30)",1,0.140000000,145,65,44.827586207,100.000000000
kitti,000061,yaw,3.000000000,deg,4,Misc,33.545057206,"far [30,inf)",3,0.000000000,86,14,16.279069767,100.000000000
kitti,000061,yaw,3.000000000,deg,5,Van,38.414234816,"far [30,inf)",3,0.000000000,14,0,0.000000000,100.000000000
kitti,000061,lateral,-0.100000000,m,0,Van,13.057254004,"middle [10,30)",3,0.050000000,989,973,98.382204247,100.000000000
kitti,000061,lateral,-0.100000000,m,1,Car,10.287349826,"middle [10,30)",3,0.790000000,108,107,99.074074074,100.000000000
kitti,000061,lateral,-0.100000000,m,3,Car,16.035537359,"middle [10,30)",1,0.140000000,145,145,100.000000000,100.000000000
kitti,000061,lateral,-0.100000000,m,4,Misc,33.545057206,"far [30,inf)",3,0.000000000,86,83,96.511627907,100.000000000
kitti,000061,lateral,-0.100000000,m,5,Van,38.414234816,"far [30,inf)",3,0.000000000,14,13,92.857142857,100.000000000
kitti,000061,lateral,-0.050000000,m,0,Van,13.057254004,"middle [10,30)",3,0.050000000,989,981,99.191102123,100.000000000
kitti,000061,lateral,-0.050000000,m,1,Car,10.287349826,"middle [10,30)",3,0.790000000,108,108,100.000000000,100.000000000
kitti,000061,lateral,-0.050000000,m,3,Car,16.035537359,"middle [10,30)",1,0.140000000,145,145,100.000000000,100.000000000
kitti,000061,lateral,-0.050000000,m,4,Misc,33.545057206,"far [30,inf)",3,0.000000000,86,85,98.837209302,100.000000000
kitti,000061,lateral,-0.050000000,m,5,Van,38.414234816,"far [30,inf)",3,0.000000000,14,13,92.857142857,100.000000000
kitti,000061,lateral,-0.020000000,m,0,Van,13.057254004,"middle [10,30)",3,0.050000000,989,987,99.797775531,100.000000000
kitti,000061,lateral,-0.020000000,m,1,Car,10.287349826,"middle [10,30)",3,0.790000000,108,108,100.000000000,100.000000000
kitti,000061,lateral,-0.020000000,m,3,Car,16.035537359,"middle [10,30)",1,0.140000000,145,145,100.000000000,100.000000000
kitti,000061,lateral,-0.020000000,m,4,Misc,33.545057206,"far [30,inf)",3,0.000000000,86,86,100.000000000,100.000000000
kitti,000061,lateral,-0.020000000,m,5,Van,38.414234816,"far [30,inf)",3,0.000000000,14,14,100.000000000,100.000000000
kitti,000061,lateral,0.000000000,m,0,Van,13.057254004,"middle [10,30)",3,0.050000000,989,989,100.000000000,100.000000000
kitti,000061,lateral,0.000000000,m,1,Car,10.287349826,"middle [10,30)",3,0.790000000,108,108,100.000000000,100.000000000
kitti,000061,lateral,0.000000000,m,3,Car,16.035537359,"middle [10,30)",1,0.140000000,145,145,100.000000000,100.000000000
kitti,000061,lateral,0.000000000,m,4,Misc,33.545057206,"far [30,inf)",3,0.000000000,86,86,100.000000000,100.000000000
kitti,000061,lateral,0.000000000,m,5,Van,38.414234816,"far [30,inf)",3,0.000000000,14,14,100.000000000,100.000000000
kitti,000061,lateral,0.020000000,m,0,Van,13.057254004,"middle [10,30)",3,0.050000000,989,989,100.000000000,100.000000000
kitti,000061,lateral,0.020000000,m,1,Car,10.287349826,"middle [10,30)",3,0.790000000,108,103,95.370370370,100.000000000
kitti,000061,lateral,0.020000000,m,3,Car,16.035537359,"middle [10,30)",1,0.140000000,145,145,100.000000000,100.000000000
kitti,000061,lateral,0.020000000,m,4,Misc,33.545057206,"far [30,inf)",3,0.000000000,86,86,100.000000000,100.000000000
kitti,000061,lateral,0.020000000,m,5,Van,38.414234816,"far [30,inf)",3,0.000000000,14,14,100.000000000,100.000000000
kitti,000061,lateral,0.050000000,m,0,Van,13.057254004,"middle [10,30)",3,0.050000000,989,989,100.000000000,100.000000000
kitti,000061,lateral,0.050000000,m,1,Car,10.287349826,"middle [10,30)",3,0.790000000,108,96,88.888888889,100.000000000
kitti,000061,lateral,0.050000000,m,3,Car,16.035537359,"middle [10,30)",1,0.140000000,145,145,100.000000000,100.000000000
kitti,000061,lateral,0.050000000,m,4,Misc,33.545057206,"far [30,inf)",3,0.000000000,86,85,98.837209302,100.000000000
kitti,000061,lateral,0.050000000,m,5,Van,38.414234816,"far [30,inf)",3,0.000000000,14,14,100.000000000,100.000000000
kitti,000061,lateral,0.100000000,m,0,Van,13.057254004,"middle [10,30)",3,0.050000000,989,989,100.000000000,100.000000000
kitti,000061,lateral,0.100000000,m,1,Car,10.287349826,"middle [10,30)",3,0.790000000,108,85,78.703703704,100.000000000
kitti,000061,lateral,0.100000000,m,3,Car,16.035537359,"middle [10,30)",1,0.140000000,145,145,100.000000000,100.000000000
kitti,000061,lateral,0.100000000,m,4,Misc,33.545057206,"far [30,inf)",3,0.000000000,86,85,98.837209302,100.000000000
kitti,000061,lateral,0.100000000,m,5,Van,38.414234816,"far [30,inf)",3,0.000000000,14,14,100.000000000,100.000000000
nuscenes,scene-0103_001,yaw,-3.000000000,deg,1,Pedestrian,11.948795712,"middle [10,30)",0,0.217629124,20,0,0.000000000,100.000000000
nuscenes,scene-0103_001,yaw,-2.000000000,deg,1,Pedestrian,11.948795712,"middle [10,30)",0,0.217629124,20,0,0.000000000,100.000000000
nuscenes,scene-0103_001,yaw,-1.000000000,deg,1,Pedestrian,11.948795712,"middle [10,30)",0,0.217629124,20,7,35.000000000,100.000000000
nuscenes,scene-0103_001,yaw,-0.500000000,deg,1,Pedestrian,11.948795712,"middle [10,30)",0,0.217629124,20,16,80.000000000,100.000000000
nuscenes,scene-0103_001,yaw,0.000000000,deg,1,Pedestrian,11.948795712,"middle [10,30)",0,0.217629124,20,20,100.000000000,100.000000000
nuscenes,scene-0103_001,yaw,0.500000000,deg,1,Pedestrian,11.948795712,"middle [10,30)",0,0.217629124,20,20,100.000000000,100.000000000
nuscenes,scene-0103_001,yaw,1.000000000,deg,1,Pedestrian,11.948795712,"middle [10,30)",0,0.217629124,20,20,100.000000000,100.000000000
nuscenes,scene-0103_001,yaw,2.000000000,deg,1,Pedestrian,11.948795712,"middle [10,30)",0,0.217629124,20,13,65.000000000,100.000000000
nuscenes,scene-0103_001,yaw,3.000000000,deg,1,Pedestrian,11.948795712,"middle [10,30)",0,0.217629124,20,0,0.000000000,100.000000000
nuscenes,scene-0103_001,lateral,-0.100000000,m,1,Pedestrian,11.948795712,"middle [10,30)",0,0.217629124,20,20,100.000000000,100.000000000
nuscenes,scene-0103_001,lateral,-0.050000000,m,1,Pedestrian,11.948795712,"middle [10,30)",0,0.217629124,20,20,100.000000000,100.000000000
nuscenes,scene-0103_001,lateral,-0.020000000,m,1,Pedestrian,11.948795712,"middle [10,30)",0,0.217629124,20,20,100.000000000,100.000000000
nuscenes,scene-0103_001,lateral,0.000000000,m,1,Pedestrian,11.948795712,"middle [10,30)",0,0.217629124,20,20,100.000000000,100.000000000
nuscenes,scene-0103_001,lateral,0.020000000,m,1,Pedestrian,11.948795712,"middle [10,30)",0,0.217629124,20,20,100.000000000,100.000000000
nuscenes,scene-0103_001,lateral,0.050000000,m,1,Pedestrian,11.948795712,"middle [10,30)",0,0.217629124,20,19,95.000000000,100.000000000
nuscenes,scene-0103_001,lateral,0.100000000,m,1,Pedestrian,11.948795712,"middle [10,30)",0,0.217629124,20,17,85.000000000,100.000000000
nuscenes,scene-0103_002,yaw,-3.000000000,deg,1,Pedestrian,19.408217001,"middle [10,30)",0,0.000000000,11,0,0.000000000,100.000000000
nuscenes,scene-0103_002,yaw,-2.000000000,deg,1,Pedestrian,19.408217001,"middle [10,30)",0,0.000000000,11,3,27.272727273,100.000000000
nuscenes,scene-0103_002,yaw,-1.000000000,deg,1,Pedestrian,19.408217001,"middle [10,30)",0,0.000000000,11,9,81.818181818,100.000000000
nuscenes,scene-0103_002,yaw,-0.500000000,deg,1,Pedestrian,19.408217001,"middle [10,30)",0,0.000000000,11,11,100.000000000,100.000000000
nuscenes,scene-0103_002,yaw,0.000000000,deg,1,Pedestrian,19.408217001,"middle [10,30)",0,0.000000000,11,11,100.000000000,100.000000000
nuscenes,scene-0103_002,yaw,0.500000000,deg,1,Pedestrian,19.408217001,"middle [10,30)",0,0.000000000,11,8,72.727272727,100.000000000
nuscenes,scene-0103_002,yaw,1.000000000,deg,1,Pedestrian,19.408217001,"middle [10,30)",0,0.000000000,11,7,63.636363636,100.000000000
nuscenes,scene-0103_002,yaw,2.000000000,deg,1,Pedestrian,19.408217001,"middle [10,30)",0,0.000000000,11,1,9.090909091,100.000000000
nuscenes,scene-0103_002,yaw,3.000000000,deg,1,Pedestrian,19.408217001,"middle [10,30)",0,0.000000000,11,0,0.000000000,100.000000000
nuscenes,scene-0103_002,lateral,-0.100000000,m,1,Pedestrian,19.408217001,"middle [10,30)",0,0.000000000,11,11,100.000000000,100.000000000
nuscenes,scene-0103_002,lateral,-0.050000000,m,1,Pedestrian,19.408217001,"middle [10,30)",0,0.000000000,11,11,100.000000000,100.000000000
nuscenes,scene-0103_002,lateral,-0.020000000,m,1,Pedestrian,19.408217001,"middle [10,30)",0,0.000000000,11,11,100.000000000,100.000000000
nuscenes,scene-0103_002,lateral,0.000000000,m,1,Pedestrian,19.408217001,"middle [10,30)",0,0.000000000,11,11,100.000000000,100.000000000
nuscenes,scene-0103_002,lateral,0.020000000,m,1,Pedestrian,19.408217001,"middle [10,30)",0,0.000000000,11,11,100.000000000,100.000000000
nuscenes,scene-0103_002,lateral,0.050000000,m,1,Pedestrian,19.408217001,"middle [10,30)",0,0.000000000,11,11,100.000000000,100.000000000
nuscenes,scene-0103_002,lateral,0.100000000,m,1,Pedestrian,19.408217001,"middle [10,30)",0,0.000000000,11,11,100.000000000,100.000000000
nuscenes,scene-0103_003,yaw,-3.000000000,deg,1,Pedestrian,14.646342723,"middle [10,30)",0,0.000000000,15,0,0.000000000,100.000000000
nuscenes,scene-0103_003,yaw,-3.000000000,deg,14,Car,20.631226367,"middle [10,30)",0,0.000000000,12,10,83.333333333,100.000000000
nuscenes,scene-0103_003,yaw,-2.000000000,deg,1,Pedestrian,14.646342723,"middle [10,30)",0,0.000000000,15,9,60.000000000,100.000000000
nuscenes,scene-0103_003,yaw,-2.000000000,deg,14,Car,20.631226367,"middle [10,30)",0,0.000000000,12,10,83.333333333,100.000000000
nuscenes,scene-0103_003,yaw,-1.000000000,deg,1,Pedestrian,14.646342723,"middle [10,30)",0,0.000000000,15,15,100.000000000,100.000000000
nuscenes,scene-0103_003,yaw,-1.000000000,deg,14,Car,20.631226367,"middle [10,30)",0,0.000000000,12,12,100.000000000,100.000000000
nuscenes,scene-0103_003,yaw,-0.500000000,deg,1,Pedestrian,14.646342723,"middle [10,30)",0,0.000000000,15,15,100.000000000,100.000000000
nuscenes,scene-0103_003,yaw,-0.500000000,deg,14,Car,20.631226367,"middle [10,30)",0,0.000000000,12,12,100.000000000,100.000000000
nuscenes,scene-0103_003,yaw,0.000000000,deg,1,Pedestrian,14.646342723,"middle [10,30)",0,0.000000000,15,15,100.000000000,100.000000000
nuscenes,scene-0103_003,yaw,0.000000000,deg,14,Car,20.631226367,"middle [10,30)",0,0.000000000,12,12,100.000000000,100.000000000
nuscenes,scene-0103_003,yaw,0.500000000,deg,1,Pedestrian,14.646342723,"middle [10,30)",0,0.000000000,15,15,100.000000000,100.000000000
nuscenes,scene-0103_003,yaw,0.500000000,deg,14,Car,20.631226367,"middle [10,30)",0,0.000000000,12,12,100.000000000,100.000000000
nuscenes,scene-0103_003,yaw,1.000000000,deg,1,Pedestrian,14.646342723,"middle [10,30)",0,0.000000000,15,12,80.000000000,100.000000000
nuscenes,scene-0103_003,yaw,1.000000000,deg,14,Car,20.631226367,"middle [10,30)",0,0.000000000,12,12,100.000000000,100.000000000
nuscenes,scene-0103_003,yaw,2.000000000,deg,1,Pedestrian,14.646342723,"middle [10,30)",0,0.000000000,15,3,20.000000000,100.000000000
nuscenes,scene-0103_003,yaw,2.000000000,deg,14,Car,20.631226367,"middle [10,30)",0,0.000000000,12,11,91.666666667,100.000000000
nuscenes,scene-0103_003,yaw,3.000000000,deg,1,Pedestrian,14.646342723,"middle [10,30)",0,0.000000000,15,0,0.000000000,100.000000000
nuscenes,scene-0103_003,yaw,3.000000000,deg,14,Car,20.631226367,"middle [10,30)",0,0.000000000,12,6,50.000000000,100.000000000
nuscenes,scene-0103_003,lateral,-0.100000000,m,1,Pedestrian,14.646342723,"middle [10,30)",0,0.000000000,15,15,100.000000000,100.000000000
nuscenes,scene-0103_003,lateral,-0.100000000,m,14,Car,20.631226367,"middle [10,30)",0,0.000000000,12,12,100.000000000,100.000000000
nuscenes,scene-0103_003,lateral,-0.050000000,m,1,Pedestrian,14.646342723,"middle [10,30)",0,0.000000000,15,15,100.000000000,100.000000000
nuscenes,scene-0103_003,lateral,-0.050000000,m,14,Car,20.631226367,"middle [10,30)",0,0.000000000,12,12,100.000000000,100.000000000
nuscenes,scene-0103_003,lateral,-0.020000000,m,1,Pedestrian,14.646342723,"middle [10,30)",0,0.000000000,15,15,100.000000000,100.000000000
nuscenes,scene-0103_003,lateral,-0.020000000,m,14,Car,20.631226367,"middle [10,30)",0,0.000000000,12,12,100.000000000,100.000000000
nuscenes,scene-0103_003,lateral,0.000000000,m,1,Pedestrian,14.646342723,"middle [10,30)",0,0.000000000,15,15,100.000000000,100.000000000
nuscenes,scene-0103_003,lateral,0.000000000,m,14,Car,20.631226367,"middle [10,30)",0,0.000000000,12,12,100.000000000,100.000000000
nuscenes,scene-0103_003,lateral,0.020000000,m,1,Pedestrian,14.646342723,"middle [10,30)",0,0.000000000,15,15,100.000000000,100.000000000
nuscenes,scene-0103_003,lateral,0.020000000,m,14,Car,20.631226367,"middle [10,30)",0,0.000000000,12,12,100.000000000,100.000000000
nuscenes,scene-0103_003,lateral,0.050000000,m,1,Pedestrian,14.646342723,"middle [10,30)",0,0.000000000,15,15,100.000000000,100.000000000
nuscenes,scene-0103_003,lateral,0.050000000,m,14,Car,20.631226367,"middle [10,30)",0,0.000000000,12,12,100.000000000,100.000000000
nuscenes,scene-0103_003,lateral,0.100000000,m,1,Pedestrian,14.646342723,"middle [10,30)",0,0.000000000,15,15,100.000000000,100.000000000
nuscenes,scene-0103_003,lateral,0.100000000,m,14,Car,20.631226367,"middle [10,30)",0,0.000000000,12,12,100.000000000,100.000000000
nuscenes,scene-0103_004,yaw,-3.000000000,deg,0,Pedestrian,16.629375315,"middle [10,30)",0,0.340737302,10,0,0.000000000,100.000000000
nuscenes,scene-0103_004,yaw,-3.000000000,deg,8,Pedestrian,13.407202336,"middle [10,30)",0,0.000000000,16,0,0.000000000,100.000000000
nuscenes,scene-0103_004,yaw,-3.000000000,deg,16,Car,12.172488162,"middle [10,30)",0,0.000000000,53,46,86.792452830,100.000000000
nuscenes,scene-0103_004,yaw,-2.000000000,deg,0,Pedestrian,16.629375315,"middle [10,30)",0,0.340737302,10,0,0.000000000,100.000000000
nuscenes,scene-0103_004,yaw,-2.000000000,deg,8,Pedestrian,13.407202336,"middle [10,30)",0,0.000000000,16,2,12.500000000,100.000000000
nuscenes,scene-0103_004,yaw,-2.000000000,deg,16,Car,12.172488162,"middle [10,30)",0,0.000000000,53,47,88.679245283,100.000000000
nuscenes,scene-0103_004,yaw,-1.000000000,deg,0,Pedestrian,16.629375315,"middle [10,30)",0,0.340737302,10,7,70.000000000,100.000000000
nuscenes,scene-0103_004,yaw,-1.000000000,deg,8,Pedestrian,13.407202336,"middle [10,30)",0,0.000000000,16,12,75.000000000,100.000000000
nuscenes,scene-0103_004,yaw,-1.000000000,deg,16,Car,12.172488162,"middle [10,30)",0,0.000000000,53,51,96.226415094,100.000000000
nuscenes,scene-0103_004,yaw,-0.500000000,deg,0,Pedestrian,16.629375315,"middle [10,30)",0,0.340737302,10,10,100.000000000,100.000000000
nuscenes,scene-0103_004,yaw,-0.500000000,deg,8,Pedestrian,13.407202336,"middle [10,30)",0,0.000000000,16,16,100.000000000,100.000000000
nuscenes,scene-0103_004,yaw,-0.500000000,deg,16,Car,12.172488162,"middle [10,30)",0,0.000000000,53,53,100.000000000,100.000000000
nuscenes,scene-0103_004,yaw,0.000000000,deg,0,Pedestrian,16.629375315,"middle [10,30)",0,0.340737302,10,10,100.000000000,100.000000000
nuscenes,scene-0103_004,yaw,0.000000000,deg,8,Pedestrian,13.407202336,"middle [10,30)",0,0.000000000,16,16,100.000000000,100.000000000
nuscenes,scene-0103_004,yaw,0.000000000,deg,16,Car,12.172488162,"middle [10,30)",0,0.000000000,53,53,100.000000000,100.000000000
nuscenes,scene-0103_004,yaw,0.500000000,deg,0,Pedestrian,16.629375315,"middle [10,30)",0,0.340737302,10,3,30.000000000,100.000000000
nuscenes,scene-0103_004,yaw,0.500000000,deg,8,Pedestrian,13.407202336,"middle [10,30)",0,0.000000000,16,16,100.000000000,100.000000000
nuscenes,scene-0103_004,yaw,0.500000000,deg,16,Car,12.172488162,"middle [10,30)",0,0.000000000,53,53,100.000000000,100.000000000
nuscenes,scene-0103_004,yaw,1.000000000,deg,0,Pedestrian,16.629375315,"middle [10,30)",0,0.340737302,10,0,0.000000000,100.000000000
nuscenes,scene-0103_004,yaw,1.000000000,deg,8,Pedestrian,13.407202336,"middle [10,30)",0,0.000000000,16,15,93.750000000,100.000000000
nuscenes,scene-0103_004,yaw,1.000000000,deg,16,Car,12.172488162,"middle [10,30)",0,0.000000000,53,53,100.000000000,100.000000000
nuscenes,scene-0103_004,yaw,2.000000000,deg,0,Pedestrian,16.629375315,"middle [10,30)",0,0.340737302,10,0,0.000000000,100.000000000
nuscenes,scene-0103_004,yaw,2.000000000,deg,8,Pedestrian,13.407202336,"middle [10,30)",0,0.000000000,16,7,43.750000000,100.000000000
nuscenes,scene-0103_004,yaw,2.000000000,deg,16,Car,12.172488162,"middle [10,30)",0,0.000000000,53,51,96.226415094,100.000000000
nuscenes,scene-0103_004,yaw,3.000000000,deg,0,Pedestrian,16.629375315,"middle [10,30)",0,0.340737302,10,0,0.000000000,100.000000000
nuscenes,scene-0103_004,yaw,3.000000000,deg,8,Pedestrian,13.407202336,"middle [10,30)",0,0.000000000,16,0,0.000000000,100.000000000
nuscenes,scene-0103_004,yaw,3.000000000,deg,16,Car,12.172488162,"middle [10,30)",0,0.000000000,53,47,88.679245283,100.000000000
nuscenes,scene-0103_004,lateral,-0.100000000,m,0,Pedestrian,16.629375315,"middle [10,30)",0,0.340737302,10,7,70.000000000,100.000000000
nuscenes,scene-0103_004,lateral,-0.100000000,m,8,Pedestrian,13.407202336,"middle [10,30)",0,0.000000000,16,16,100.000000000,100.000000000
nuscenes,scene-0103_004,lateral,-0.100000000,m,16,Car,12.172488162,"middle [10,30)",0,0.000000000,53,53,100.000000000,100.000000000
nuscenes,scene-0103_004,lateral,-0.050000000,m,0,Pedestrian,16.629375315,"middle [10,30)",0,0.340737302,10,8,80.000000000,100.000000000
nuscenes,scene-0103_004,lateral,-0.050000000,m,8,Pedestrian,13.407202336,"middle [10,30)",0,0.000000000,16,16,100.000000000,100.000000000
nuscenes,scene-0103_004,lateral,-0.050000000,m,16,Car,12.172488162,"middle [10,30)",0,0.000000000,53,53,100.000000000,100.000000000
nuscenes,scene-0103_004,lateral,-0.020000000,m,0,Pedestrian,16.629375315,"middle [10,30)",0,0.340737302,10,10,100.000000000,100.000000000
nuscenes,scene-0103_004,lateral,-0.020000000,m,8,Pedestrian,13.407202336,"middle [10,30)",0,0.000000000,16,16,100.000000000,100.000000000
nuscenes,scene-0103_004,lateral,-0.020000000,m,16,Car,12.172488162,"middle [10,30)",0,0.000000000,53,53,100.000000000,100.000000000
nuscenes,scene-0103_004,lateral,0.000000000,m,0,Pedestrian,16.629375315,"middle [10,30)",0,0.340737302,10,10,100.000000000,100.000000000
nuscenes,scene-0103_004,lateral,0.000000000,m,8,Pedestrian,13.407202336,"middle [10,30)",0,0.000000000,16,16,100.000000000,100.000000000
nuscenes,scene-0103_004,lateral,0.000000000,m,16,Car,12.172488162,"middle [10,30)",0,0.000000000,53,53,100.000000000,100.000000000
nuscenes,scene-0103_004,lateral,0.020000000,m,0,Pedestrian,16.629375315,"middle [10,30)",0,0.340737302,10,10,100.000000000,100.000000000
nuscenes,scene-0103_004,lateral,0.020000000,m,8,Pedestrian,13.407202336,"middle [10,30)",0,0.000000000,16,16,100.000000000,100.000000000
nuscenes,scene-0103_004,lateral,0.020000000,m,16,Car,12.172488162,"middle [10,30)",0,0.000000000,53,53,100.000000000,100.000000000
nuscenes,scene-0103_004,lateral,0.050000000,m,0,Pedestrian,16.629375315,"middle [10,30)",0,0.340737302,10,10,100.000000000,100.000000000
nuscenes,scene-0103_004,lateral,0.050000000,m,8,Pedestrian,13.407202336,"middle [10,30)",0,0.000000000,16,16,100.000000000,100.000000000
nuscenes,scene-0103_004,lateral,0.050000000,m,16,Car,12.172488162,"middle [10,30)",0,0.000000000,53,53,100.000000000,100.000000000
nuscenes,scene-0103_004,lateral,0.100000000,m,0,Pedestrian,16.629375315,"middle [10,30)",0,0.340737302,10,10,100.000000000,100.000000000
nuscenes,scene-0103_004,lateral,0.100000000,m,8,Pedestrian,13.407202336,"middle [10,30)",0,0.000000000,16,16,100.000000000,100.000000000
nuscenes,scene-0103_004,lateral,0.100000000,m,16,Car,12.172488162,"middle [10,30)",0,0.000000000,53,53,100.000000000,100.000000000
nuscenes,scene-0103_005,yaw,-3.000000000,deg,0,Pedestrian,14.057026046,"middle [10,30)",0,0.000000000,13,0,0.000000000,100.000000000
nuscenes,scene-0103_005,yaw,-3.000000000,deg,12,Car,6.070145664,"near [0,10)",0,0.885299150,79,79,100.000000000,100.000000000
nuscenes,scene-0103_005,yaw,-2.000000000,deg,0,Pedestrian,14.057026046,"middle [10,30)",0,0.000000000,13,0,0.000000000,100.000000000
nuscenes,scene-0103_005,yaw,-2.000000000,deg,12,Car,6.070145664,"near [0,10)",0,0.885299150,79,79,100.000000000,100.000000000
nuscenes,scene-0103_005,yaw,-1.000000000,deg,0,Pedestrian,14.057026046,"middle [10,30)",0,0.000000000,13,7,53.846153846,100.000000000
nuscenes,scene-0103_005,yaw,-1.000000000,deg,12,Car,6.070145664,"near [0,10)",0,0.885299150,79,79,100.000000000,100.000000000
nuscenes,scene-0103_005,yaw,-0.500000000,deg,0,Pedestrian,14.057026046,"middle [10,30)",0,0.000000000,13,11,84.615384615,100.000000000
nuscenes,scene-0103_005,yaw,-0.500000000,deg,12,Car,6.070145664,"near [0,10)",0,0.885299150,79,79,100.000000000,100.000000000
nuscenes,scene-0103_005,yaw,0.000000000,deg,0,Pedestrian,14.057026046,"middle [10,30)",0,0.000000000,13,13,100.000000000,100.000000000
nuscenes,scene-0103_005,yaw,0.000000000,deg,12,Car,6.070145664,"near [0,10)",0,0.885299150,79,79,100.000000000,100.000000000
nuscenes,scene-0103_005,yaw,0.500000000,deg,0,Pedestrian,14.057026046,"middle [10,30)",0,0.000000000,13,13,100.000000000,100.000000000
nuscenes,scene-0103_005,yaw,0.500000000,deg,12,Car,6.070145664,"near [0,10)",0,0.885299150,79,76,96.202531646,100.000000000
nuscenes,scene-0103_005,yaw,1.000000000,deg,0,Pedestrian,14.057026046,"middle [10,30)",0,0.000000000,13,12,92.307692308,100.000000000
nuscenes,scene-0103_005,yaw,1.000000000,deg,12,Car,6.070145664,"near [0,10)",0,0.885299150,79,71,89.873417722,100.000000000
nuscenes,scene-0103_005,yaw,2.000000000,deg,0,Pedestrian,14.057026046,"middle [10,30)",0,0.000000000,13,2,15.384615385,100.000000000
nuscenes,scene-0103_005,yaw,2.000000000,deg,12,Car,6.070145664,"near [0,10)",0,0.885299150,79,63,79.746835443,100.000000000
nuscenes,scene-0103_005,yaw,3.000000000,deg,0,Pedestrian,14.057026046,"middle [10,30)",0,0.000000000,13,0,0.000000000,100.000000000
nuscenes,scene-0103_005,yaw,3.000000000,deg,12,Car,6.070145664,"near [0,10)",0,0.885299150,79,54,68.354430380,100.000000000
nuscenes,scene-0103_005,lateral,-0.100000000,m,0,Pedestrian,14.057026046,"middle [10,30)",0,0.000000000,13,13,100.000000000,100.000000000
nuscenes,scene-0103_005,lateral,-0.100000000,m,12,Car,6.070145664,"near [0,10)",0,0.885299150,79,73,92.405063291,100.000000000
nuscenes,scene-0103_005,lateral,-0.050000000,m,0,Pedestrian,14.057026046,"middle [10,30)",0,0.000000000,13,13,100.000000000,100.000000000
nuscenes,scene-0103_005,lateral,-0.050000000,m,12,Car,6.070145664,"near [0,10)",0,0.885299150,79,76,96.202531646,100.000000000
nuscenes,scene-0103_005,lateral,-0.020000000,m,0,Pedestrian,14.057026046,"middle [10,30)",0,0.000000000,13,13,100.000000000,100.000000000
nuscenes,scene-0103_005,lateral,-0.020000000,m,12,Car,6.070145664,"near [0,10)",0,0.885299150,79,79,100.000000000,100.000000000
nuscenes,scene-0103_005,lateral,0.000000000,m,0,Pedestrian,14.057026046,"middle [10,30)",0,0.000000000,13,13,100.000000000,100.000000000
nuscenes,scene-0103_005,lateral,0.000000000,m,12,Car,6.070145664,"near [0,10)",0,0.885299150,79,79,100.000000000,100.000000000
nuscenes,scene-0103_005,lateral,0.020000000,m,0,Pedestrian,14.057026046,"middle [10,30)",0,0.000000000,13,13,100.000000000,100.000000000
nuscenes,scene-0103_005,lateral,0.020000000,m,12,Car,6.070145664,"near [0,10)",0,0.885299150,79,79,100.000000000,100.000000000
nuscenes,scene-0103_005,lateral,0.050000000,m,0,Pedestrian,14.057026046,"middle [10,30)",0,0.000000000,13,13,100.000000000,100.000000000
nuscenes,scene-0103_005,lateral,0.050000000,m,12,Car,6.070145664,"near [0,10)",0,0.885299150,79,79,100.000000000,100.000000000
nuscenes,scene-0103_005,lateral,0.100000000,m,0,Pedestrian,14.057026046,"middle [10,30)",0,0.000000000,13,13,100.000000000,100.000000000
nuscenes,scene-0103_005,lateral,0.100000000,m,12,Car,6.070145664,"near [0,10)",0,0.885299150,79,79,100.000000000,100.000000000
nuscenes,scene-0103_006,yaw,-3.000000000,deg,4,Car,20.207537549,"middle [10,30)",0,0.000000000,19,11,57.894736842,100.000000000
nuscenes,scene-0103_006,yaw,-3.000000000,deg,5,Car,23.193782856,"middle [10,30)",0,0.000000000,14,9,64.285714286,100.000000000
nuscenes,scene-0103_006,yaw,-2.000000000,deg,4,Car,20.207537549,"middle [10,30)",0,0.000000000,19,15,78.947368421,100.000000000
nuscenes,scene-0103_006,yaw,-2.000000000,deg,5,Car,23.193782856,"middle [10,30)",0,0.000000000,14,13,92.857142857,100.000000000
nuscenes,scene-0103_006,yaw,-1.000000000,deg,4,Car,20.207537549,"middle [10,30)",0,0.000000000,19,18,94.736842105,100.000000000
nuscenes,scene-0103_006,yaw,-1.000000000,deg,5,Car,23.193782856,"middle [10,30)",0,0.000000000,14,13,92.857142857,100.000000000
nuscenes,scene-0103_006,yaw,-0.500000000,deg,4,Car,20.207537549,"middle [10,30)",0,0.000000000,19,19,100.000000000,100.000000000
nuscenes,scene-0103_006,yaw,-0.500000000,deg,5,Car,23.193782856,"middle [10,30)",0,0.000000000,14,14,100.000000000,100.000000000
nuscenes,scene-0103_006,yaw,0.000000000,deg,4,Car,20.207537549,"middle [10,30)",0,0.000000000,19,19,100.000000000,100.000000000
nuscenes,scene-0103_006,yaw,0.000000000,deg,5,Car,23.193782856,"middle [10,30)",0,0.000000000,14,14,100.000000000,100.000000000
nuscenes,scene-0103_006,yaw,0.500000000,deg,4,Car,20.207537549,"middle [10,30)",0,0.000000000,19,18,94.736842105,100.000000000
nuscenes,scene-0103_006,yaw,0.500000000,deg,5,Car,23.193782856,"middle [10,30)",0,0.000000000,14,14,100.000000000,100.000000000
nuscenes,scene-0103_006,yaw,1.000000000,deg,4,Car,20.207537549,"middle [10,30)",0,0.000000000,19,17,89.473684211,100.000000000
nuscenes,scene-0103_006,yaw,1.000000000,deg,5,Car,23.193782856,"middle [10,30)",0,0.000000000,14,14,100.000000000,100.000000000
nuscenes,scene-0103_006,yaw,2.000000000,deg,4,Car,20.207537549,"middle [10,30)",0,0.000000000,19,14,73.684210526,100.000000000
nuscenes,scene-0103_006,yaw,2.000000000,deg,5,Car,23.193782856,"middle [10,30)",0,0.000000000,14,11,78.571428571,100.000000000
nuscenes,scene-0103_006,yaw,3.000000000,deg,4,Car,20.207537549,"middle [10,30)",0,0.000000000,19,11,57.894736842,100.000000000
nuscenes,scene-0103_006,yaw,3.000000000,deg,5,Car,23.193782856,"middle [10,30)",0,0.000000000,14,8,57.142857143,100.000000000
nuscenes,scene-0103_006,lateral,-0.100000000,m,4,Car,20.207537549,"middle [10,30)",0,0.000000000,19,19,100.000000000,100.000000000
nuscenes,scene-0103_006,lateral,-0.100000000,m,5,Car,23.193782856,"middle [10,30)",0,0.000000000,14,14,100.000000000,100.000000000
nuscenes,scene-0103_006,lateral,-0.050000000,m,4,Car,20.207537549,"middle [10,30)",0,0.000000000,19,19,100.000000000,100.000000000
nuscenes,scene-0103_006,lateral,-0.050000000,m,5,Car,23.193782856,"middle [10,30)",0,0.000000000,14,14,100.000000000,100.000000000
nuscenes,scene-0103_006,lateral,-0.020000000,m,4,Car,20.207537549,"middle [10,30)",0,0.000000000,19,19,100.000000000,100.000000000
nuscenes,scene-0103_006,lateral,-0.020000000,m,5,Car,23.193782856,"middle [10,30)",0,0.000000000,14,14,100.000000000,100.000000000
nuscenes,scene-0103_006,lateral,0.000000000,m,4,Car,20.207537549,"middle [10,30)",0,0.000000000,19,19,100.000000000,100.000000000
nuscenes,scene-0103_006,lateral,0.000000000,m,5,Car,23.193782856,"middle [10,30)",0,0.000000000,14,14,100.000000000,100.000000000
nuscenes,scene-0103_006,lateral,0.020000000,m,4,Car,20.207537549,"middle [10,30)",0,0.000000000,19,19,100.000000000,100.000000000
nuscenes,scene-0103_006,lateral,0.020000000,m,5,Car,23.193782856,"middle [10,30)",0,0.000000000,14,14,100.000000000,100.000000000
nuscenes,scene-0103_006,lateral,0.050000000,m,4,Car,20.207537549,"middle [10,30)",0,0.000000000,19,19,100.000000000,100.000000000
nuscenes,scene-0103_006,lateral,0.050000000,m,5,Car,23.193782856,"middle [10,30)",0,0.000000000,14,14,100.000000000,100.000000000
nuscenes,scene-0103_006,lateral,0.100000000,m,4,Car,20.207537549,"middle [10,30)",0,0.000000000,19,19,100.000000000,100.000000000
nuscenes,scene-0103_006,lateral,0.100000000,m,5,Car,23.193782856,"middle [10,30)",0,0.000000000,14,14,100.000000000,100.000000000
nuscenes,scene-0103_007,yaw,-3.000000000,deg,4,Car,11.246972658,"middle [10,30)",0,0.000000000,101,81,80.198019802,100.000000000
nuscenes,scene-0103_007,yaw,-3.000000000,deg,5,Car,20.528961387,"middle [10,30)",2,0.000000000,11,11,100.000000000,100.000000000
nuscenes,scene-0103_007,yaw,-2.000000000,deg,4,Car,11.246972658,"middle [10,30)",0,0.000000000,101,89,88.118811881,100.000000000
nuscenes,scene-0103_007,yaw,-2.000000000,deg,5,Car,20.528961387,"middle [10,30)",2,0.000000000,11,11,100.000000000,100.000000000
nuscenes,scene-0103_007,yaw,-1.000000000,deg,4,Car,11.246972658,"middle [10,30)",0,0.000000000,101,99,98.019801980,100.000000000
nuscenes,scene-0103_007,yaw,-1.000000000,deg,5,Car,20.528961387,"middle [10,30)",2,0.000000000,11,11,100.000000000,100.000000000
nuscenes,scene-0103_007,yaw,-0.500000000,deg,4,Car,11.246972658,"middle [10,30)",0,0.000000000,101,101,100.000000000,100.000000000
nuscenes,scene-0103_007,yaw,-0.500000000,deg,5,Car,20.528961387,"middle [10,30)",2,0.000000000,11,11,100.000000000,100.000000000
nuscenes,scene-0103_007,yaw,0.000000000,deg,4,Car,11.246972658,"middle [10,30)",0,0.000000000,101,101,100.000000000,100.000000000
nuscenes,scene-0103_007,yaw,0.000000000,deg,5,Car,20.528961387,"middle [10,30)",2,0.000000000,11,11,100.000000000,100.000000000
nuscenes,scene-0103_007,yaw,0.500000000,deg,4,Car,11.246972658,"middle [10,30)",0,0.000000000,101,101,100.000000000,100.000000000
nuscenes,scene-0103_007,yaw,0.500000000,deg,5,Car,20.528961387,"middle [10,30)",2,0.000000000,11,11,100.000000000,100.000000000
nuscenes,scene-0103_007,yaw,1.000000000,deg,4,Car,11.246972658,"middle [10,30)",0,0.000000000,101,100,99.009900990,100.000000000
nuscenes,scene-0103_007,yaw,1.000000000,deg,5,Car,20.528961387,"middle [10,30)",2,0.000000000,11,10,90.909090909,100.000000000
nuscenes,scene-0103_007,yaw,2.000000000,deg,4,Car,11.246972658,"middle [10,30)",0,0.000000000,101,96,95.049504950,100.000000000
nuscenes,scene-0103_007,yaw,2.000000000,deg,5,Car,20.528961387,"middle [10,30)",2,0.000000000,11,8,72.727272727,100.000000000
nuscenes,scene-0103_007,yaw,3.000000000,deg,4,Car,11.246972658,"middle [10,30)",0,0.000000000,101,91,90.099009901,100.000000000
nuscenes,scene-0103_007,yaw,3.000000000,deg,5,Car,20.528961387,"middle [10,30)",2,0.000000000,11,8,72.727272727,100.000000000
nuscenes,scene-0103_007,lateral,-0.100000000,m,4,Car,11.246972658,"middle [10,30)",0,0.000000000,101,101,100.000000000,100.000000000
nuscenes,scene-0103_007,lateral,-0.100000000,m,5,Car,20.528961387,"middle [10,30)",2,0.000000000,11,11,100.000000000,100.000000000
nuscenes,scene-0103_007,lateral,-0.050000000,m,4,Car,11.246972658,"middle [10,30)",0,0.000000000,101,101,100.000000000,100.000000000
nuscenes,scene-0103_007,lateral,-0.050000000,m,5,Car,20.528961387,"middle [10,30)",2,0.000000000,11,11,100.000000000,100.000000000
nuscenes,scene-0103_007,lateral,-0.020000000,m,4,Car,11.246972658,"middle [10,30)",0,0.000000000,101,101,100.000000000,100.000000000
nuscenes,scene-0103_007,lateral,-0.020000000,m,5,Car,20.528961387,"middle [10,30)",2,0.000000000,11,11,100.000000000,100.000000000
nuscenes,scene-0103_007,lateral,0.000000000,m,4,Car,11.246972658,"middle [10,30)",0,0.000000000,101,101,100.000000000,100.000000000
nuscenes,scene-0103_007,lateral,0.000000000,m,5,Car,20.528961387,"middle [10,30)",2,0.000000000,11,11,100.000000000,100.000000000
nuscenes,scene-0103_007,lateral,0.020000000,m,4,Car,11.246972658,"middle [10,30)",0,0.000000000,101,101,100.000000000,100.000000000
nuscenes,scene-0103_007,lateral,0.020000000,m,5,Car,20.528961387,"middle [10,30)",2,0.000000000,11,11,100.000000000,100.000000000
nuscenes,scene-0103_007,lateral,0.050000000,m,4,Car,11.246972658,"middle [10,30)",0,0.000000000,101,101,100.000000000,100.000000000
nuscenes,scene-0103_007,lateral,0.050000000,m,5,Car,20.528961387,"middle [10,30)",2,0.000000000,11,11,100.000000000,100.000000000
nuscenes,scene-0103_007,lateral,0.100000000,m,4,Car,11.246972658,"middle [10,30)",0,0.000000000,101,101,100.000000000,100.000000000
nuscenes,scene-0103_007,lateral,0.100000000,m,5,Car,20.528961387,"middle [10,30)",2,0.000000000,11,11,100.000000000,100.000000000
nuscenes,scene-0103_008,yaw,-3.000000000,deg,4,Car,4.747955721,"near [0,10)",0,0.994829266,61,46,75.409836066,100.000000000
nuscenes,scene-0103_008,yaw,-3.000000000,deg,5,Car,14.296537717,"middle [10,30)",0,0.000000000,48,44,91.666666667,100.000000000
nuscenes,scene-0103_008,yaw,-2.000000000,deg,4,Car,4.747955721,"near [0,10)",0,0.994829266,61,56,91.803278689,100.000000000
nuscenes,scene-0103_008,yaw,-2.000000000,deg,5,Car,14.296537717,"middle [10,30)",0,0.000000000,48,44,91.666666667,100.000000000
nuscenes,scene-0103_008,yaw,-1.000000000,deg,4,Car,4.747955721,"near [0,10)",0,0.994829266,61,59,96.721311475,100.000000000
nuscenes,scene-0103_008,yaw,-1.000000000,deg,5,Car,14.296537717,"middle [10,30)",0,0.000000000,48,47,97.916666667,100.000000000
nuscenes,scene-0103_008,yaw,-0.500000000,deg,4,Car,4.747955721,"near [0,10)",0,0.994829266,61,61,100.000000000,100.000000000
nuscenes,scene-0103_008,yaw,-0.500000000,deg,5,Car,14.296537717,"middle [10,30)",0,0.000000000,48,48,100.000000000,100.000000000
nuscenes,scene-0103_008,yaw,0.000000000,deg,4,Car,4.747955721,"near [0,10)",0,0.994829266,61,61,100.000000000,100.000000000
nuscenes,scene-0103_008,yaw,0.000000000,deg,5,Car,14.296537717,"middle [10,30)",0,0.000000000,48,48,100.000000000,100.000000000
nuscenes,scene-0103_008,yaw,0.500000000,deg,4,Car,4.747955721,"near [0,10)",0,0.994829266,61,52,85.245901639,100.000000000
nuscenes,scene-0103_008,yaw,0.500000000,deg,5,Car,14.296537717,"middle [10,30)",0,0.000000000,48,48,100.000000000,100.000000000
nuscenes,scene-0103_008,yaw,1.000000000,deg,4,Car,4.747955721,"near [0,10)",0,0.994829266,61,42,68.852459016,100.000000000
nuscenes,scene-0103_008,yaw,1.000000000,deg,5,Car,14.296537717,"middle [10,30)",0,0.000000000,48,48,100.000000000,100.000000000
nuscenes,scene-0103_008,yaw,2.000000000,deg,4,Car,4.747955721,"near [0,10)",0,0.994829266,61,26,42.622950820,100.000000000
nuscenes,scene-0103_008,yaw,2.000000000,deg,5,Car,14.296537717,"middle [10,30)",0,0.000000000,48,43,89.583333333,100.000000000
nuscenes,scene-0103_008,yaw,3.000000000,deg,4,Car,4.747955721,"near [0,10)",0,0.994829266,61,9,14.754098361,100.000000000
nuscenes,scene-0103_008,yaw,3.000000000,deg,5,Car,14.296537717,"middle [10,30)",0,0.000000000,48,38,79.166666667,100.000000000
nuscenes,scene-0103_008,lateral,-0.100000000,m,4,Car,4.747955721,"near [0,10)",0,0.994829266,61,47,77.049180328,100.000000000
nuscenes,scene-0103_008,lateral,-0.100000000,m,5,Car,14.296537717,"middle [10,30)",0,0.000000000,48,48,100.000000000,100.000000000
nuscenes,scene-0103_008,lateral,-0.050000000,m,4,Car,4.747955721,"near [0,10)",0,0.994829266,61,54,88.524590164,100.000000000
nuscenes,scene-0103_008,lateral,-0.050000000,m,5,Car,14.296537717,"middle [10,30)",0,0.000000000,48,48,100.000000000,100.000000000
nuscenes,scene-0103_008,lateral,-0.020000000,m,4,Car,4.747955721,"near [0,10)",0,0.994829266,61,58,95.081967213,100.000000000
nuscenes,scene-0103_008,lateral,-0.020000000,m,5,Car,14.296537717,"middle [10,30)",0,0.000000000,48,48,100.000000000,100.000000000
nuscenes,scene-0103_008,lateral,0.000000000,m,4,Car,4.747955721,"near [0,10)",0,0.994829266,61,61,100.000000000,100.000000000
nuscenes,scene-0103_008,lateral,0.000000000,m,5,Car,14.296537717,"middle [10,30)",0,0.000000000,48,48,100.000000000,100.000000000
nuscenes,scene-0103_008,lateral,0.020000000,m,4,Car,4.747955721,"near [0,10)",0,0.994829266,61,61,100.000000000,100.000000000
nuscenes,scene-0103_008,lateral,0.020000000,m,5,Car,14.296537717,"middle [10,30)",0,0.000000000,48,48,100.000000000,100.000000000
nuscenes,scene-0103_008,lateral,0.050000000,m,4,Car,4.747955721,"near [0,10)",0,0.994829266,61,61,100.000000000,100.000000000
nuscenes,scene-0103_008,lateral,0.050000000,m,5,Car,14.296537717,"middle [10,30)",0,0.000000000,48,48,100.000000000,100.000000000
nuscenes,scene-0103_008,lateral,0.100000000,m,4,Car,4.747955721,"near [0,10)",0,0.994829266,61,60,98.360655738,100.000000000
nuscenes,scene-0103_008,lateral,0.100000000,m,5,Car,14.296537717,"middle [10,30)",0,0.000000000,48,48,100.000000000,100.000000000
nuscenes,scene-0103_009,yaw,-3.000000000,deg,2,Car,27.544762923,"middle [10,30)",0,0.000000000,10,10,100.000000000,100.000000000
nuscenes,scene-0103_009,yaw,-3.000000000,deg,5,Car,11.268938537,"middle [10,30)",0,0.528807406,58,49,84.482758621,100.000000000
nuscenes,scene-0103_009,yaw,-3.000000000,deg,11,Car,24.871892624,"middle [10,30)",0,0.000000000,19,6,31.578947368,100.000000000
nuscenes,scene-0103_009,yaw,-2.000000000,deg,2,Car,27.544762923,"middle [10,30)",0,0.000000000,10,10,100.000000000,100.000000000
nuscenes,scene-0103_009,yaw,-2.000000000,deg,5,Car,11.268938537,"middle [10,30)",0,0.528807406,58,54,93.103448276,100.000000000
nuscenes,scene-0103_009,yaw,-2.000000000,deg,11,Car,24.871892624,"middle [10,30)",0,0.000000000,19,12,63.157894737,100.000000000
nuscenes,scene-0103_009,yaw,-1.000000000,deg,2,Car,27.544762923,"middle [10,30)",0,0.000000000,10,10,100.000000000,100.000000000
nuscenes,scene-0103_009,yaw,-1.000000000,deg,5,Car,11.268938537,"middle [10,30)",0,0.528807406,58,58,100.000000000,100.000000000
nuscenes,scene-0103_009,yaw,-1.000000000,deg,11,Car,24.871892624,"middle [10,30)",0,0.000000000,19,17,89.473684211,100.000000000
nuscenes,scene-0103_009,yaw,-0.500000000,deg,2,Car,27.544762923,"middle [10,30)",0,0.000000000,10,10,100.000000000,100.000000000
nuscenes,scene-0103_009,yaw,-0.500000000,deg,5,Car,11.268938537,"middle [10,30)",0,0.528807406,58,58,100.000000000,100.000000000
nuscenes,scene-0103_009,yaw,-0.500000000,deg,11,Car,24.871892624,"middle [10,30)",0,0.000000000,19,19,100.000000000,100.000000000
nuscenes,scene-0103_009,yaw,0.000000000,deg,2,Car,27.544762923,"middle [10,30)",0,0.000000000,10,10,100.000000000,100.000000000
nuscenes,scene-0103_009,yaw,0.000000000,deg,5,Car,11.268938537,"middle [10,30)",0,0.528807406,58,58,100.000000000,100.000000000
nuscenes,scene-0103_009,yaw,0.000000000,deg,11,Car,24.871892624,"middle [10,30)",0,0.000000000,19,19,100.000000000,100.000000000
nuscenes,scene-0103_009,yaw,0.500000000,deg,2,Car,27.544762923,"middle [10,30)",0,0.000000000,10,10,100.000000000,100.000000000
nuscenes,scene-0103_009,yaw,0.500000000,deg,5,Car,11.268938537,"middle [10,30)",0,0.528807406,58,53,91.379310345,100.000000000
nuscenes,scene-0103_009,yaw,0.500000000,deg,11,Car,24.871892624,"middle [10,30)",0,0.000000000,19,19,100.000000000,100.000000000
nuscenes,scene-0103_009,yaw,1.000000000,deg,2,Car,27.544762923,"middle [10,30)",0,0.000000000,10,10,100.000000000,100.000000000
nuscenes,scene-0103_009,yaw,1.000000000,deg,5,Car,11.268938537,"middle [10,30)",0,0.528807406,58,49,84.482758621,100.000000000
nuscenes,scene-0103_009,yaw,1.000000000,deg,11,Car,24.871892624,"middle [10,30)",0,0.000000000,19,18,94.736842105,100.000000000
nuscenes,scene-0103_009,yaw,2.000000000,deg,2,Car,27.544762923,"middle [10,30)",0,0.000000000,10,9,90.000000000,100.000000000
nuscenes,scene-0103_009,yaw,2.000000000,deg,5,Car,11.268938537,"middle [10,30)",0,0.528807406,58,40,68.965517241,100.000000000
nuscenes,scene-0103_009,yaw,2.000000000,deg,11,Car,24.871892624,"middle [10,30)",0,0.000000000,19,16,84.210526316,100.000000000
nuscenes,scene-0103_009,yaw,3.000000000,deg,2,Car,27.544762923,"middle [10,30)",0,0.000000000,10,9,90.000000000,100.000000000
nuscenes,scene-0103_009,yaw,3.000000000,deg,5,Car,11.268938537,"middle [10,30)",0,0.528807406,58,30,51.724137931,100.000000000
nuscenes,scene-0103_009,yaw,3.000000000,deg,11,Car,24.871892624,"middle [10,30)",0,0.000000000,19,11,57.894736842,100.000000000
nuscenes,scene-0103_009,lateral,-0.100000000,m,2,Car,27.544762923,"middle [10,30)",0,0.000000000,10,10,100.000000000,100.000000000
nuscenes,scene-0103_009,lateral,-0.100000000,m,5,Car,11.268938537,"middle [10,30)",0,0.528807406,58,54,93.103448276,100.000000000
nuscenes,scene-0103_009,lateral,-0.100000000,m,11,Car,24.871892624,"middle [10,30)",0,0.000000000,19,19,100.000000000,100.000000000
nuscenes,scene-0103_009,lateral,-0.050000000,m,2,Car,27.544762923,"middle [10,30)",0,0.000000000,10,10,100.000000000,100.000000000
nuscenes,scene-0103_009,lateral,-0.050000000,m,5,Car,11.268938537,"middle [10,30)",0,0.528807406,58,57,98.275862069,100.000000000
nuscenes,scene-0103_009,lateral,-0.050000000,m,11,Car,24.871892624,"middle [10,30)",0,0.000000000,19,19,100.000000000,100.000000000
nuscenes,scene-0103_009,lateral,-0.020000000,m,2,Car,27.544762923,"middle [10,30)",0,0.000000000,10,10,100.000000000,100.000000000
nuscenes,scene-0103_009,lateral,-0.020000000,m,5,Car,11.268938537,"middle [10,30)",0,0.528807406,58,58,100.000000000,100.000000000
nuscenes,scene-0103_009,lateral,-0.020000000,m,11,Car,24.871892624,"middle [10,30)",0,0.000000000,19,19,100.000000000,100.000000000
nuscenes,scene-0103_009,lateral,0.000000000,m,2,Car,27.544762923,"middle [10,30)",0,0.000000000,10,10,100.000000000,100.000000000
nuscenes,scene-0103_009,lateral,0.000000000,m,5,Car,11.268938537,"middle [10,30)",0,0.528807406,58,58,100.000000000,100.000000000
nuscenes,scene-0103_009,lateral,0.000000000,m,11,Car,24.871892624,"middle [10,30)",0,0.000000000,19,19,100.000000000,100.000000000
nuscenes,scene-0103_009,lateral,0.020000000,m,2,Car,27.544762923,"middle [10,30)",0,0.000000000,10,10,100.000000000,100.000000000
nuscenes,scene-0103_009,lateral,0.020000000,m,5,Car,11.268938537,"middle [10,30)",0,0.528807406,58,58,100.000000000,100.000000000
nuscenes,scene-0103_009,lateral,0.020000000,m,11,Car,24.871892624,"middle [10,30)",0,0.000000000,19,19,100.000000000,100.000000000
nuscenes,scene-0103_009,lateral,0.050000000,m,2,Car,27.544762923,"middle [10,30)",0,0.000000000,10,10,100.000000000,100.000000000
nuscenes,scene-0103_009,lateral,0.050000000,m,5,Car,11.268938537,"middle [10,30)",0,0.528807406,58,58,100.000000000,100.000000000
nuscenes,scene-0103_009,lateral,0.050000000,m,11,Car,24.871892624,"middle [10,30)",0,0.000000000,19,19,100.000000000,100.000000000
nuscenes,scene-0103_009,lateral,0.100000000,m,2,Car,27.544762923,"middle [10,30)",0,0.000000000,10,10,100.000000000,100.000000000
nuscenes,scene-0103_009,lateral,0.100000000,m,5,Car,11.268938537,"middle [10,30)",0,0.528807406,58,58,100.000000000,100.000000000
nuscenes,scene-0103_009,lateral,0.100000000,m,11,Car,24.871892624,"middle [10,30)",0,0.000000000,19,19,100.000000000,100.000000000
nuscenes,scene-0103_010,yaw,-3.000000000,deg,1,Car,23.303582016,"middle [10,30)",0,0.000000000,38,35,92.105263158,100.000000000
nuscenes,scene-0103_010,yaw,-3.000000000,deg,3,Car,21.596946675,"middle [10,30)",0,0.482141152,15,9,60.000000000,100.000000000
nuscenes,scene-0103_010,yaw,-3.000000000,deg,9,Car,20.459516221,"middle [10,30)",0,0.000000000,25,12,48.000000000,100.000000000
nuscenes,scene-0103_010,yaw,-2.000000000,deg,1,Car,23.303582016,"middle [10,30)",0,0.000000000,38,38,100.000000000,100.000000000
nuscenes,scene-0103_010,yaw,-2.000000000,deg,3,Car,21.596946675,"middle [10,30)",0,0.482141152,15,12,80.000000000,100.000000000
nuscenes,scene-0103_010,yaw,-2.000000000,deg,9,Car,20.459516221,"middle [10,30)",0,0.000000000,25,18,72.000000000,100.000000000
nuscenes,scene-0103_010,yaw,-1.000000000,deg,1,Car,23.303582016,"middle [10,30)",0,0.000000000,38,38,100.000000000,100.000000000
nuscenes,scene-0103_010,yaw,-1.000000000,deg,3,Car,21.596946675,"middle [10,30)",0,0.482141152,15,15,100.000000000,100.000000000
nuscenes,scene-0103_010,yaw,-1.000000000,deg,9,Car,20.459516221,"middle [10,30)",0,0.000000000,25,24,96.000000000,100.000000000
nuscenes,scene-0103_010,yaw,-0.500000000,deg,1,Car,23.303582016,"middle [10,30)",0,0.000000000,38,38,100.000000000,100.000000000
nuscenes,scene-0103_010,yaw,-0.500000000,deg,3,Car,21.596946675,"middle [10,30)",0,0.482141152,15,15,100.000000000,100.000000000
nuscenes,scene-0103_010,yaw,-0.500000000,deg,9,Car,20.459516221,"middle [10,30)",0,0.000000000,25,25,100.000000000,100.000000000
nuscenes,scene-0103_010,yaw,0.000000000,deg,1,Car,23.303582016,"middle [10,30)",0,0.000000000,38,38,100.000000000,100.000000000
nuscenes,scene-0103_010,yaw,0.000000000,deg,3,Car,21.596946675,"middle [10,30)",0,0.482141152,15,15,100.000000000,100.000000000
nuscenes,scene-0103_010,yaw,0.000000000,deg,9,Car,20.459516221,"middle [10,30)",0,0.000000000,25,25,100.000000000,100.000000000
nuscenes,scene-0103_010,yaw,0.500000000,deg,1,Car,23.303582016,"middle [10,30)",0,0.000000000,38,38,100.000000000,100.000000000
nuscenes,scene-0103_010,yaw,0.500000000,deg,3,Car,21.596946675,"middle [10,30)",0,0.482141152,15,14,93.333333333,100.000000000
nuscenes,scene-0103_010,yaw,0.500000000,deg,9,Car,20.459516221,"middle [10,30)",0,0.000000000,25,25,100.000000000,100.000000000
nuscenes,scene-0103_010,yaw,1.000000000,deg,1,Car,23.303582016,"middle [10,30)",0,0.000000000,38,38,100.000000000,100.000000000
nuscenes,scene-0103_010,yaw,1.000000000,deg,3,Car,21.596946675,"middle [10,30)",0,0.482141152,15,12,80.000000000,100.000000000
nuscenes,scene-0103_010,yaw,1.000000000,deg,9,Car,20.459516221,"middle [10,30)",0,0.000000000,25,24,96.000000000,100.000000000
nuscenes,scene-0103_010,yaw,2.000000000,deg,1,Car,23.303582016,"middle [10,30)",0,0.000000000,38,37,97.368421053,100.000000000
nuscenes,scene-0103_010,yaw,2.000000000,deg,3,Car,21.596946675,"middle [10,30)",0,0.482141152,15,7,46.666666667,100.000000000
nuscenes,scene-0103_010,yaw,2.000000000,deg,9,Car,20.459516221,"middle [10,30)",0,0.000000000,25,22,88.000000000,100.000000000
nuscenes,scene-0103_010,yaw,3.000000000,deg,1,Car,23.303582016,"middle [10,30)",0,0.000000000,38,34,89.473684211,100.000000000
nuscenes,scene-0103_010,yaw,3.000000000,deg,3,Car,21.596946675,"middle [10,30)",0,0.482141152,15,4,26.666666667,100.000000000
nuscenes,scene-0103_010,yaw,3.000000000,deg,9,Car,20.459516221,"middle [10,30)",0,0.000000000,25,19,76.000000000,100.000000000
nuscenes,scene-0103_010,lateral,-0.100000000,m,1,Car,23.303582016,"middle [10,30)",0,0.000000000,38,38,100.000000000,100.000000000
nuscenes,scene-0103_010,lateral,-0.100000000,m,3,Car,21.596946675,"middle [10,30)",0,0.482141152,15,15,100.000000000,100.000000000
nuscenes,scene-0103_010,lateral,-0.100000000,m,9,Car,20.459516221,"middle [10,30)",0,0.000000000,25,25,100.000000000,100.000000000
nuscenes,scene-0103_010,lateral,-0.050000000,m,1,Car,23.303582016,"middle [10,30)",0,0.000000000,38,38,100.000000000,100.000000000
nuscenes,scene-0103_010,lateral,-0.050000000,m,3,Car,21.596946675,"middle [10,30)",0,0.482141152,15,15,100.000000000,100.000000000
nuscenes,scene-0103_010,lateral,-0.050000000,m,9,Car,20.459516221,"middle [10,30)",0,0.000000000,25,25,100.000000000,100.000000000
nuscenes,scene-0103_010,lateral,-0.020000000,m,1,Car,23.303582016,"middle [10,30)",0,0.000000000,38,38,100.000000000,100.000000000
nuscenes,scene-0103_010,lateral,-0.020000000,m,3,Car,21.596946675,"middle [10,30)",0,0.482141152,15,15,100.000000000,100.000000000
nuscenes,scene-0103_010,lateral,-0.020000000,m,9,Car,20.459516221,"middle [10,30)",0,0.000000000,25,25,100.000000000,100.000000000
nuscenes,scene-0103_010,lateral,0.000000000,m,1,Car,23.303582016,"middle [10,30)",0,0.000000000,38,38,100.000000000,100.000000000
nuscenes,scene-0103_010,lateral,0.000000000,m,3,Car,21.596946675,"middle [10,30)",0,0.482141152,15,15,100.000000000,100.000000000
nuscenes,scene-0103_010,lateral,0.000000000,m,9,Car,20.459516221,"middle [10,30)",0,0.000000000,25,25,100.000000000,100.000000000
nuscenes,scene-0103_010,lateral,0.020000000,m,1,Car,23.303582016,"middle [10,30)",0,0.000000000,38,38,100.000000000,100.000000000
nuscenes,scene-0103_010,lateral,0.020000000,m,3,Car,21.596946675,"middle [10,30)",0,0.482141152,15,15,100.000000000,100.000000000
nuscenes,scene-0103_010,lateral,0.020000000,m,9,Car,20.459516221,"middle [10,30)",0,0.000000000,25,25,100.000000000,100.000000000
nuscenes,scene-0103_010,lateral,0.050000000,m,1,Car,23.303582016,"middle [10,30)",0,0.000000000,38,38,100.000000000,100.000000000
nuscenes,scene-0103_010,lateral,0.050000000,m,3,Car,21.596946675,"middle [10,30)",0,0.482141152,15,15,100.000000000,100.000000000
nuscenes,scene-0103_010,lateral,0.050000000,m,9,Car,20.459516221,"middle [10,30)",0,0.000000000,25,25,100.000000000,100.000000000
nuscenes,scene-0103_010,lateral,0.100000000,m,1,Car,23.303582016,"middle [10,30)",0,0.000000000,38,38,100.000000000,100.000000000
nuscenes,scene-0103_010,lateral,0.100000000,m,3,Car,21.596946675,"middle [10,30)",0,0.482141152,15,15,100.000000000,100.000000000
nuscenes,scene-0103_010,lateral,0.100000000,m,9,Car,20.459516221,"middle [10,30)",0,0.000000000,25,25,100.000000000,100.000000000
nuscenes,scene-0103_011,yaw,-3.000000000,deg,1,Car,19.578466442,"middle [10,30)",0,0.000000000,45,40,88.888888889,100.000000000
nuscenes,scene-0103_011,yaw,-3.000000000,deg,8,Car,16.556249368,"middle [10,30)",0,0.000000000,34,22,64.705882353,100.000000000
nuscenes,scene-0103_011,yaw,-3.000000000,deg,9,Pedestrian,15.241759371,"middle [10,30)",0,0.348417124,12,0,0.000000000,100.000000000
nuscenes,scene-0103_011,yaw,-2.000000000,deg,1,Car,19.578466442,"middle [10,30)",0,0.000000000,45,45,100.000000000,100.000000000
nuscenes,scene-0103_011,yaw,-2.000000000,deg,8,Car,16.556249368,"middle [10,30)",0,0.000000000,34,27,79.411764706,100.000000000
nuscenes,scene-0103_011,yaw,-2.000000000,deg,9,Pedestrian,15.241759371,"middle [10,30)",0,0.348417124,12,0,0.000000000,100.000000000
nuscenes,scene-0103_011,yaw,-1.000000000,deg,1,Car,19.578466442,"middle [10,30)",0,0.000000000,45,45,100.000000000,100.000000000
nuscenes,scene-0103_011,yaw,-1.000000000,deg,8,Car,16.556249368,"middle [10,30)",0,0.000000000,34,33,97.058823529,100.000000000
nuscenes,scene-0103_011,yaw,-1.000000000,deg,9,Pedestrian,15.241759371,"middle [10,30)",0,0.348417124,12,4,33.333333333,100.000000000
nuscenes,scene-0103_011,yaw,-0.500000000,deg,1,Car,19.578466442,"middle [10,30)",0,0.000000000,45,45,100.000000000,100.000000000
nuscenes,scene-0103_011,yaw,-0.500000000,deg,8,Car,16.556249368,"middle [10,30)",0,0.000000000,34,34,100.000000000,100.000000000
nuscenes,scene-0103_011,yaw,-0.500000000,deg,9,Pedestrian,15.241759371,"middle [10,30)",0,0.348417124,12,8,66.666666667,100.000000000
nuscenes,scene-0103_011,yaw,0.000000000,deg,1,Car,19.578466442,"middle [10,30)",0,0.000000000,45,45,100.000000000,100.000000000
nuscenes,scene-0103_011,yaw,0.000000000,deg,8,Car,16.556249368,"middle [10,30)",0,0.000000000,34,34,100.000000000,100.000000000
nuscenes,scene-0103_011,yaw,0.000000000,deg,9,Pedestrian,15.241759371,"middle [10,30)",0,0.348417124,12,12,100.000000000,100.000000000
nuscenes,scene-0103_011,yaw,0.500000000,deg,1,Car,19.578466442,"middle [10,30)",0,0.000000000,45,45,100.000000000,100.000000000
nuscenes,scene-0103_011,yaw,0.500000000,deg,8,Car,16.556249368,"middle [10,30)",0,0.000000000,34,34,100.000000000,100.000000000
nuscenes,scene-0103_011,yaw,0.500000000,deg,9,Pedestrian,15.241759371,"middle [10,30)",0,0.348417124,12,12,100.000000000,100.000000000
nuscenes,scene-0103_011,yaw,1.000000000,deg,1,Car,19.578466442,"middle [10,30)",0,0.000000000,45,45,100.000000000,100.000000000
nuscenes,scene-0103_011,yaw,1.000000000,deg,8,Car,16.556249368,"middle [10,30)",0,0.000000000,34,34,100.000000000,100.000000000
nuscenes,scene-0103_011,yaw,1.000000000,deg,9,Pedestrian,15.241759371,"middle [10,30)",0,0.348417124,12,8,66.666666667,100.000000000
nuscenes,scene-0103_011,yaw,2.000000000,deg,1,Car,19.578466442,"middle [10,30)",0,0.000000000,45,45,100.000000000,100.000000000
nuscenes,scene-0103_011,yaw,2.000000000,deg,8,Car,16.556249368,"middle [10,30)",0,0.000000000,34,30,88.235294118,100.000000000
nuscenes,scene-0103_011,yaw,2.000000000,deg,9,Pedestrian,15.241759371,"middle [10,30)",0,0.348417124,12,1,8.333333333,100.000000000
nuscenes,scene-0103_011,yaw,3.000000000,deg,1,Car,19.578466442,"middle [10,30)",0,0.000000000,45,42,93.333333333,100.000000000
nuscenes,scene-0103_011,yaw,3.000000000,deg,8,Car,16.556249368,"middle [10,30)",0,0.000000000,34,24,70.588235294,100.000000000
nuscenes,scene-0103_011,yaw,3.000000000,deg,9,Pedestrian,15.241759371,"middle [10,30)",0,0.348417124,12,0,0.000000000,100.000000000
nuscenes,scene-0103_011,lateral,-0.100000000,m,1,Car,19.578466442,"middle [10,30)",0,0.000000000,45,45,100.000000000,100.000000000
nuscenes,scene-0103_011,lateral,-0.100000000,m,8,Car,16.556249368,"middle [10,30)",0,0.000000000,34,34,100.000000000,100.000000000
nuscenes,scene-0103_011,lateral,-0.100000000,m,9,Pedestrian,15.241759371,"middle [10,30)",0,0.348417124,12,12,100.000000000,100.000000000
nuscenes,scene-0103_011,lateral,-0.050000000,m,1,Car,19.578466442,"middle [10,30)",0,0.000000000,45,45,100.000000000,100.000000000
nuscenes,scene-0103_011,lateral,-0.050000000,m,8,Car,16.556249368,"middle [10,30)",0,0.000000000,34,34,100.000000000,100.000000000
nuscenes,scene-0103_011,lateral,-0.050000000,m,9,Pedestrian,15.241759371,"middle [10,30)",0,0.348417124,12,12,100.000000000,100.000000000
nuscenes,scene-0103_011,lateral,-0.020000000,m,1,Car,19.578466442,"middle [10,30)",0,0.000000000,45,45,100.000000000,100.000000000
nuscenes,scene-0103_011,lateral,-0.020000000,m,8,Car,16.556249368,"middle [10,30)",0,0.000000000,34,34,100.000000000,100.000000000
nuscenes,scene-0103_011,lateral,-0.020000000,m,9,Pedestrian,15.241759371,"middle [10,30)",0,0.348417124,12,12,100.000000000,100.000000000
nuscenes,scene-0103_011,lateral,0.000000000,m,1,Car,19.578466442,"middle [10,30)",0,0.000000000,45,45,100.000000000,100.000000000
nuscenes,scene-0103_011,lateral,0.000000000,m,8,Car,16.556249368,"middle [10,30)",0,0.000000000,34,34,100.000000000,100.000000000
nuscenes,scene-0103_011,lateral,0.000000000,m,9,Pedestrian,15.241759371,"middle [10,30)",0,0.348417124,12,12,100.000000000,100.000000000
nuscenes,scene-0103_011,lateral,0.020000000,m,1,Car,19.578466442,"middle [10,30)",0,0.000000000,45,45,100.000000000,100.000000000
nuscenes,scene-0103_011,lateral,0.020000000,m,8,Car,16.556249368,"middle [10,30)",0,0.000000000,34,34,100.000000000,100.000000000
nuscenes,scene-0103_011,lateral,0.020000000,m,9,Pedestrian,15.241759371,"middle [10,30)",0,0.348417124,12,11,91.666666667,100.000000000
nuscenes,scene-0103_011,lateral,0.050000000,m,1,Car,19.578466442,"middle [10,30)",0,0.000000000,45,45,100.000000000,100.000000000
nuscenes,scene-0103_011,lateral,0.050000000,m,8,Car,16.556249368,"middle [10,30)",0,0.000000000,34,34,100.000000000,100.000000000
nuscenes,scene-0103_011,lateral,0.050000000,m,9,Pedestrian,15.241759371,"middle [10,30)",0,0.348417124,12,11,91.666666667,100.000000000
nuscenes,scene-0103_011,lateral,0.100000000,m,1,Car,19.578466442,"middle [10,30)",0,0.000000000,45,45,100.000000000,100.000000000
nuscenes,scene-0103_011,lateral,0.100000000,m,8,Car,16.556249368,"middle [10,30)",0,0.000000000,34,34,100.000000000,100.000000000
nuscenes,scene-0103_011,lateral,0.100000000,m,9,Pedestrian,15.241759371,"middle [10,30)",0,0.348417124,12,10,83.333333333,100.000000000
nuscenes,scene-0103_012,yaw,-3.000000000,deg,0,Car,16.435464987,"middle [10,30)",0,0.000000000,47,38,80.851063830,100.000000000
nuscenes,scene-0103_012,yaw,-3.000000000,deg,7,Car,13.482524075,"middle [10,30)",0,0.000000000,61,49,80.327868852,100.000000000
nuscenes,scene-0103_012,yaw,-3.000000000,deg,10,Car,24.744649852,"middle [10,30)",0,0.000000000,11,4,36.363636364,100.000000000
nuscenes,scene-0103_012,yaw,-2.000000000,deg,0,Car,16.435464987,"middle [10,30)",0,0.000000000,47,43,91.489361702,100.000000000
nuscenes,scene-0103_012,yaw,-2.000000000,deg,7,Car,13.482524075,"middle [10,30)",0,0.000000000,61,55,90.163934426,100.000000000
nuscenes,scene-0103_012,yaw,-2.000000000,deg,10,Car,24.744649852,"middle [10,30)",0,0.000000000,11,7,63.636363636,100.000000000
nuscenes,scene-0103_012,yaw,-1.000000000,deg,0,Car,16.435464987,"middle [10,30)",0,0.000000000,47,47,100.000000000,100.000000000
nuscenes,scene-0103_012,yaw,-1.000000000,deg,7,Car,13.482524075,"middle [10,30)",0,0.000000000,61,61,100.000000000,100.000000000
nuscenes,scene-0103_012,yaw,-1.000000000,deg,10,Car,24.744649852,"middle [10,30)",0,0.000000000,11,11,100.000000000,100.000000000
nuscenes,scene-0103_012,yaw,-0.500000000,deg,0,Car,16.435464987,"middle [10,30)",0,0.000000000,47,47,100.000000000,100.000000000
nuscenes,scene-0103_012,yaw,-0.500000000,deg,7,Car,13.482524075,"middle [10,30)",0,0.000000000,61,61,100.000000000,100.000000000
nuscenes,scene-0103_012,yaw,-0.500000000,deg,10,Car,24.744649852,"middle [10,30)",0,0.000000000,11,11,100.000000000,100.000000000
nuscenes,scene-0103_012,yaw,0.000000000,deg,0,Car,16.435464987,"middle [10,30)",0,0.000000000,47,47,100.000000000,100.000000000
nuscenes,scene-0103_012,yaw,0.000000000,deg,7,Car,13.482524075,"middle [10,30)",0,0.000000000,61,61,100.000000000,100.000000000
nuscenes,scene-0103_012,yaw,0.000000000,deg,10,Car,24.744649852,"middle [10,30)",0,0.000000000,11,11,100.000000000,100.000000000
nuscenes,scene-0103_012,yaw,0.500000000,deg,0,Car,16.435464987,"middle [10,30)",0,0.000000000,47,47,100.000000000,100.000000000
nuscenes,scene-0103_012,yaw,0.500000000,deg,7,Car,13.482524075,"middle [10,30)",0,0.000000000,61,61,100.000000000,100.000000000
nuscenes,scene-0103_012,yaw,0.500000000,deg,10,Car,24.744649852,"middle [10,30)",0,0.000000000,11,11,100.000000000,100.000000000
nuscenes,scene-0103_012,yaw,1.000000000,deg,0,Car,16.435464987,"middle [10,30)",0,0.000000000,47,47,100.000000000,100.000000000
nuscenes,scene-0103_012,yaw,1.000000000,deg,7,Car,13.482524075,"middle [10,30)",0,0.000000000,61,60,98.360655738,100.000000000
nuscenes,scene-0103_012,yaw,1.000000000,deg,10,Car,24.744649852,"middle [10,30)",0,0.000000000,11,9,81.818181818,100.000000000
nuscenes,scene-0103_012,yaw,2.000000000,deg,0,Car,16.435464987,"middle [10,30)",0,0.000000000,47,47,100.000000000,100.000000000
nuscenes,scene-0103_012,yaw,2.000000000,deg,7,Car,13.482524075,"middle [10,30)",0,0.000000000,61,54,88.524590164,100.000000000
nuscenes,scene-0103_012,yaw,2.000000000,deg,10,Car,24.744649852,"middle [10,30)",0,0.000000000,11,8,72.727272727,100.000000000
nuscenes,scene-0103_012,yaw,3.000000000,deg,0,Car,16.435464987,"middle [10,30)",0,0.000000000,47,45,95.744680851,100.000000000
nuscenes,scene-0103_012,yaw,3.000000000,deg,7,Car,13.482524075,"middle [10,30)",0,0.000000000,61,48,78.688524590,100.000000000
nuscenes,scene-0103_012,yaw,3.000000000,deg,10,Car,24.744649852,"middle [10,30)",0,0.000000000,11,5,45.454545455,100.000000000
nuscenes,scene-0103_012,lateral,-0.100000000,m,0,Car,16.435464987,"middle [10,30)",0,0.000000000,47,47,100.000000000,100.000000000
nuscenes,scene-0103_012,lateral,-0.100000000,m,7,Car,13.482524075,"middle [10,30)",0,0.000000000,61,61,100.000000000,100.000000000
nuscenes,scene-0103_012,lateral,-0.100000000,m,10,Car,24.744649852,"middle [10,30)",0,0.000000000,11,11,100.000000000,100.000000000
nuscenes,scene-0103_012,lateral,-0.050000000,m,0,Car,16.435464987,"middle [10,30)",0,0.000000000,47,47,100.000000000,100.000000000
nuscenes,scene-0103_012,lateral,-0.050000000,m,7,Car,13.482524075,"middle [10,30)",0,0.000000000,61,61,100.000000000,100.000000000
nuscenes,scene-0103_012,lateral,-0.050000000,m,10,Car,24.744649852,"middle [10,30)",0,0.000000000,11,11,100.000000000,100.000000000
nuscenes,scene-0103_012,lateral,-0.020000000,m,0,Car,16.435464987,"middle [10,30)",0,0.000000000,47,47,100.000000000,100.000000000
nuscenes,scene-0103_012,lateral,-0.020000000,m,7,Car,13.482524075,"middle [10,30)",0,0.000000000,61,61,100.000000000,100.000000000
nuscenes,scene-0103_012,lateral,-0.020000000,m,10,Car,24.744649852,"middle [10,30)",0,0.000000000,11,11,100.000000000,100.000000000
nuscenes,scene-0103_012,lateral,0.000000000,m,0,Car,16.435464987,"middle [10,30)",0,0.000000000,47,47,100.000000000,100.000000000
nuscenes,scene-0103_012,lateral,0.000000000,m,7,Car,13.482524075,"middle [10,30)",0,0.000000000,61,61,100.000000000,100.000000000
nuscenes,scene-0103_012,lateral,0.000000000,m,10,Car,24.744649852,"middle [10,30)",0,0.000000000,11,11,100.000000000,100.000000000
nuscenes,scene-0103_012,lateral,0.020000000,m,0,Car,16.435464987,"middle [10,30)",0,0.000000000,47,47,100.000000000,100.000000000
nuscenes,scene-0103_012,lateral,0.020000000,m,7,Car,13.482524075,"middle [10,30)",0,0.000000000,61,61,100.000000000,100.000000000
nuscenes,scene-0103_012,lateral,0.020000000,m,10,Car,24.744649852,"middle [10,30)",0,0.000000000,11,11,100.000000000,100.000000000
nuscenes,scene-0103_012,lateral,0.050000000,m,0,Car,16.435464987,"middle [10,30)",0,0.000000000,47,47,100.000000000,100.000000000
nuscenes,scene-0103_012,lateral,0.050000000,m,7,Car,13.482524075,"middle [10,30)",0,0.000000000,61,61,100.000000000,100.000000000
nuscenes,scene-0103_012,lateral,0.050000000,m,10,Car,24.744649852,"middle [10,30)",0,0.000000000,11,11,100.000000000,100.000000000
nuscenes,scene-0103_012,lateral,0.100000000,m,0,Car,16.435464987,"middle [10,30)",0,0.000000000,47,47,100.000000000,100.000000000
nuscenes,scene-0103_012,lateral,0.100000000,m,7,Car,13.482524075,"middle [10,30)",0,0.000000000,61,61,100.000000000,100.000000000
nuscenes,scene-0103_012,lateral,0.100000000,m,10,Car,24.744649852,"middle [10,30)",0,0.000000000,11,11,100.000000000,100.000000000
nuscenes,scene-0103_013,yaw,-3.000000000,deg,1,Car,14.385704779,"middle [10,30)",0,0.000000000,71,69,97.183098592,100.000000000
nuscenes,scene-0103_013,yaw,-3.000000000,deg,8,Car,11.235263395,"middle [10,30)",0,0.000000000,89,73,82.022471910,100.000000000
nuscenes,scene-0103_013,yaw,-3.000000000,deg,12,Car,22.693385578,"middle [10,30)",0,0.000000000,16,9,56.250000000,100.000000000
nuscenes,scene-0103_013,yaw,-2.000000000,deg,1,Car,14.385704779,"middle [10,30)",0,0.000000000,71,71,100.000000000,100.000000000
nuscenes,scene-0103_013,yaw,-2.000000000,deg,8,Car,11.235263395,"middle [10,30)",0,0.000000000,89,82,92.134831461,100.000000000
nuscenes,scene-0103_013,yaw,-2.000000000,deg,12,Car,22.693385578,"middle [10,30)",0,0.000000000,16,11,68.750000000,100.000000000
nuscenes,scene-0103_013,yaw,-1.000000000,deg,1,Car,14.385704779,"middle [10,30)",0,0.000000000,71,71,100.000000000,100.000000000
nuscenes,scene-0103_013,yaw,-1.000000000,deg,8,Car,11.235263395,"middle [10,30)",0,0.000000000,89,89,100.000000000,100.000000000
nuscenes,scene-0103_013,yaw,-1.000000000,deg,12,Car,22.693385578,"middle [10,30)",0,0.000000000,16,15,93.750000000,100.000000000
nuscenes,scene-0103_013,yaw,-0.500000000,deg,1,Car,14.385704779,"middle [10,30)",0,0.000000000,71,71,100.000000000,100.000000000
nuscenes,scene-0103_013,yaw,-0.500000000,deg,8,Car,11.235263395,"middle [10,30)",0,0.000000000,89,89,100.000000000,100.000000000
nuscenes,scene-0103_013,yaw,-0.500000000,deg,12,Car,22.693385578,"middle [10,30)",0,0.000000000,16,15,93.750000000,100.000000000
nuscenes,scene-0103_013,yaw,0.000000000,deg,1,Car,14.385704779,"middle [10,30)",0,0.000000000,71,71,100.000000000,100.000000000
nuscenes,scene-0103_013,yaw,0.000000000,deg,8,Car,11.235263395,"middle [10,30)",0,0.000000000,89,89,100.000000000,100.000000000
nuscenes,scene-0103_013,yaw,0.000000000,deg,12,Car,22.693385578,"middle [10,30)",0,0.000000000,16,16,100.000000000,100.000000000
nuscenes,scene-0103_013,yaw,0.500000000,deg,1,Car,14.385704779,"middle [10,30)",0,0.000000000,71,71,100.000000000,100.000000000
nuscenes,scene-0103_013,yaw,0.500000000,deg,8,Car,11.235263395,"middle [10,30)",0,0.000000000,89,89,100.000000000,100.000000000
nuscenes,scene-0103_013,yaw,0.500000000,deg,12,Car,22.693385578,"middle [10,30)",0,0.000000000,16,16,100.000000000,100.000000000
nuscenes,scene-0103_013,yaw,1.000000000,deg,1,Car,14.385704779,"middle [10,30)",0,0.000000000,71,71,100.000000000,100.000000000
nuscenes,scene-0103_013,yaw,1.000000000,deg,8,Car,11.235263395,"middle [10,30)",0,0.000000000,89,89,100.000000000,100.000000000
nuscenes,scene-0103_013,yaw,1.000000000,deg,12,Car,22.693385578,"middle [10,30)",0,0.000000000,16,15,93.750000000,100.000000000
nuscenes,scene-0103_013,yaw,2.000000000,deg,1,Car,14.385704779,"middle [10,30)",0,0.000000000,71,70,98.591549296,100.000000000
nuscenes,scene-0103_013,yaw,2.000000000,deg,8,Car,11.235263395,"middle [10,30)",0,0.000000000,89,85,95.505617978,100.000000000
nuscenes,scene-0103_013,yaw,2.000000000,deg,12,Car,22.693385578,"middle [10,30)",0,0.000000000,16,12,75.000000000,100.000000000
nuscenes,scene-0103_013,yaw,3.000000000,deg,1,Car,14.385704779,"middle [10,30)",0,0.000000000,71,68,95.774647887,100.000000000
nuscenes,scene-0103_013,yaw,3.000000000,deg,8,Car,11.235263395,"middle [10,30)",0,0.000000000,89,79,88.764044944,100.000000000
nuscenes,scene-0103_013,yaw,3.000000000,deg,12,Car,22.693385578,"middle [10,30)",0,0.000000000,16,8,50.000000000,100.000000000
nuscenes,scene-0103_013,lateral,-0.100000000,m,1,Car,14.385704779,"middle [10,30)",0,0.000000000,71,71,100.000000000,100.000000000
nuscenes,scene-0103_013,lateral,-0.100000000,m,8,Car,11.235263395,"middle [10,30)",0,0.000000000,89,89,100.000000000,100.000000000
nuscenes,scene-0103_013,lateral,-0.100000000,m,12,Car,22.693385578,"middle [10,30)",0,0.000000000,16,16,100.000000000,100.000000000
nuscenes,scene-0103_013,lateral,-0.050000000,m,1,Car,14.385704779,"middle [10,30)",0,0.000000000,71,71,100.000000000,100.000000000
nuscenes,scene-0103_013,lateral,-0.050000000,m,8,Car,11.235263395,"middle [10,30)",0,0.000000000,89,89,100.000000000,100.000000000
nuscenes,scene-0103_013,lateral,-0.050000000,m,12,Car,22.693385578,"middle [10,30)",0,0.000000000,16,16,100.000000000,100.000000000
nuscenes,scene-0103_013,lateral,-0.020000000,m,1,Car,14.385704779,"middle [10,30)",0,0.000000000,71,71,100.000000000,100.000000000
nuscenes,scene-0103_013,lateral,-0.020000000,m,8,Car,11.235263395,"middle [10,30)",0,0.000000000,89,89,100.000000000,100.000000000
nuscenes,scene-0103_013,lateral,-0.020000000,m,12,Car,22.693385578,"middle [10,30)",0,0.000000000,16,16,100.000000000,100.000000000
nuscenes,scene-0103_013,lateral,0.000000000,m,1,Car,14.385704779,"middle [10,30)",0,0.000000000,71,71,100.000000000,100.000000000
nuscenes,scene-0103_013,lateral,0.000000000,m,8,Car,11.235263395,"middle [10,30)",0,0.000000000,89,89,100.000000000,100.000000000
nuscenes,scene-0103_013,lateral,0.000000000,m,12,Car,22.693385578,"middle [10,30)",0,0.000000000,16,16,100.000000000,100.000000000
nuscenes,scene-0103_013,lateral,0.020000000,m,1,Car,14.385704779,"middle [10,30)",0,0.000000000,71,71,100.000000000,100.000000000
nuscenes,scene-0103_013,lateral,0.020000000,m,8,Car,11.235263395,"middle [10,30)",0,0.000000000,89,89,100.000000000,100.000000000
nuscenes,scene-0103_013,lateral,0.020000000,m,12,Car,22.693385578,"middle [10,30)",0,0.000000000,16,16,100.000000000,100.000000000
nuscenes,scene-0103_013,lateral,0.050000000,m,1,Car,14.385704779,"middle [10,30)",0,0.000000000,71,71,100.000000000,100.000000000
nuscenes,scene-0103_013,lateral,0.050000000,m,8,Car,11.235263395,"middle [10,30)",0,0.000000000,89,89,100.000000000,100.000000000
nuscenes,scene-0103_013,lateral,0.050000000,m,12,Car,22.693385578,"middle [10,30)",0,0.000000000,16,16,100.000000000,100.000000000
nuscenes,scene-0103_013,lateral,0.100000000,m,1,Car,14.385704779,"middle [10,30)",0,0.000000000,71,71,100.000000000,100.000000000
nuscenes,scene-0103_013,lateral,0.100000000,m,8,Car,11.235263395,"middle [10,30)",0,0.000000000,89,89,100.000000000,100.000000000
nuscenes,scene-0103_013,lateral,0.100000000,m,12,Car,22.693385578,"middle [10,30)",0,0.000000000,16,16,100.000000000,100.000000000
nuscenes,scene-0103_014,yaw,-3.000000000,deg,1,Car,12.563270018,"middle [10,30)",0,0.000000000,130,129,99.230769231,100.000000000
nuscenes,scene-0103_014,yaw,-3.000000000,deg,9,Car,9.376114937,"near [0,10)",0,0.000000000,131,118,90.076335878,100.000000000
nuscenes,scene-0103_014,yaw,-3.000000000,deg,13,Car,20.515702778,"middle [10,30)",0,0.000000000,26,17,65.384615385,100.000000000
nuscenes,scene-0103_014,yaw,-2.000000000,deg,1,Car,12.563270018,"middle [10,30)",0,0.000000000,130,130,100.000000000,100.000000000
nuscenes,scene-0103_014,yaw,-2.000000000,deg,9,Car,9.376114937,"near [0,10)",0,0.000000000,131,128,97.709923664,100.000000000
nuscenes,scene-0103_014,yaw,-2.000000000,deg,13,Car,20.515702778,"middle [10,30)",0,0.000000000,26,22,84.615384615,100.000000000
nuscenes,scene-0103_014,yaw,-1.000000000,deg,1,Car,12.563270018,"middle [10,30)",0,0.000000000,130,130,100.000000000,100.000000000
nuscenes,scene-0103_014,yaw,-1.000000000,deg,9,Car,9.376114937,"near [0,10)",0,0.000000000,131,131,100.000000000,100.000000000
nuscenes,scene-0103_014,yaw,-1.000000000,deg,13,Car,20.515702778,"middle [10,30)",0,0.000000000,26,25,96.153846154,100.000000000
nuscenes,scene-0103_014,yaw,-0.500000000,deg,1,Car,12.563270018,"middle [10,30)",0,0.000000000,130,130,100.000000000,100.000000000
nuscenes,scene-0103_014,yaw,-0.500000000,deg,9,Car,9.376114937,"near [0,10)",0,0.000000000,131,131,100.000000000,100.000000000
nuscenes,scene-0103_014,yaw,-0.500000000,deg,13,Car,20.515702778,"middle [10,30)",0,0.000000000,26,26,100.000000000,100.000000000
nuscenes,scene-0103_014,yaw,0.000000000,deg,1,Car,12.563270018,"middle [10,30)",0,0.000000000,130,130,100.000000000,100.000000000
nuscenes,scene-0103_014,yaw,0.000000000,deg,9,Car,9.376114937,"near [0,10)",0,0.000000000,131,131,100.000000000,100.000000000
nuscenes,scene-0103_014,yaw,0.000000000,deg,13,Car,20.515702778,"middle [10,30)",0,0.000000000,26,26,100.000000000,100.000000000
nuscenes,scene-0103_014,yaw,0.500000000,deg,1,Car,12.563270018,"middle [10,30)",0,0.000000000,130,130,100.000000000,100.000000000
nuscenes,scene-0103_014,yaw,0.500000000,deg,9,Car,9.376114937,"near [0,10)",0,0.000000000,131,131,100.000000000,100.000000000
nuscenes,scene-0103_014,yaw,0.500000000,deg,13,Car,20.515702778,"middle [10,30)",0,0.000000000,26,26,100.000000000,100.000000000
nuscenes,scene-0103_014,yaw,1.000000000,deg,1,Car,12.563270018,"middle [10,30)",0,0.000000000,130,128,98.461538462,100.000000000
nuscenes,scene-0103_014,yaw,1.000000000,deg,9,Car,9.376114937,"near [0,10)",0,0.000000000,131,130,99.236641221,100.000000000
nuscenes,scene-0103_014,yaw,1.000000000,deg,13,Car,20.515702778,"middle [10,30)",0,0.000000000,26,24,92.307692308,100.000000000
nuscenes,scene-0103_014,yaw,2.000000000,deg,1,Car,12.563270018,"middle [10,30)",0,0.000000000,130,124,95.384615385,100.000000000
nuscenes,scene-0103_014,yaw,2.000000000,deg,9,Car,9.376114937,"near [0,10)",0,0.000000000,131,125,95.419847328,100.000000000
nuscenes,scene-0103_014,yaw,2.000000000,deg,13,Car,20.515702778,"middle [10,30)",0,0.000000000,26,18,69.230769231,100.000000000
nuscenes,scene-0103_014,yaw,3.000000000,deg,1,Car,12.563270018,"middle [10,30)",0,0.000000000,130,121,93.076923077,100.000000000
nuscenes,scene-0103_014,yaw,3.000000000,deg,9,Car,9.376114937,"near [0,10)",0,0.000000000,131,119,90.839694656,100.000000000
nuscenes,scene-0103_014,yaw,3.000000000,deg,13,Car,20.515702778,"middle [10,30)",0,0.000000000,26,12,46.153846154,100.000000000
nuscenes,scene-0103_014,lateral,-0.100000000,m,1,Car,12.563270018,"middle [10,30)",0,0.000000000,130,130,100.000000000,100.000000000
nuscenes,scene-0103_014,lateral,-0.100000000,m,9,Car,9.376114937,"near [0,10)",0,0.000000000,131,131,100.000000000,100.000000000
nuscenes,scene-0103_014,lateral,-0.100000000,m,13,Car,20.515702778,"middle [10,30)",0,0.000000000,26,26,100.000000000,100.000000000
nuscenes,scene-0103_014,lateral,-0.050000000,m,1,Car,12.563270018,"middle [10,30)",0,0.000000000,130,130,100.000000000,100.000000000
nuscenes,scene-0103_014,lateral,-0.050000000,m,9,Car,9.376114937,"near [0,10)",0,0.000000000,131,131,100.000000000,100.000000000
nuscenes,scene-0103_014,lateral,-0.050000000,m,13,Car,20.515702778,"middle [10,30)",0,0.000000000,26,26,100.000000000,100.000000000
nuscenes,scene-0103_014,lateral,-0.020000000,m,1,Car,12.563270018,"middle [10,30)",0,0.000000000,130,130,100.000000000,100.000000000
nuscenes,scene-0103_014,lateral,-0.020000000,m,9,Car,9.376114937,"near [0,10)",0,0.000000000,131,131,100.000000000,100.000000000
nuscenes,scene-0103_014,lateral,-0.020000000,m,13,Car,20.515702778,"middle [10,30)",0,0.000000000,26,26,100.000000000,100.000000000
nuscenes,scene-0103_014,lateral,0.000000000,m,1,Car,12.563270018,"middle [10,30)",0,0.000000000,130,130,100.000000000,100.000000000
nuscenes,scene-0103_014,lateral,0.000000000,m,9,Car,9.376114937,"near [0,10)",0,0.000000000,131,131,100.000000000,100.000000000
nuscenes,scene-0103_014,lateral,0.000000000,m,13,Car,20.515702778,"middle [10,30)",0,0.000000000,26,26,100.000000000,100.000000000
nuscenes,scene-0103_014,lateral,0.020000000,m,1,Car,12.563270018,"middle [10,30)",0,0.000000000,130,130,100.000000000,100.000000000
nuscenes,scene-0103_014,lateral,0.020000000,m,9,Car,9.376114937,"near [0,10)",0,0.000000000,131,131,100.000000000,100.000000000
nuscenes,scene-0103_014,lateral,0.020000000,m,13,Car,20.515702778,"middle [10,30)",0,0.000000000,26,26,100.000000000,100.000000000
nuscenes,scene-0103_014,lateral,0.050000000,m,1,Car,12.563270018,"middle [10,30)",0,0.000000000,130,130,100.000000000,100.000000000
nuscenes,scene-0103_014,lateral,0.050000000,m,9,Car,9.376114937,"near [0,10)",0,0.000000000,131,131,100.000000000,100.000000000
nuscenes,scene-0103_014,lateral,0.050000000,m,13,Car,20.515702778,"middle [10,30)",0,0.000000000,26,26,100.000000000,100.000000000
nuscenes,scene-0103_014,lateral,0.100000000,m,1,Car,12.563270018,"middle [10,30)",0,0.000000000,130,130,100.000000000,100.000000000
nuscenes,scene-0103_014,lateral,0.100000000,m,9,Car,9.376114937,"near [0,10)",0,0.000000000,131,131,100.000000000,100.000000000
nuscenes,scene-0103_014,lateral,0.100000000,m,13,Car,20.515702778,"middle [10,30)",0,0.000000000,26,26,100.000000000,100.000000000
nuscenes,scene-0103_015,yaw,-3.000000000,deg,1,Car,11.545523453,"middle [10,30)",0,0.000000000,157,152,96.815286624,100.000000000
nuscenes,scene-0103_015,yaw,-3.000000000,deg,9,Car,8.475795246,"near [0,10)",0,0.265186585,162,119,73.456790123,100.000000000
nuscenes,scene-0103_015,yaw,-3.000000000,deg,14,Car,19.294264273,"middle [10,30)",0,0.000000000,23,12,52.173913043,100.000000000
nuscenes,scene-0103_015,yaw,-2.000000000,deg,1,Car,11.545523453,"middle [10,30)",0,0.000000000,157,155,98.726114650,100.000000000
nuscenes,scene-0103_015,yaw,-2.000000000,deg,9,Car,8.475795246,"near [0,10)",0,0.265186585,162,137,84.567901235,100.000000000
nuscenes,scene-0103_015,yaw,-2.000000000,deg,14,Car,19.294264273,"middle [10,30)",0,0.000000000,23,19,82.608695652,100.000000000
nuscenes,scene-0103_015,yaw,-1.000000000,deg,1,Car,11.545523453,"middle [10,30)",0,0.000000000,157,157,100.000000000,100.000000000
nuscenes,scene-0103_015,yaw,-1.000000000,deg,9,Car,8.475795246,"near [0,10)",0,0.265186585,162,148,91.358024691,100.000000000
nuscenes,scene-0103_015,yaw,-1.000000000,deg,14,Car,19.294264273,"middle [10,30)",0,0.000000000,23,22,95.652173913,100.000000000
nuscenes,scene-0103_015,yaw,-0.500000000,deg,1,Car,11.545523453,"middle [10,30)",0,0.000000000,157,157,100.000000000,100.000000000
nuscenes,scene-0103_015,yaw,-0.500000000,deg,9,Car,8.475795246,"near [0,10)",0,0.265186585,162,154,95.061728395,100.000000000
nuscenes,scene-0103_015,yaw,-0.500000000,deg,14,Car,19.294264273,"middle [10,30)",0,0.000000000,23,23,100.000000000,100.000000000
nuscenes,scene-0103_015,yaw,0.000000000,deg,1,Car,11.545523453,"middle [10,30)",0,0.000000000,157,157,100.000000000,100.000000000
nuscenes,scene-0103_015,yaw,0.000000000,deg,9,Car,8.475795246,"near [0,10)",0,0.265186585,162,162,100.000000000,100.000000000
nuscenes,scene-0103_015,yaw,0.000000000,deg,14,Car,19.294264273,"middle [10,30)",0,0.000000000,23,23,100.000000000,100.000000000
nuscenes,scene-0103_015,yaw,0.500000000,deg,1,Car,11.545523453,"middle [10,30)",0,0.000000000,157,157,100.000000000,100.000000000
nuscenes,scene-0103_015,yaw,0.500000000,deg,9,Car,8.475795246,"near [0,10)",0,0.265186585,162,162,100.000000000,100.000000000
nuscenes,scene-0103_015,yaw,0.500000000,deg,14,Car,19.294264273,"middle [10,30)",0,0.000000000,23,23,100.000000000,100.000000000
nuscenes,scene-0103_015,yaw,1.000000000,deg,1,Car,11.545523453,"middle [10,30)",0,0.000000000,157,157,100.000000000,100.000000000
nuscenes,scene-0103_015,yaw,1.000000000,deg,9,Car,8.475795246,"near [0,10)",0,0.265186585,162,162,100.000000000,100.000000000
nuscenes,scene-0103_015,yaw,1.000000000,deg,14,Car,19.294264273,"middle [10,30)",0,0.000000000,23,23,100.000000000,100.000000000
nuscenes,scene-0103_015,yaw,2.000000000,deg,1,Car,11.545523453,"middle [10,30)",0,0.000000000,157,154,98.089171975,100.000000000
nuscenes,scene-0103_015,yaw,2.000000000,deg,9,Car,8.475795246,"near [0,10)",0,0.265186585,162,156,96.296296296,100.000000000
nuscenes,scene-0103_015,yaw,2.000000000,deg,14,Car,19.294264273,"middle [10,30)",0,0.000000000,23,20,86.956521739,100.000000000
nuscenes,scene-0103_015,yaw,3.000000000,deg,1,Car,11.545523453,"middle [10,30)",0,0.000000000,157,149,94.904458599,100.000000000
nuscenes,scene-0103_015,yaw,3.000000000,deg,9,Car,8.475795246,"near [0,10)",0,0.265186585,162,150,92.592592593,100.000000000
nuscenes,scene-0103_015,yaw,3.000000000,deg,14,Car,19.294264273,"middle [10,30)",0,0.000000000,23,17,73.913043478,100.000000000
nuscenes,scene-0103_015,lateral,-0.100000000,m,1,Car,11.545523453,"middle [10,30)",0,0.000000000,157,157,100.000000000,100.000000000
nuscenes,scene-0103_015,lateral,-0.100000000,m,9,Car,8.475795246,"near [0,10)",0,0.265186585,162,162,100.000000000,100.000000000
nuscenes,scene-0103_015,lateral,-0.100000000,m,14,Car,19.294264273,"middle [10,30)",0,0.000000000,23,23,100.000000000,100.000000000
nuscenes,scene-0103_015,lateral,-0.050000000,m,1,Car,11.545523453,"middle [10,30)",0,0.000000000,157,157,100.000000000,100.000000000
nuscenes,scene-0103_015,lateral,-0.050000000,m,9,Car,8.475795246,"near [0,10)",0,0.265186585,162,162,100.000000000,100.000000000
nuscenes,scene-0103_015,lateral,-0.050000000,m,14,Car,19.294264273,"middle [10,30)",0,0.000000000,23,23,100.000000000,100.000000000
nuscenes,scene-0103_015,lateral,-0.020000000,m,1,Car,11.545523453,"middle [10,30)",0,0.000000000,157,157,100.000000000,100.000000000
nuscenes,scene-0103_015,lateral,-0.020000000,m,9,Car,8.475795246,"near [0,10)",0,0.265186585,162,162,100.000000000,100.000000000
nuscenes,scene-0103_015,lateral,-0.020000000,m,14,Car,19.294264273,"middle [10,30)",0,0.000000000,23,23,100.000000000,100.000000000
nuscenes,scene-0103_015,lateral,0.000000000,m,1,Car,11.545523453,"middle [10,30)",0,0.000000000,157,157,100.000000000,100.000000000
nuscenes,scene-0103_015,lateral,0.000000000,m,9,Car,8.475795246,"near [0,10)",0,0.265186585,162,162,100.000000000,100.000000000
nuscenes,scene-0103_015,lateral,0.000000000,m,14,Car,19.294264273,"middle [10,30)",0,0.000000000,23,23,100.000000000,100.000000000
nuscenes,scene-0103_015,lateral,0.020000000,m,1,Car,11.545523453,"middle [10,30)",0,0.000000000,157,157,100.000000000,100.000000000
nuscenes,scene-0103_015,lateral,0.020000000,m,9,Car,8.475795246,"near [0,10)",0,0.265186585,162,160,98.765432099,100.000000000
nuscenes,scene-0103_015,lateral,0.020000000,m,14,Car,19.294264273,"middle [10,30)",0,0.000000000,23,23,100.000000000,100.000000000
nuscenes,scene-0103_015,lateral,0.050000000,m,1,Car,11.545523453,"middle [10,30)",0,0.000000000,157,157,100.000000000,100.000000000
nuscenes,scene-0103_015,lateral,0.050000000,m,9,Car,8.475795246,"near [0,10)",0,0.265186585,162,159,98.148148148,100.000000000
nuscenes,scene-0103_015,lateral,0.050000000,m,14,Car,19.294264273,"middle [10,30)",0,0.000000000,23,23,100.000000000,100.000000000
nuscenes,scene-0103_015,lateral,0.100000000,m,1,Car,11.545523453,"middle [10,30)",0,0.000000000,157,157,100.000000000,100.000000000
nuscenes,scene-0103_015,lateral,0.100000000,m,9,Car,8.475795246,"near [0,10)",0,0.265186585,162,154,95.061728395,100.000000000
nuscenes,scene-0103_015,lateral,0.100000000,m,14,Car,19.294264273,"middle [10,30)",0,0.000000000,23,23,100.000000000,100.000000000
nuscenes,scene-0103_016,yaw,-3.000000000,deg,1,Car,11.350096673,"middle [10,30)",0,0.000000000,146,146,100.000000000,100.000000000
nuscenes,scene-0103_016,yaw,-3.000000000,deg,9,Car,7.945600669,"near [0,10)",0,0.431139015,162,120,74.074074074,98.765432099
nuscenes,scene-0103_016,yaw,-2.000000000,deg,1,Car,11.350096673,"middle [10,30)",0,0.000000000,146,146,100.000000000,100.000000000
nuscenes,scene-0103_016,yaw,-2.000000000,deg,9,Car,7.945600669,"near [0,10)",0,0.431139015,162,132,81.481481481,98.765432099
nuscenes,scene-0103_016,yaw,-1.000000000,deg,1,Car,11.350096673,"middle [10,30)",0,0.000000000,146,146,100.000000000,100.000000000
nuscenes,scene-0103_016,yaw,-1.000000000,deg,9,Car,7.945600669,"near [0,10)",0,0.431139015,162,146,90.123456790,98.765432099
nuscenes,scene-0103_016,yaw,-0.500000000,deg,1,Car,11.350096673,"middle [10,30)",0,0.000000000,146,146,100.000000000,100.000000000
nuscenes,scene-0103_016,yaw,-0.500000000,deg,9,Car,7.945600669,"near [0,10)",0,0.431139015,162,153,94.444444444,98.765432099
nuscenes,scene-0103_016,yaw,0.000000000,deg,1,Car,11.350096673,"middle [10,30)",0,0.000000000,146,146,100.000000000,100.000000000
nuscenes,scene-0103_016,yaw,0.000000000,deg,9,Car,7.945600669,"near [0,10)",0,0.431139015,162,160,98.765432099,98.765432099
nuscenes,scene-0103_016,yaw,0.500000000,deg,1,Car,11.350096673,"middle [10,30)",0,0.000000000,146,145,99.315068493,100.000000000
nuscenes,scene-0103_016,yaw,0.500000000,deg,9,Car,7.945600669,"near [0,10)",0,0.431139015,162,162,100.000000000,98.765432099
nuscenes,scene-0103_016,yaw,1.000000000,deg,1,Car,11.350096673,"middle [10,30)",0,0.000000000,146,144,98.630136986,100.000000000
nuscenes,scene-0103_016,yaw,1.000000000,deg,9,Car,7.945600669,"near [0,10)",0,0.431139015,162,162,100.000000000,98.765432099
nuscenes,scene-0103_016,yaw,2.000000000,deg,1,Car,11.350096673,"middle [10,30)",0,0.000000000,146,140,95.890410959,100.000000000
nuscenes,scene-0103_016,yaw,2.000000000,deg,9,Car,7.945600669,"near [0,10)",0,0.431139015,162,154,95.061728395,98.765432099
nuscenes,scene-0103_016,yaw,3.000000000,deg,1,Car,11.350096673,"middle [10,30)",0,0.000000000,146,134,91.780821918,100.000000000
nuscenes,scene-0103_016,yaw,3.000000000,deg,9,Car,7.945600669,"near [0,10)",0,0.431139015,162,145,89.506172840,98.765432099
nuscenes,scene-0103_016,lateral,-0.100000000,m,1,Car,11.350096673,"middle [10,30)",0,0.000000000,146,146,100.000000000,100.000000000
nuscenes,scene-0103_016,lateral,-0.100000000,m,9,Car,7.945600669,"near [0,10)",0,0.431139015,162,162,100.000000000,98.765432099
nuscenes,scene-0103_016,lateral,-0.050000000,m,1,Car,11.350096673,"middle [10,30)",0,0.000000000,146,146,100.000000000,100.000000000
nuscenes,scene-0103_016,lateral,-0.050000000,m,9,Car,7.945600669,"near [0,10)",0,0.431139015,162,162,100.000000000,98.765432099
nuscenes,scene-0103_016,lateral,-0.020000000,m,1,Car,11.350096673,"middle [10,30)",0,0.000000000,146,146,100.000000000,100.000000000
nuscenes,scene-0103_016,lateral,-0.020000000,m,9,Car,7.945600669,"near [0,10)",0,0.431139015,162,162,100.000000000,98.765432099
nuscenes,scene-0103_016,lateral,0.000000000,m,1,Car,11.350096673,"middle [10,30)",0,0.000000000,146,146,100.000000000,100.000000000
nuscenes,scene-0103_016,lateral,0.000000000,m,9,Car,7.945600669,"near [0,10)",0,0.431139015,162,160,98.765432099,98.765432099
nuscenes,scene-0103_016,lateral,0.020000000,m,1,Car,11.350096673,"middle [10,30)",0,0.000000000,146,146,100.000000000,100.000000000
nuscenes,scene-0103_016,lateral,0.020000000,m,9,Car,7.945600669,"near [0,10)",0,0.431139015,162,158,97.530864198,98.765432099
nuscenes,scene-0103_016,lateral,0.050000000,m,1,Car,11.350096673,"middle [10,30)",0,0.000000000,146,146,100.000000000,100.000000000
nuscenes,scene-0103_016,lateral,0.050000000,m,9,Car,7.945600669,"near [0,10)",0,0.431139015,162,157,96.913580247,98.765432099
nuscenes,scene-0103_016,lateral,0.100000000,m,1,Car,11.350096673,"middle [10,30)",0,0.000000000,146,146,100.000000000,100.000000000
nuscenes,scene-0103_016,lateral,0.100000000,m,9,Car,7.945600669,"near [0,10)",0,0.431139015,162,153,94.444444444,98.765432099
nuscenes,scene-0103_017,yaw,-3.000000000,deg,2,Car,11.826236109,"middle [10,30)",0,0.000000000,113,113,100.000000000,100.000000000
nuscenes,scene-0103_017,yaw,-3.000000000,deg,9,Car,20.269227330,"middle [10,30)",2,0.000000000,27,26,96.296296296,100.000000000
nuscenes,scene-0103_017,yaw,-3.000000000,deg,12,Car,7.205027675,"near [0,10)",0,0.551948037,141,86,60.992907801,99.290780142
nuscenes,scene-0103_017,yaw,-2.000000000,deg,2,Car,11.826236109,"middle [10,30)",0,0.000000000,113,113,100.000000000,100.000000000
nuscenes,scene-0103_017,yaw,-2.000000000,deg,9,Car,20.269227330,"middle [10,30)",2,0.000000000,27,27,100.000000000,100.000000000
nuscenes,scene-0103_017,yaw,-2.000000000,deg,12,Car,7.205027675,"near [0,10)",0,0.551948037,141,103,73.049645390,99.290780142
nuscenes,scene-0103_017,yaw,-1.000000000,deg,2,Car,11.826236109,"middle [10,30)",0,0.000000000,113,113,100.000000000,100.000000000
nuscenes,scene-0103_017,yaw,-1.000000000,deg,9,Car,20.269227330,"middle [10,30)",2,0.000000000,27,27,100.000000000,100.000000000
nuscenes,scene-0103_017,yaw,-1.000000000,deg,12,Car,7.205027675,"near [0,10)",0,0.551948037,141,123,87.234042553,99.290780142
nuscenes,scene-0103_017,yaw,-0.500000000,deg,2,Car,11.826236109,"middle [10,30)",0,0.000000000,113,113,100.000000000,100.000000000
nuscenes,scene-0103_017,yaw,-0.500000000,deg,9,Car,20.269227330,"middle [10,30)",2,0.000000000,27,27,100.000000000,100.000000000
nuscenes,scene-0103_017,yaw,-0.500000000,deg,12,Car,7.205027675,"near [0,10)",0,0.551948037,141,129,91.489361702,99.290780142
nuscenes,scene-0103_017,yaw,0.000000000,deg,2,Car,11.826236109,"middle [10,30)",0,0.000000000,113,113,100.000000000,100.000000000
nuscenes,scene-0103_017,yaw,0.000000000,deg,9,Car,20.269227330,"middle [10,30)",2,0.000000000,27,27,100.000000000,100.000000000
nuscenes,scene-0103_017,yaw,0.000000000,deg,12,Car,7.205027675,"near [0,10)",0,0.551948037,141,140,99.290780142,99.290780142
nuscenes,scene-0103_017,yaw,0.500000000,deg,2,Car,11.826236109,"middle [10,30)",0,0.000000000,113,113,100.000000000,100.000000000
nuscenes,scene-0103_017,yaw,0.500000000,deg,9,Car,20.269227330,"middle [10,30)",2,0.000000000,27,27,100.000000000,100.000000000
nuscenes,scene-0103_017,yaw,0.500000000,deg,12,Car,7.205027675,"near [0,10)",0,0.551948037,141,141,100.000000000,99.290780142
nuscenes,scene-0103_017,yaw,1.000000000,deg,2,Car,11.826236109,"middle [10,30)",0,0.000000000,113,113,100.000000000,100.000000000
nuscenes,scene-0103_017,yaw,1.000000000,deg,9,Car,20.269227330,"middle [10,30)",2,0.000000000,27,26,96.296296296,100.000000000
nuscenes,scene-0103_017,yaw,1.000000000,deg,12,Car,7.205027675,"near [0,10)",0,0.551948037,141,141,100.000000000,99.290780142
nuscenes,scene-0103_017,yaw,2.000000000,deg,2,Car,11.826236109,"middle [10,30)",0,0.000000000,113,110,97.345132743,100.000000000
nuscenes,scene-0103_017,yaw,2.000000000,deg,9,Car,20.269227330,"middle [10,30)",2,0.000000000,27,21,77.777777778,100.000000000
nuscenes,scene-0103_017,yaw,2.000000000,deg,12,Car,7.205027675,"near [0,10)",0,0.551948037,141,135,95.744680851,99.290780142
nuscenes,scene-0103_017,yaw,3.000000000,deg,2,Car,11.826236109,"middle [10,30)",0,0.000000000,113,108,95.575221239,100.000000000
nuscenes,scene-0103_017,yaw,3.000000000,deg,9,Car,20.269227330,"middle [10,30)",2,0.000000000,27,15,55.555555556,100.000000000
nuscenes,scene-0103_017,yaw,3.000000000,deg,12,Car,7.205027675,"near [0,10)",0,0.551948037,141,127,90.070921986,99.290780142
nuscenes,scene-0103_017,lateral,-0.100000000,m,2,Car,11.826236109,"middle [10,30)",0,0.000000000,113,113,100.000000000,100.000000000
nuscenes,scene-0103_017,lateral,-0.100000000,m,9,Car,20.269227330,"middle [10,30)",2,0.000000000,27,27,100.000000000,100.000000000
nuscenes,scene-0103_017,lateral,-0.100000000,m,12,Car,7.205027675,"near [0,10)",0,0.551948037,141,141,100.000000000,99.290780142
nuscenes,scene-0103_017,lateral,-0.050000000,m,2,Car,11.826236109,"middle [10,30)",0,0.000000000,113,113,100.000000000,100.000000000
nuscenes,scene-0103_017,lateral,-0.050000000,m,9,Car,20.269227330,"middle [10,30)",2,0.000000000,27,27,100.000000000,100.000000000
nuscenes,scene-0103_017,lateral,-0.050000000,m,12,Car,7.205027675,"near [0,10)",0,0.551948037,141,141,100.000000000,99.290780142
nuscenes,scene-0103_017,lateral,-0.020000000,m,2,Car,11.826236109,"middle [10,30)",0,0.000000000,113,113,100.000000000,100.000000000
nuscenes,scene-0103_017,lateral,-0.020000000,m,9,Car,20.269227330,"middle [10,30)",2,0.000000000,27,27,100.000000000,100.000000000
nuscenes,scene-0103_017,lateral,-0.020000000,m,12,Car,7.205027675,"near [0,10)",0,0.551948037,141,141,100.000000000,99.290780142
nuscenes,scene-0103_017,lateral,0.000000000,m,2,Car,11.826236109,"middle [10,30)",0,0.000000000,113,113,100.000000000,100.000000000
nuscenes,scene-0103_017,lateral,0.000000000,m,9,Car,20.269227330,"middle [10,30)",2,0.000000000,27,27,100.000000000,100.000000000
nuscenes,scene-0103_017,lateral,0.000000000,m,12,Car,7.205027675,"near [0,10)",0,0.551948037,141,140,99.290780142,99.290780142
nuscenes,scene-0103_017,lateral,0.020000000,m,2,Car,11.826236109,"middle [10,30)",0,0.000000000,113,113,100.000000000,100.000000000
nuscenes,scene-0103_017,lateral,0.020000000,m,9,Car,20.269227330,"middle [10,30)",2,0.000000000,27,27,100.000000000,100.000000000
nuscenes,scene-0103_017,lateral,0.020000000,m,12,Car,7.205027675,"near [0,10)",0,0.551948037,141,138,97.872340426,99.290780142
nuscenes,scene-0103_017,lateral,0.050000000,m,2,Car,11.826236109,"middle [10,30)",0,0.000000000,113,113,100.000000000,100.000000000
nuscenes,scene-0103_017,lateral,0.050000000,m,9,Car,20.269227330,"middle [10,30)",2,0.000000000,27,27,100.000000000,100.000000000
nuscenes,scene-0103_017,lateral,0.050000000,m,12,Car,7.205027675,"near [0,10)",0,0.551948037,141,134,95.035460993,99.290780142
nuscenes,scene-0103_017,lateral,0.100000000,m,2,Car,11.826236109,"middle [10,30)",0,0.000000000,113,113,100.000000000,100.000000000
nuscenes,scene-0103_017,lateral,0.100000000,m,9,Car,20.269227330,"middle [10,30)",2,0.000000000,27,27,100.000000000,100.000000000
nuscenes,scene-0103_017,lateral,0.100000000,m,12,Car,7.205027675,"near [0,10)",0,0.551948037,141,129,91.489361702,99.290780142
nuscenes,scene-0103_018,yaw,-3.000000000,deg,2,Car,12.177914185,"middle [10,30)",0,0.000000000,102,99,97.058823529,100.000000000
nuscenes,scene-0103_018,yaw,-3.000000000,deg,9,Car,19.797970946,"middle [10,30)",0,0.000000000,38,24,63.157894737,100.000000000
nuscenes,scene-0103_018,yaw,-3.000000000,deg,12,Car,7.032533310,"near [0,10)",0,0.672205103,143,81,56.643356643,100.000000000
nuscenes,scene-0103_018,yaw,-3.000000000,deg,18,Car,15.521177382,"middle [10,30)",2,0.000000000,32,32,100.000000000,100.000000000
nuscenes,scene-0103_018,yaw,-2.000000000,deg,2,Car,12.177914185,"middle [10,30)",0,0.000000000,102,102,100.000000000,100.000000000
nuscenes,scene-0103_018,yaw,-2.000000000,deg,9,Car,19.797970946,"middle [10,30)",0,0.000000000,38,30,78.947368421,100.000000000
nuscenes,scene-0103_018,yaw,-2.000000000,deg,12,Car,7.032533310,"near [0,10)",0,0.672205103,143,101,70.629370629,100.000000000
nuscenes,scene-0103_018,yaw,-2.000000000,deg,18,Car,15.521177382,"middle [10,30)",2,0.000000000,32,32,100.000000000,100.000000000
nuscenes,scene-0103_018,yaw,-1.000000000,deg,2,Car,12.177914185,"middle [10,30)",0,0.000000000,102,102,100.000000000,100.000000000
nuscenes,scene-0103_018,yaw,-1.000000000,deg,9,Car,19.797970946,"middle [10,30)",0,0.000000000,38,37,97.368421053,100.000000000
nuscenes,scene-0103_018,yaw,-1.000000000,deg,12,Car,7.032533310,"near [0,10)",0,0.672205103,143,121,84.615384615,100.000000000
nuscenes,scene-0103_018,yaw,-1.000000000,deg,18,Car,15.521177382,"middle [10,30)",2,0.000000000,32,32,100.000000000,100.000000000
nuscenes,scene-0103_018,yaw,-0.500000000,deg,2,Car,12.177914185,"middle [10,30)",0,0.000000000,102,102,100.000000000,100.000000000
nuscenes,scene-0103_018,yaw,-0.500000000,deg,9,Car,19.797970946,"middle [10,30)",0,0.000000000,38,38,100.000000000,100.000000000
nuscenes,scene-0103_018,yaw,-0.500000000,deg,12,Car,7.032533310,"near [0,10)",0,0.672205103,143,130,90.909090909,100.000000000
nuscenes,scene-0103_018,yaw,-0.500000000,deg,18,Car,15.521177382,"middle [10,30)",2,0.000000000,32,32,100.000000000,100.000000000
nuscenes,scene-0103_018,yaw,0.000000000,deg,2,Car,12.177914185,"middle [10,30)",0,0.000000000,102,102,100.000000000,100.000000000
nuscenes,scene-0103_018,yaw,0.000000000,deg,9,Car,19.797970946,"middle [10,30)",0,0.000000000,38,38,100.000000000,100.000000000
nuscenes,scene-0103_018,yaw,0.000000000,deg,12,Car,7.032533310,"near [0,10)",0,0.672205103,143,143,100.000000000,100.000000000
nuscenes,scene-0103_018,yaw,0.000000000,deg,18,Car,15.521177382,"middle [10,30)",2,0.000000000,32,32,100.000000000,100.000000000
nuscenes,scene-0103_018,yaw,0.500000000,deg,2,Car,12.177914185,"middle [10,30)",0,0.000000000,102,102,100.000000000,100.000000000
nuscenes,scene-0103_018,yaw,0.500000000,deg,9,Car,19.797970946,"middle [10,30)",0,0.000000000,38,38,100.000000000,100.000000000
nuscenes,scene-0103_018,yaw,0.500000000,deg,12,Car,7.032533310,"near [0,10)",0,0.672205103,143,143,100.000000000,100.000000000
nuscenes,scene-0103_018,yaw,0.500000000,deg,18,Car,15.521177382,"middle [10,30)",2,0.000000000,32,32,100.000000000,100.000000000
nuscenes,scene-0103_018,yaw,1.000000000,deg,2,Car,12.177914185,"middle [10,30)",0,0.000000000,102,102,100.000000000,100.000000000
nuscenes,scene-0103_018,yaw,1.000000000,deg,9,Car,19.797970946,"middle [10,30)",0,0.000000000,38,37,97.368421053,100.000000000
nuscenes,scene-0103_018,yaw,1.000000000,deg,12,Car,7.032533310,"near [0,10)",0,0.672205103,143,143,100.000000000,100.000000000
nuscenes,scene-0103_018,yaw,1.000000000,deg,18,Car,15.521177382,"middle [10,30)",2,0.000000000,32,31,96.875000000,100.000000000
nuscenes,scene-0103_018,yaw,2.000000000,deg,2,Car,12.177914185,"middle [10,30)",0,0.000000000,102,98,96.078431373,100.000000000
nuscenes,scene-0103_018,yaw,2.000000000,deg,9,Car,19.797970946,"middle [10,30)",0,0.000000000,38,34,89.473684211,100.000000000
nuscenes,scene-0103_018,yaw,2.000000000,deg,12,Car,7.032533310,"near [0,10)",0,0.672205103,143,135,94.405594406,100.000000000
nuscenes,scene-0103_018,yaw,2.000000000,deg,18,Car,15.521177382,"middle [10,30)",2,0.000000000,32,26,81.250000000,100.000000000
nuscenes,scene-0103_018,yaw,3.000000000,deg,2,Car,12.177914185,"middle [10,30)",0,0.000000000,102,92,90.196078431,100.000000000
nuscenes,scene-0103_018,yaw,3.000000000,deg,9,Car,19.797970946,"middle [10,30)",0,0.000000000,38,30,78.947368421,100.000000000
nuscenes,scene-0103_018,yaw,3.000000000,deg,12,Car,7.032533310,"near [0,10)",0,0.672205103,143,123,86.013986014,100.000000000
nuscenes,scene-0103_018,yaw,3.000000000,deg,18,Car,15.521177382,"middle [10,30)",2,0.000000000,32,20,62.500000000,100.000000000
nuscenes,scene-0103_018,lateral,-0.100000000,m,2,Car,12.177914185,"middle [10,30)",0,0.000000000,102,102,100.000000000,100.000000000
nuscenes,scene-0103_018,lateral,-0.100000000,m,9,Car,19.797970946,"middle [10,30)",0,0.000000000,38,38,100.000000000,100.000000000
nuscenes,scene-0103_018,lateral,-0.100000000,m,12,Car,7.032533310,"near [0,10)",0,0.672205103,143,143,100.000000000,100.000000000
nuscenes,scene-0103_018,lateral,-0.100000000,m,18,Car,15.521177382,"middle [10,30)",2,0.000000000,32,32,100.000000000,100.000000000
nuscenes,scene-0103_018,lateral,-0.050000000,m,2,Car,12.177914185,"middle [10,30)",0,0.000000000,102,102,100.000000000,100.000000000
nuscenes,scene-0103_018,lateral,-0.050000000,m,9,Car,19.797970946,"middle [10,30)",0,0.000000000,38,38,100.000000000,100.000000000
nuscenes,scene-0103_018,lateral,-0.050000000,m,12,Car,7.032533310,"near [0,10)",0,0.672205103,143,143,100.000000000,100.000000000
nuscenes,scene-0103_018,lateral,-0.050000000,m,18,Car,15.521177382,"middle [10,30)",2,0.000000000,32,32,100.000000000,100.000000000
nuscenes,scene-0103_018,lateral,-0.020000000,m,2,Car,12.177914185,"middle [10,30)",0,0.000000000,102,102,100.000000000,100.000000000
nuscenes,scene-0103_018,lateral,-0.020000000,m,9,Car,19.797970946,"middle [10,30)",0,0.000000000,38,38,100.000000000,100.000000000
nuscenes,scene-0103_018,lateral,-0.020000000,m,12,Car,7.032533310,"near [0,10)",0,0.672205103,143,143,100.000000000,100.000000000
nuscenes,scene-0103_018,lateral,-0.020000000,m,18,Car,15.521177382,"middle [10,30)",2,0.000000000,32,32,100.000000000,100.000000000
nuscenes,scene-0103_018,lateral,0.000000000,m,2,Car,12.177914185,"middle [10,30)",0,0.000000000,102,102,100.000000000,100.000000000
nuscenes,scene-0103_018,lateral,0.000000000,m,9,Car,19.797970946,"middle [10,30)",0,0.000000000,38,38,100.000000000,100.000000000
nuscenes,scene-0103_018,lateral,0.000000000,m,12,Car,7.032533310,"near [0,10)",0,0.672205103,143,143,100.000000000,100.000000000
nuscenes,scene-0103_018,lateral,0.000000000,m,18,Car,15.521177382,"middle [10,30)",2,0.000000000,32,32,100.000000000,100.000000000
nuscenes,scene-0103_018,lateral,0.020000000,m,2,Car,12.177914185,"middle [10,30)",0,0.000000000,102,102,100.000000000,100.000000000
nuscenes,scene-0103_018,lateral,0.020000000,m,9,Car,19.797970946,"middle [10,30)",0,0.000000000,38,38,100.000000000,100.000000000
nuscenes,scene-0103_018,lateral,0.020000000,m,12,Car,7.032533310,"near [0,10)",0,0.672205103,143,139,97.202797203,100.000000000
nuscenes,scene-0103_018,lateral,0.020000000,m,18,Car,15.521177382,"middle [10,30)",2,0.000000000,32,32,100.000000000,100.000000000
nuscenes,scene-0103_018,lateral,0.050000000,m,2,Car,12.177914185,"middle [10,30)",0,0.000000000,102,102,100.000000000,100.000000000
nuscenes,scene-0103_018,lateral,0.050000000,m,9,Car,19.797970946,"middle [10,30)",0,0.000000000,38,38,100.000000000,100.000000000
nuscenes,scene-0103_018,lateral,0.050000000,m,12,Car,7.032533310,"near [0,10)",0,0.672205103,143,137,95.804195804,100.000000000
nuscenes,scene-0103_018,lateral,0.050000000,m,18,Car,15.521177382,"middle [10,30)",2,0.000000000,32,32,100.000000000,100.000000000
nuscenes,scene-0103_018,lateral,0.100000000,m,2,Car,12.177914185,"middle [10,30)",0,0.000000000,102,102,100.000000000,100.000000000
nuscenes,scene-0103_018,lateral,0.100000000,m,9,Car,19.797970946,"middle [10,30)",0,0.000000000,38,38,100.000000000,100.000000000
nuscenes,scene-0103_018,lateral,0.100000000,m,12,Car,7.032533310,"near [0,10)",0,0.672205103,143,129,90.209790210,100.000000000
nuscenes,scene-0103_018,lateral,0.100000000,m,18,Car,15.521177382,"middle [10,30)",2,0.000000000,32,32,100.000000000,100.000000000
nuscenes,scene-0103_019,yaw,-3.000000000,deg,2,Car,13.623419584,"middle [10,30)",0,0.000000000,53,49,92.452830189,100.000000000
nuscenes,scene-0103_019,yaw,-3.000000000,deg,10,Car,18.932447234,"middle [10,30)",2,0.000000000,31,23,74.193548387,100.000000000
nuscenes,scene-0103_019,yaw,-3.000000000,deg,13,Car,6.699231410,"near [0,10)",0,0.817808445,79,42,53.164556962,98.734177215
nuscenes,scene-0103_019,yaw,-3.000000000,deg,19,Car,14.575292580,"middle [10,30)",0,0.000000000,73,60,82.191780822,100.000000000
nuscenes,scene-0103_019,yaw,-2.000000000,deg,2,Car,13.623419584,"middle [10,30)",0,0.000000000,53,53,100.000000000,100.000000000
nuscenes,scene-0103_019,yaw,-2.000000000,deg,10,Car,18.932447234,"middle [10,30)",2,0.000000000,31,28,90.322580645,100.000000000
nuscenes,scene-0103_019,yaw,-2.000000000,deg,13,Car,6.699231410,"near [0,10)",0,0.817808445,79,54,68.354430380,98.734177215
nuscenes,scene-0103_019,yaw,-2.000000000,deg,19,Car,14.575292580,"middle [10,30)",0,0.000000000,73,67,91.780821918,100.000000000
nuscenes,scene-0103_019,yaw,-1.000000000,deg,2,Car,13.623419584,"middle [10,30)",0,0.000000000,53,53,100.000000000,100.000000000
nuscenes,scene-0103_019,yaw,-1.000000000,deg,10,Car,18.932447234,"middle [10,30)",2,0.000000000,31,30,96.774193548,100.000000000
nuscenes,scene-0103_019,yaw,-1.000000000,deg,13,Car,6.699231410,"near [0,10)",0,0.817808445,79,65,82.278481013,98.734177215
nuscenes,scene-0103_019,yaw,-1.000000000,deg,19,Car,14.575292580,"middle [10,30)",0,0.000000000,73,71,97.260273973,100.000000000
nuscenes,scene-0103_019,yaw,-0.500000000,deg,2,Car,13.623419584,"middle [10,30)",0,0.000000000,53,53,100.000000000,100.000000000
nuscenes,scene-0103_019,yaw,-0.500000000,deg,10,Car,18.932447234,"middle [10,30)",2,0.000000000,31,31,100.000000000,100.000000000
nuscenes,scene-0103_019,yaw,-0.500000000,deg,13,Car,6.699231410,"near [0,10)",0,0.817808445,79,69,87.341772152,98.734177215
nuscenes,scene-0103_019,yaw,-0.500000000,deg,19,Car,14.575292580,"middle [10,30)",0,0.000000000,73,72,98.630136986,100.000000000
nuscenes,scene-0103_019,yaw,0.000000000,deg,2,Car,13.623419584,"middle [10,30)",0,0.000000000,53,53,100.000000000,100.000000000
nuscenes,scene-0103_019,yaw,0.000000000,deg,10,Car,18.932447234,"middle [10,30)",2,0.000000000,31,31,100.000000000,100.000000000
nuscenes,scene-0103_019,yaw,0.000000000,deg,13,Car,6.699231410,"near [0,10)",0,0.817808445,79,78,98.734177215,98.734177215
nuscenes,scene-0103_019,yaw,0.000000000,deg,19,Car,14.575292580,"middle [10,30)",0,0.000000000,73,73,100.000000000,100.000000000
nuscenes,scene-0103_019,yaw,0.500000000,deg,2,Car,13.623419584,"middle [10,30)",0,0.000000000,53,53,100.000000000,100.000000000
nuscenes,scene-0103_019,yaw,0.500000000,deg,10,Car,18.932447234,"middle [10,30)",2,0.000000000,31,31,100.000000000,100.000000000
nuscenes,scene-0103_019,yaw,0.500000000,deg,13,Car,6.699231410,"near [0,10)",0,0.817808445,79,79,100.000000000,98.734177215
nuscenes,scene-0103_019,yaw,0.500000000,deg,19,Car,14.575292580,"middle [10,30)",0,0.000000000,73,73,100.000000000,100.000000000
nuscenes,scene-0103_019,yaw,1.000000000,deg,2,Car,13.623419584,"middle [10,30)",0,0.000000000,53,52,98.113207547,100.000000000
nuscenes,scene-0103_019,yaw,1.000000000,deg,10,Car,18.932447234,"middle [10,30)",2,0.000000000,31,30,96.774193548,100.000000000
nuscenes,scene-0103_019,yaw,1.000000000,deg,13,Car,6.699231410,"near [0,10)",0,0.817808445,79,79,100.000000000,98.734177215
nuscenes,scene-0103_019,yaw,1.000000000,deg,19,Car,14.575292580,"middle [10,30)",0,0.000000000,73,73,100.000000000,100.000000000
nuscenes,scene-0103_019,yaw,2.000000000,deg,2,Car,13.623419584,"middle [10,30)",0,0.000000000,53,50,94.339622642,100.000000000
nuscenes,scene-0103_019,yaw,2.000000000,deg,10,Car,18.932447234,"middle [10,30)",2,0.000000000,31,26,83.870967742,100.000000000
nuscenes,scene-0103_019,yaw,2.000000000,deg,13,Car,6.699231410,"near [0,10)",0,0.817808445,79,74,93.670886076,98.734177215
nuscenes,scene-0103_019,yaw,2.000000000,deg,19,Car,14.575292580,"middle [10,30)",0,0.000000000,73,69,94.520547945,100.000000000
nuscenes,scene-0103_019,yaw,3.000000000,deg,2,Car,13.623419584,"middle [10,30)",0,0.000000000,53,48,90.566037736,100.000000000
nuscenes,scene-0103_019,yaw,3.000000000,deg,10,Car,18.932447234,"middle [10,30)",2,0.000000000,31,26,83.870967742,100.000000000
nuscenes,scene-0103_019,yaw,3.000000000,deg,13,Car,6.699231410,"near [0,10)",0,0.817808445,79,66,83.544303797,98.734177215
nuscenes,scene-0103_019,yaw,3.000000000,deg,19,Car,14.575292580,"middle [10,30)",0,0.000000000,73,65,89.041095890,100.000000000
nuscenes,scene-0103_019,lateral,-0.100000000,m,2,Car,13.623419584,"middle [10,30)",0,0.000000000,53,53,100.000000000,100.000000000
nuscenes,scene-0103_019,lateral,-0.100000000,m,10,Car,18.932447234,"middle [10,30)",2,0.000000000,31,31,100.000000000,100.000000000
nuscenes,scene-0103_019,lateral,-0.100000000,m,13,Car,6.699231410,"near [0,10)",0,0.817808445,79,79,100.000000000,98.734177215
nuscenes,scene-0103_019,lateral,-0.100000000,m,19,Car,14.575292580,"middle [10,30)",0,0.000000000,73,73,100.000000000,100.000000000
nuscenes,scene-0103_019,lateral,-0.050000000,m,2,Car,13.623419584,"middle [10,30)",0,0.000000000,53,53,100.000000000,100.000000000
nuscenes,scene-0103_019,lateral,-0.050000000,m,10,Car,18.932447234,"middle [10,30)",2,0.000000000,31,31,100.000000000,100.000000000
nuscenes,scene-0103_019,lateral,-0.050000000,m,13,Car,6.699231410,"near [0,10)",0,0.817808445,79,79,100.000000000,98.734177215
nuscenes,scene-0103_019,lateral,-0.050000000,m,19,Car,14.575292580,"middle [10,30)",0,0.000000000,73,73,100.000000000,100.000000000
nuscenes,scene-0103_019,lateral,-0.020000000,m,2,Car,13.623419584,"middle [10,30)",0,0.000000000,53,53,100.000000000,100.000000000
nuscenes,scene-0103_019,lateral,-0.020000000,m,10,Car,18.932447234,"middle [10,30)",2,0.000000000,31,31,100.000000000,100.000000000
nuscenes,scene-0103_019,lateral,-0.020000000,m,13,Car,6.699231410,"near [0,10)",0,0.817808445,79,79,100.000000000,98.734177215
nuscenes,scene-0103_019,lateral,-0.020000000,m,19,Car,14.575292580,"middle [10,30)",0,0.000000000,73,73,100.000000000,100.000000000
nuscenes,scene-0103_019,lateral,0.000000000,m,2,Car,13.623419584,"middle [10,30)",0,0.000000000,53,53,100.000000000,100.000000000
nuscenes,scene-0103_019,lateral,0.000000000,m,10,Car,18.932447234,"middle [10,30)",2,0.000000000,31,31,100.000000000,100.000000000
nuscenes,scene-0103_019,lateral,0.000000000,m,13,Car,6.699231410,"near [0,10)",0,0.817808445,79,78,98.734177215,98.734177215
nuscenes,scene-0103_019,lateral,0.000000000,m,19,Car,14.575292580,"middle [10,30)",0,0.000000000,73,73,100.000000000,100.000000000
nuscenes,scene-0103_019,lateral,0.020000000,m,2,Car,13.623419584,"middle [10,30)",0,0.000000000,53,53,100.000000000,100.000000000
nuscenes,scene-0103_019,lateral,0.020000000,m,10,Car,18.932447234,"middle [10,30)",2,0.000000000,31,31,100.000000000,100.000000000
nuscenes,scene-0103_019,lateral,0.020000000,m,13,Car,6.699231410,"near [0,10)",0,0.817808445,79,75,94.936708861,98.734177215
nuscenes,scene-0103_019,lateral,0.020000000,m,19,Car,14.575292580,"middle [10,30)",0,0.000000000,73,73,100.000000000,100.000000000
nuscenes,scene-0103_019,lateral,0.050000000,m,2,Car,13.623419584,"middle [10,30)",0,0.000000000,53,53,100.000000000,100.000000000
nuscenes,scene-0103_019,lateral,0.050000000,m,10,Car,18.932447234,"middle [10,30)",2,0.000000000,31,31,100.000000000,100.000000000
nuscenes,scene-0103_019,lateral,0.050000000,m,13,Car,6.699231410,"near [0,10)",0,0.817808445,79,73,92.405063291,98.734177215
nuscenes,scene-0103_019,lateral,0.050000000,m,19,Car,14.575292580,"middle [10,30)",0,0.000000000,73,73,100.000000000,100.000000000
nuscenes,scene-0103_019,lateral,0.100000000,m,2,Car,13.623419584,"middle [10,30)",0,0.000000000,53,53,100.000000000,100.000000000
nuscenes,scene-0103_019,lateral,0.100000000,m,10,Car,18.932447234,"middle [10,30)",2,0.000000000,31,31,100.000000000,100.000000000
nuscenes,scene-0103_019,lateral,0.100000000,m,13,Car,6.699231410,"near [0,10)",0,0.817808445,79,69,87.341772152,98.734177215
nuscenes,scene-0103_019,lateral,0.100000000,m,19,Car,14.575292580,"middle [10,30)",0,0.000000000,73,73,100.000000000,100.000000000
nuscenes,scene-0103_020,yaw,-3.000000000,deg,2,Car,15.270575668,"middle [10,30)",0,0.000000000,17,9,52.941176471,100.000000000
nuscenes,scene-0103_020,yaw,-3.000000000,deg,10,Car,35.184776124,"far [30,inf)",0,0.000000000,10,0,0.000000000,100.000000000
nuscenes,scene-0103_020,yaw,-3.000000000,deg,12,Car,18.087660057,"middle [10,30)",2,0.000000000,24,23,95.833333333,100.000000000
nuscenes,scene-0103_020,yaw,-3.000000000,deg,15,Car,6.387835099,"near [0,10)",0,0.929867888,54,19,35.185185185,100.000000000
nuscenes,scene-0103_020,yaw,-3.000000000,deg,21,Car,13.315174296,"middle [10,30)",0,0.000000000,120,104,86.666666667,100.000000000
nuscenes,scene-0103_020,yaw,-2.000000000,deg,2,Car,15.270575668,"middle [10,30)",0,0.000000000,17,15,88.235294118,100.000000000
nuscenes,scene-0103_020,yaw,-2.000000000,deg,10,Car,35.184776124,"far [30,inf)",0,0.000000000,10,3,30.000000000,100.000000000
nuscenes,scene-0103_020,yaw,-2.000000000,deg,12,Car,18.087660057,"middle [10,30)",2,0.000000000,24,24,100.000000000,100.000000000
nuscenes,scene-0103_020,yaw,-2.000000000,deg,15,Car,6.387835099,"near [0,10)",0,0.929867888,54,30,55.555555556,100.000000000
nuscenes,scene-0103_020,yaw,-2.000000000,deg,21,Car,13.315174296,"middle [10,30)",0,0.000000000,120,112,93.333333333,100.000000000
nuscenes,scene-0103_020,yaw,-1.000000000,deg,2,Car,15.270575668,"middle [10,30)",0,0.000000000,17,17,100.000000000,100.000000000
nuscenes,scene-0103_020,yaw,-1.000000000,deg,10,Car,35.184776124,"far [30,inf)",0,0.000000000,10,6,60.000000000,100.000000000
nuscenes,scene-0103_020,yaw,-1.000000000,deg,12,Car,18.087660057,"middle [10,30)",2,0.000000000,24,24,100.000000000,100.000000000
nuscenes,scene-0103_020,yaw,-1.000000000,deg,15,Car,6.387835099,"near [0,10)",0,0.929867888,54,41,75.925925926,100.000000000
nuscenes,scene-0103_020,yaw,-1.000000000,deg,21,Car,13.315174296,"middle [10,30)",0,0.000000000,120,119,99.166666667,100.000000000
nuscenes,scene-0103_020,yaw,-0.500000000,deg,2,Car,15.270575668,"middle [10,30)",0,0.000000000,17,17,100.000000000,100.000000000
nuscenes,scene-0103_020,yaw,-0.500000000,deg,10,Car,35.184776124,"far [30,inf)",0,0.000000000,10,9,90.000000000,100.000000000
nuscenes,scene-0103_020,yaw,-0.500000000,deg,12,Car,18.087660057,"middle [10,30)",2,0.000000000,24,24,100.000000000,100.000000000
nuscenes,scene-0103_020,yaw,-0.500000000,deg,15,Car,6.387835099,"near [0,10)",0,0.929867888,54,48,88.888888889,100.000000000
nuscenes,scene-0103_020,yaw,-0.500000000,deg,21,Car,13.315174296,"middle [10,30)",0,0.000000000,120,120,100.000000000,100.000000000
nuscenes,scene-0103_020,yaw,0.000000000,deg,2,Car,15.270575668,"middle [10,30)",0,0.000000000,17,17,100.000000000,100.000000000
nuscenes,scene-0103_020,yaw,0.000000000,deg,10,Car,35.184776124,"far [30,inf)",0,0.000000000,10,10,100.000000000,100.000000000
nuscenes,scene-0103_020,yaw,0.000000000,deg,12,Car,18.087660057,"middle [10,30)",2,0.000000000,24,24,100.000000000,100.000000000
nuscenes,scene-0103_020,yaw,0.000000000,deg,15,Car,6.387835099,"near [0,10)",0,0.929867888,54,54,100.000000000,100.000000000
nuscenes,scene-0103_020,yaw,0.000000000,deg,21,Car,13.315174296,"middle [10,30)",0,0.000000000,120,120,100.000000000,100.000000000
nuscenes,scene-0103_020,yaw,0.500000000,deg,2,Car,15.270575668,"middle [10,30)",0,0.000000000,17,17,100.000000000,100.000000000
nuscenes,scene-0103_020,yaw,0.500000000,deg,10,Car,35.184776124,"far [30,inf)",0,0.000000000,10,9,90.000000000,100.000000000
nuscenes,scene-0103_020,yaw,0.500000000,deg,12,Car,18.087660057,"middle [10,30)",2,0.000000000,24,24,100.000000000,100.000000000
nuscenes,scene-0103_020,yaw,0.500000000,deg,15,Car,6.387835099,"near [0,10)",0,0.929867888,54,54,100.000000000,100.000000000
nuscenes,scene-0103_020,yaw,0.500000000,deg,21,Car,13.315174296,"middle [10,30)",0,0.000000000,120,120,100.000000000,100.000000000
nuscenes,scene-0103_020,yaw,1.000000000,deg,2,Car,15.270575668,"middle [10,30)",0,0.000000000,17,17,100.000000000,100.000000000
nuscenes,scene-0103_020,yaw,1.000000000,deg,10,Car,35.184776124,"far [30,inf)",0,0.000000000,10,7,70.000000000,100.000000000
nuscenes,scene-0103_020,yaw,1.000000000,deg,12,Car,18.087660057,"middle [10,30)",2,0.000000000,24,23,95.833333333,100.000000000
nuscenes,scene-0103_020,yaw,1.000000000,deg,15,Car,6.387835099,"near [0,10)",0,0.929867888,54,54,100.000000000,100.000000000
nuscenes,scene-0103_020,yaw,1.000000000,deg,21,Car,13.315174296,"middle [10,30)",0,0.000000000,120,120,100.000000000,100.000000000
nuscenes,scene-0103_020,yaw,2.000000000,deg,2,Car,15.270575668,"middle [10,30)",0,0.000000000,17,15,88.235294118,100.000000000
nuscenes,scene-0103_020,yaw,2.000000000,deg,10,Car,35.184776124,"far [30,inf)",0,0.000000000,10,4,40.000000000,100.000000000
nuscenes,scene-0103_020,yaw,2.000000000,deg,12,Car,18.087660057,"middle [10,30)",2,0.000000000,24,18,75.000000000,100.000000000
nuscenes,scene-0103_020,yaw,2.000000000,deg,15,Car,6.387835099,"near [0,10)",0,0.929867888,54,49,90.740740741,100.000000000
nuscenes,scene-0103_020,yaw,2.000000000,deg,21,Car,13.315174296,"middle [10,30)",0,0.000000000,120,116,96.666666667,100.000000000
nuscenes,scene-0103_020,yaw,3.000000000,deg,2,Car,15.270575668,"middle [10,30)",0,0.000000000,17,15,88.235294118,100.000000000
nuscenes,scene-0103_020,yaw,3.000000000,deg,10,Car,35.184776124,"far [30,inf)",0,0.000000000,10,0,0.000000000,100.000000000
nuscenes,scene-0103_020,yaw,3.000000000,deg,12,Car,18.087660057,"middle [10,30)",2,0.000000000,24,15,62.500000000,100.000000000
nuscenes,scene-0103_020,yaw,3.000000000,deg,15,Car,6.387835099,"near [0,10)",0,0.929867888,54,40,74.074074074,100.000000000
nuscenes,scene-0103_020,yaw,3.000000000,deg,21,Car,13.315174296,"middle [10,30)",0,0.000000000,120,107,89.166666667,100.000000000
nuscenes,scene-0103_020,lateral,-0.100000000,m,2,Car,15.270575668,"middle [10,30)",0,0.000000000,17,17,100.000000000,100.000000000
nuscenes,scene-0103_020,lateral,-0.100000000,m,10,Car,35.184776124,"far [30,inf)",0,0.000000000,10,10,100.000000000,100.000000000
nuscenes,scene-0103_020,lateral,-0.100000000,m,12,Car,18.087660057,"middle [10,30)",2,0.000000000,24,24,100.000000000,100.000000000
nuscenes,scene-0103_020,lateral,-0.100000000,m,15,Car,6.387835099,"near [0,10)",0,0.929867888,54,54,100.000000000,100.000000000
nuscenes,scene-0103_020,lateral,-0.100000000,m,21,Car,13.315174296,"middle [10,30)",0,0.000000000,120,120,100.000000000,100.000000000
nuscenes,scene-0103_020,lateral,-0.050000000,m,2,Car,15.270575668,"middle [10,30)",0,0.000000000,17,17,100.000000000,100.000000000
nuscenes,scene-0103_020,lateral,-0.050000000,m,10,Car,35.184776124,"far [30,inf)",0,0.000000000,10,10,100.000000000,100.000000000
nuscenes,scene-0103_020,lateral,-0.050000000,m,12,Car,18.087660057,"middle [10,30)",2,0.000000000,24,24,100.000000000,100.000000000
nuscenes,scene-0103_020,lateral,-0.050000000,m,15,Car,6.387835099,"near [0,10)",0,0.929867888,54,54,100.000000000,100.000000000
nuscenes,scene-0103_020,lateral,-0.050000000,m,21,Car,13.315174296,"middle [10,30)",0,0.000000000,120,120,100.000000000,100.000000000
nuscenes,scene-0103_020,lateral,-0.020000000,m,2,Car,15.270575668,"middle [10,30)",0,0.000000000,17,17,100.000000000,100.000000000
nuscenes,scene-0103_020,lateral,-0.020000000,m,10,Car,35.184776124,"far [30,inf)",0,0.000000000,10,10,100.000000000,100.000000000
nuscenes,scene-0103_020,lateral,-0.020000000,m,12,Car,18.087660057,"middle [10,30)",2,0.000000000,24,24,100.000000000,100.000000000
nuscenes,scene-0103_020,lateral,-0.020000000,m,15,Car,6.387835099,"near [0,10)",0,0.929867888,54,54,100.000000000,100.000000000
nuscenes,scene-0103_020,lateral,-0.020000000,m,21,Car,13.315174296,"middle [10,30)",0,0.000000000,120,120,100.000000000,100.000000000
nuscenes,scene-0103_020,lateral,0.000000000,m,2,Car,15.270575668,"middle [10,30)",0,0.000000000,17,17,100.000000000,100.000000000
nuscenes,scene-0103_020,lateral,0.000000000,m,10,Car,35.184776124,"far [30,inf)",0,0.000000000,10,10,100.000000000,100.000000000
nuscenes,scene-0103_020,lateral,0.000000000,m,12,Car,18.087660057,"middle [10,30)",2,0.000000000,24,24,100.000000000,100.000000000
nuscenes,scene-0103_020,lateral,0.000000000,m,15,Car,6.387835099,"near [0,10)",0,0.929867888,54,54,100.000000000,100.000000000
nuscenes,scene-0103_020,lateral,0.000000000,m,21,Car,13.315174296,"middle [10,30)",0,0.000000000,120,120,100.000000000,100.000000000
nuscenes,scene-0103_020,lateral,0.020000000,m,2,Car,15.270575668,"middle [10,30)",0,0.000000000,17,17,100.000000000,100.000000000
nuscenes,scene-0103_020,lateral,0.020000000,m,10,Car,35.184776124,"far [30,inf)",0,0.000000000,10,10,100.000000000,100.000000000
nuscenes,scene-0103_020,lateral,0.020000000,m,12,Car,18.087660057,"middle [10,30)",2,0.000000000,24,24,100.000000000,100.000000000
nuscenes,scene-0103_020,lateral,0.020000000,m,15,Car,6.387835099,"near [0,10)",0,0.929867888,54,53,98.148148148,100.000000000
nuscenes,scene-0103_020,lateral,0.020000000,m,21,Car,13.315174296,"middle [10,30)",0,0.000000000,120,120,100.000000000,100.000000000
nuscenes,scene-0103_020,lateral,0.050000000,m,2,Car,15.270575668,"middle [10,30)",0,0.000000000,17,17,100.000000000,100.000000000
nuscenes,scene-0103_020,lateral,0.050000000,m,10,Car,35.184776124,"far [30,inf)",0,0.000000000,10,10,100.000000000,100.000000000
nuscenes,scene-0103_020,lateral,0.050000000,m,12,Car,18.087660057,"middle [10,30)",2,0.000000000,24,24,100.000000000,100.000000000
nuscenes,scene-0103_020,lateral,0.050000000,m,15,Car,6.387835099,"near [0,10)",0,0.929867888,54,49,90.740740741,100.000000000
nuscenes,scene-0103_020,lateral,0.050000000,m,21,Car,13.315174296,"middle [10,30)",0,0.000000000,120,120,100.000000000,100.000000000
nuscenes,scene-0103_020,lateral,0.100000000,m,2,Car,15.270575668,"middle [10,30)",0,0.000000000,17,17,100.000000000,100.000000000
nuscenes,scene-0103_020,lateral,0.100000000,m,10,Car,35.184776124,"far [30,inf)",0,0.000000000,10,10,100.000000000,100.000000000
nuscenes,scene-0103_020,lateral,0.100000000,m,12,Car,18.087660057,"middle [10,30)",2,0.000000000,24,24,100.000000000,100.000000000
nuscenes,scene-0103_020,lateral,0.100000000,m,15,Car,6.387835099,"near [0,10)",0,0.929867888,54,46,85.185185185,100.000000000
nuscenes,scene-0103_020,lateral,0.100000000,m,21,Car,13.315174296,"middle [10,30)",0,0.000000000,120,120,100.000000000,100.000000000
nuscenes,scene-0103_021,yaw,-3.000000000,deg,2,Car,16.859992684,"middle [10,30)",0,0.000000000,24,10,41.666666667,100.000000000
nuscenes,scene-0103_021,yaw,-3.000000000,deg,10,Car,33.816362992,"far [30,inf)",0,0.000000000,10,0,0.000000000,100.000000000
nuscenes,scene-0103_021,yaw,-3.000000000,deg,12,Car,16.912269655,"middle [10,30)",2,0.000000000,14,9,64.285714286,100.000000000
nuscenes,scene-0103_021,yaw,-3.000000000,deg,13,bicycle_rack,35.985109177,"far [30,inf)",0,0.000000000,11,5,45.454545455,100.000000000
nuscenes,scene-0103_021,yaw,-3.000000000,deg,23,Car,11.879769598,"middle [10,30)",0,0.000000000,154,140,90.909090909,100.000000000
nuscenes,scene-0103_021,yaw,-2.000000000,deg,2,Car,16.859992684,"middle [10,30)",0,0.000000000,24,13,54.166666667,100.000000000
nuscenes,scene-0103_021,yaw,-2.000000000,deg,10,Car,33.816362992,"far [30,inf)",0,0.000000000,10,3,30.000000000,100.000000000
nuscenes,scene-0103_021,yaw,-2.000000000,deg,12,Car,16.912269655,"middle [10,30)",2,0.000000000,14,12,85.714285714,100.000000000
nuscenes,scene-0103_021,yaw,-2.000000000,deg,13,bicycle_rack,35.985109177,"far [30,inf)",0,0.000000000,11,6,54.545454545,100.000000000
nuscenes,scene-0103_021,yaw,-2.000000000,deg,23,Car,11.879769598,"middle [10,30)",0,0.000000000,154,151,98.051948052,100.000000000
nuscenes,scene-0103_021,yaw,-1.000000000,deg,2,Car,16.859992684,"middle [10,30)",0,0.000000000,24,20,83.333333333,100.000000000
nuscenes,scene-0103_021,yaw,-1.000000000,deg,10,Car,33.816362992,"far [30,inf)",0,0.000000000,10,6,60.000000000,100.000000000
nuscenes,scene-0103_021,yaw,-1.000000000,deg,12,Car,16.912269655,"middle [10,30)",2,0.000000000,14,14,100.000000000,100.000000000
nuscenes,scene-0103_021,yaw,-1.000000000,deg,13,bicycle_rack,35.985109177,"far [30,inf)",0,0.000000000,11,9,81.818181818,100.000000000
nuscenes,scene-0103_021,yaw,-1.000000000,deg,23,Car,11.879769598,"middle [10,30)",0,0.000000000,154,154,100.000000000,100.000000000
nuscenes,scene-0103_021,yaw,-0.500000000,deg,2,Car,16.859992684,"middle [10,30)",0,0.000000000,24,23,95.833333333,100.000000000
nuscenes,scene-0103_021,yaw,-0.500000000,deg,10,Car,33.816362992,"far [30,inf)",0,0.000000000,10,9,90.000000000,100.000000000
nuscenes,scene-0103_021,yaw,-0.500000000,deg,12,Car,16.912269655,"middle [10,30)",2,0.000000000,14,14,100.000000000,100.000000000
nuscenes,scene-0103_021,yaw,-0.500000000,deg,13,bicycle_rack,35.985109177,"far [30,inf)",0,0.000000000,11,11,100.000000000,100.000000000
nuscenes,scene-0103_021,yaw,-0.500000000,deg,23,Car,11.879769598,"middle [10,30)",0,0.000000000,154,154,100.000000000,100.000000000
nuscenes,scene-0103_021,yaw,0.000000000,deg,2,Car,16.859992684,"middle [10,30)",0,0.000000000,24,24,100.000000000,100.000000000
nuscenes,scene-0103_021,yaw,0.000000000,deg,10,Car,33.816362992,"far [30,inf)",0,0.000000000,10,10,100.000000000,100.000000000
nuscenes,scene-0103_021,yaw,0.000000000,deg,12,Car,16.912269655,"middle [10,30)",2,0.000000000,14,14,100.000000000,100.000000000
nuscenes,scene-0103_021,yaw,0.000000000,deg,13,bicycle_rack,35.985109177,"far [30,inf)",0,0.000000000,11,11,100.000000000,100.000000000
nuscenes,scene-0103_021,yaw,0.000000000,deg,23,Car,11.879769598,"middle [10,30)",0,0.000000000,154,154,100.000000000,100.000000000
nuscenes,scene-0103_021,yaw,0.500000000,deg,2,Car,16.859992684,"middle [10,30)",0,0.000000000,24,24,100.000000000,100.000000000
nuscenes,scene-0103_021,yaw,0.500000000,deg,10,Car,33.816362992,"far [30,inf)",0,0.000000000,10,9,90.000000000,100.000000000
nuscenes,scene-0103_021,yaw,0.500000000,deg,12,Car,16.912269655,"middle [10,30)",2,0.000000000,14,14,100.000000000,100.000000000
nuscenes,scene-0103_021,yaw,0.500000000,deg,13,bicycle_rack,35.985109177,"far [30,inf)",0,0.000000000,11,11,100.000000000,100.000000000
nuscenes,scene-0103_021,yaw,0.500000000,deg,23,Car,11.879769598,"middle [10,30)",0,0.000000000,154,154,100.000000000,100.000000000
nuscenes,scene-0103_021,yaw,1.000000000,deg,2,Car,16.859992684,"middle [10,30)",0,0.000000000,24,21,87.500000000,100.000000000
nuscenes,scene-0103_021,yaw,1.000000000,deg,10,Car,33.816362992,"far [30,inf)",0,0.000000000,10,7,70.000000000,100.000000000
nuscenes,scene-0103_021,yaw,1.000000000,deg,12,Car,16.912269655,"middle [10,30)",2,0.000000000,14,12,85.714285714,100.000000000
nuscenes,scene-0103_021,yaw,1.000000000,deg,13,bicycle_rack,35.985109177,"far [30,inf)",0,0.000000000,11,11,100.000000000,100.000000000
nuscenes,scene-0103_021,yaw,1.000000000,deg,23,Car,11.879769598,"middle [10,30)",0,0.000000000,154,153,99.350649351,100.000000000
nuscenes,scene-0103_021,yaw,2.000000000,deg,2,Car,16.859992684,"middle [10,30)",0,0.000000000,24,17,70.833333333,100.000000000
nuscenes,scene-0103_021,yaw,2.000000000,deg,10,Car,33.816362992,"far [30,inf)",0,0.000000000,10,4,40.000000000,100.000000000
nuscenes,scene-0103_021,yaw,2.000000000,deg,12,Car,16.912269655,"middle [10,30)",2,0.000000000,14,9,64.285714286,100.000000000
nuscenes,scene-0103_021,yaw,2.000000000,deg,13,bicycle_rack,35.985109177,"far [30,inf)",0,0.000000000,11,11,100.000000000,100.000000000
nuscenes,scene-0103_021,yaw,2.000000000,deg,23,Car,11.879769598,"middle [10,30)",0,0.000000000,154,150,97.402597403,100.000000000
nuscenes,scene-0103_021,yaw,3.000000000,deg,2,Car,16.859992684,"middle [10,30)",0,0.000000000,24,16,66.666666667,100.000000000
nuscenes,scene-0103_021,yaw,3.000000000,deg,10,Car,33.816362992,"far [30,inf)",0,0.000000000,10,0,0.000000000,100.000000000
nuscenes,scene-0103_021,yaw,3.000000000,deg,12,Car,16.912269655,"middle [10,30)",2,0.000000000,14,7,50.000000000,100.000000000
nuscenes,scene-0103_021,yaw,3.000000000,deg,13,bicycle_rack,35.985109177,"far [30,inf)",0,0.000000000,11,10,90.909090909,100.000000000
nuscenes,scene-0103_021,yaw,3.000000000,deg,23,Car,11.879769598,"middle [10,30)",0,0.000000000,154,146,94.805194805,100.000000000
nuscenes,scene-0103_021,lateral,-0.100000000,m,2,Car,16.859992684,"middle [10,30)",0,0.000000000,24,24,100.000000000,100.000000000
nuscenes,scene-0103_021,lateral,-0.100000000,m,10,Car,33.816362992,"far [30,inf)",0,0.000000000,10,10,100.000000000,100.000000000
nuscenes,scene-0103_021,lateral,-0.100000000,m,12,Car,16.912269655,"middle [10,30)",2,0.000000000,14,14,100.000000000,100.000000000
nuscenes,scene-0103_021,lateral,-0.100000000,m,13,bicycle_rack,35.985109177,"far [30,inf)",0,0.000000000,11,11,100.000000000,100.000000000
nuscenes,scene-0103_021,lateral,-0.100000000,m,23,Car,11.879769598,"middle [10,30)",0,0.000000000,154,154,100.000000000,100.000000000
nuscenes,scene-0103_021,lateral,-0.050000000,m,2,Car,16.859992684,"middle [10,30)",0,0.000000000,24,24,100.000000000,100.000000000
nuscenes,scene-0103_021,lateral,-0.050000000,m,10,Car,33.816362992,"far [30,inf)",0,0.000000000,10,10,100.000000000,100.000000000
nuscenes,scene-0103_021,lateral,-0.050000000,m,12,Car,16.912269655,"middle [10,30)",2,0.000000000,14,14,100.000000000,100.000000000
nuscenes,scene-0103_021,lateral,-0.050000000,m,13,bicycle_rack,35.985109177,"far [30,inf)",0,0.000000000,11,11,100.000000000,100.000000000
nuscenes,scene-0103_021,lateral,-0.050000000,m,23,Car,11.879769598,"middle [10,30)",0,0.000000000,154,154,100.000000000,100.000000000
nuscenes,scene-0103_021,lateral,-0.020000000,m,2,Car,16.859992684,"middle [10,30)",0,0.000000000,24,24,100.000000000,100.000000000
nuscenes,scene-0103_021,lateral,-0.020000000,m,10,Car,33.816362992,"far [30,inf)",0,0.000000000,10,10,100.000000000,100.000000000
nuscenes,scene-0103_021,lateral,-0.020000000,m,12,Car,16.912269655,"middle [10,30)",2,0.000000000,14,14,100.000000000,100.000000000
nuscenes,scene-0103_021,lateral,-0.020000000,m,13,bicycle_rack,35.985109177,"far [30,inf)",0,0.000000000,11,11,100.000000000,100.000000000
nuscenes,scene-0103_021,lateral,-0.020000000,m,23,Car,11.879769598,"middle [10,30)",0,0.000000000,154,154,100.000000000,100.000000000
nuscenes,scene-0103_021,lateral,0.000000000,m,2,Car,16.859992684,"middle [10,30)",0,0.000000000,24,24,100.000000000,100.000000000
nuscenes,scene-0103_021,lateral,0.000000000,m,10,Car,33.816362992,"far [30,inf)",0,0.000000000,10,10,100.000000000,100.000000000
nuscenes,scene-0103_021,lateral,0.000000000,m,12,Car,16.912269655,"middle [10,30)",2,0.000000000,14,14,100.000000000,100.000000000
nuscenes,scene-0103_021,lateral,0.000000000,m,13,bicycle_rack,35.985109177,"far [30,inf)",0,0.000000000,11,11,100.000000000,100.000000000
nuscenes,scene-0103_021,lateral,0.000000000,m,23,Car,11.879769598,"middle [10,30)",0,0.000000000,154,154,100.000000000,100.000000000
nuscenes,scene-0103_021,lateral,0.020000000,m,2,Car,16.859992684,"middle [10,30)",0,0.000000000,24,24,100.000000000,100.000000000
nuscenes,scene-0103_021,lateral,0.020000000,m,10,Car,33.816362992,"far [30,inf)",0,0.000000000,10,10,100.000000000,100.000000000
nuscenes,scene-0103_021,lateral,0.020000000,m,12,Car,16.912269655,"middle [10,30)",2,0.000000000,14,14,100.000000000,100.000000000
nuscenes,scene-0103_021,lateral,0.020000000,m,13,bicycle_rack,35.985109177,"far [30,inf)",0,0.000000000,11,11,100.000000000,100.000000000
nuscenes,scene-0103_021,lateral,0.020000000,m,23,Car,11.879769598,"middle [10,30)",0,0.000000000,154,154,100.000000000,100.000000000
nuscenes,scene-0103_021,lateral,0.050000000,m,2,Car,16.859992684,"middle [10,30)",0,0.000000000,24,24,100.000000000,100.000000000
nuscenes,scene-0103_021,lateral,0.050000000,m,10,Car,33.816362992,"far [30,inf)",0,0.000000000,10,10,100.000000000,100.000000000
nuscenes,scene-0103_021,lateral,0.050000000,m,12,Car,16.912269655,"middle [10,30)",2,0.000000000,14,14,100.000000000,100.000000000
nuscenes,scene-0103_021,lateral,0.050000000,m,13,bicycle_rack,35.985109177,"far [30,inf)",0,0.000000000,11,11,100.000000000,100.000000000
nuscenes,scene-0103_021,lateral,0.050000000,m,23,Car,11.879769598,"middle [10,30)",0,0.000000000,154,154,100.000000000,100.000000000
nuscenes,scene-0103_021,lateral,0.100000000,m,2,Car,16.859992684,"middle [10,30)",0,0.000000000,24,24,100.000000000,100.000000000
nuscenes,scene-0103_021,lateral,0.100000000,m,10,Car,33.816362992,"far [30,inf)",0,0.000000000,10,10,100.000000000,100.000000000
nuscenes,scene-0103_021,lateral,0.100000000,m,12,Car,16.912269655,"middle [10,30)",2,0.000000000,14,14,100.000000000,100.000000000
nuscenes,scene-0103_021,lateral,0.100000000,m,13,bicycle_rack,35.985109177,"far [30,inf)",0,0.000000000,11,11,100.000000000,100.000000000
nuscenes,scene-0103_021,lateral,0.100000000,m,23,Car,11.879769598,"middle [10,30)",0,0.000000000,154,154,100.000000000,100.000000000
nuscenes,scene-0103_022,yaw,-3.000000000,deg,10,Car,32.391755963,"far [30,inf)",0,0.000000000,10,0,0.000000000,100.000000000
nuscenes,scene-0103_022,yaw,-3.000000000,deg,13,bicycle_rack,34.527419781,"far [30,inf)",0,0.000000000,16,7,43.750000000,100.000000000
nuscenes,scene-0103_022,yaw,-3.000000000,deg,22,Car,10.373327657,"middle [10,30)",0,0.207188088,163,156,95.705521472,100.000000000
nuscenes,scene-0103_022,yaw,-2.000000000,deg,10,Car,32.391755963,"far [30,inf)",0,0.000000000,10,4,40.000000000,100.000000000
nuscenes,scene-0103_022,yaw,-2.000000000,deg,13,bicycle_rack,34.527419781,"far [30,inf)",0,0.000000000,16,10,62.500000000,100.000000000
nuscenes,scene-0103_022,yaw,-2.000000000,deg,22,Car,10.373327657,"middle [10,30)",0,0.207188088,163,162,99.386503067,100.000000000
nuscenes,scene-0103_022,yaw,-1.000000000,deg,10,Car,32.391755963,"far [30,inf)",0,0.000000000,10,7,70.000000000,100.000000000
nuscenes,scene-0103_022,yaw,-1.000000000,deg,13,bicycle_rack,34.527419781,"far [30,inf)",0,0.000000000,16,12,75.000000000,100.000000000
nuscenes,scene-0103_022,yaw,-1.000000000,deg,22,Car,10.373327657,"middle [10,30)",0,0.207188088,163,163,100.000000000,100.000000000
nuscenes,scene-0103_022,yaw,-0.500000000,deg,10,Car,32.391755963,"far [30,inf)",0,0.000000000,10,9,90.000000000,100.000000000
nuscenes,scene-0103_022,yaw,-0.500000000,deg,13,bicycle_rack,34.527419781,"far [30,inf)",0,0.000000000,16,15,93.750000000,100.000000000
nuscenes,scene-0103_022,yaw,-0.500000000,deg,22,Car,10.373327657,"middle [10,30)",0,0.207188088,163,163,100.000000000,100.000000000
nuscenes,scene-0103_022,yaw,0.000000000,deg,10,Car,32.391755963,"far [30,inf)",0,0.000000000,10,10,100.000000000,100.000000000
nuscenes,scene-0103_022,yaw,0.000000000,deg,13,bicycle_rack,34.527419781,"far [30,inf)",0,0.000000000,16,16,100.000000000,100.000000000
nuscenes,scene-0103_022,yaw,0.000000000,deg,22,Car,10.373327657,"middle [10,30)",0,0.207188088,163,163,100.000000000,100.000000000
nuscenes,scene-0103_022,yaw,0.500000000,deg,10,Car,32.391755963,"far [30,inf)",0,0.000000000,10,10,100.000000000,100.000000000
nuscenes,scene-0103_022,yaw,0.500000000,deg,13,bicycle_rack,34.527419781,"far [30,inf)",0,0.000000000,16,16,100.000000000,100.000000000
nuscenes,scene-0103_022,yaw,0.500000000,deg,22,Car,10.373327657,"middle [10,30)",0,0.207188088,163,159,97.546012270,100.000000000
nuscenes,scene-0103_022,yaw,1.000000000,deg,10,Car,32.391755963,"far [30,inf)",0,0.000000000,10,7,70.000000000,100.000000000
nuscenes,scene-0103_022,yaw,1.000000000,deg,13,bicycle_rack,34.527419781,"far [30,inf)",0,0.000000000,16,16,100.000000000,100.000000000
nuscenes,scene-0103_022,yaw,1.000000000,deg,22,Car,10.373327657,"middle [10,30)",0,0.207188088,163,156,95.705521472,100.000000000
nuscenes,scene-0103_022,yaw,2.000000000,deg,10,Car,32.391755963,"far [30,inf)",0,0.000000000,10,4,40.000000000,100.000000000
nuscenes,scene-0103_022,yaw,2.000000000,deg,13,bicycle_rack,34.527419781,"far [30,inf)",0,0.000000000,16,14,87.500000000,100.000000000
nuscenes,scene-0103_022,yaw,2.000000000,deg,22,Car,10.373327657,"middle [10,30)",0,0.207188088,163,148,90.797546012,100.000000000
nuscenes,scene-0103_022,yaw,3.000000000,deg,10,Car,32.391755963,"far [30,inf)",0,0.000000000,10,0,0.000000000,100.000000000
nuscenes,scene-0103_022,yaw,3.000000000,deg,13,bicycle_rack,34.527419781,"far [30,inf)",0,0.000000000,16,11,68.750000000,100.000000000
nuscenes,scene-0103_022,yaw,3.000000000,deg,22,Car,10.373327657,"middle [10,30)",0,0.207188088,163,139,85.276073620,100.000000000
nuscenes,scene-0103_022,lateral,-0.100000000,m,10,Car,32.391755963,"far [30,inf)",0,0.000000000,10,10,100.000000000,100.000000000
nuscenes,scene-0103_022,lateral,-0.100000000,m,13,bicycle_rack,34.527419781,"far [30,inf)",0,0.000000000,16,16,100.000000000,100.000000000
nuscenes,scene-0103_022,lateral,-0.100000000,m,22,Car,10.373327657,"middle [10,30)",0,0.207188088,163,160,98.159509202,100.000000000
nuscenes,scene-0103_022,lateral,-0.050000000,m,10,Car,32.391755963,"far [30,inf)",0,0.000000000,10,10,100.000000000,100.000000000
nuscenes,scene-0103_022,lateral,-0.050000000,m,13,bicycle_rack,34.527419781,"far [30,inf)",0,0.000000000,16,16,100.000000000,100.000000000
nuscenes,scene-0103_022,lateral,-0.050000000,m,22,Car,10.373327657,"middle [10,30)",0,0.207188088,163,161,98.773006135,100.000000000
nuscenes,scene-0103_022,lateral,-0.020000000,m,10,Car,32.391755963,"far [30,inf)",0,0.000000000,10,10,100.000000000,100.000000000
nuscenes,scene-0103_022,lateral,-0.020000000,m,13,bicycle_rack,34.527419781,"far [30,inf)",0,0.000000000,16,16,100.000000000,100.000000000
nuscenes,scene-0103_022,lateral,-0.020000000,m,22,Car,10.373327657,"middle [10,30)",0,0.207188088,163,162,99.386503067,100.000000000
nuscenes,scene-0103_022,lateral,0.000000000,m,10,Car,32.391755963,"far [30,inf)",0,0.000000000,10,10,100.000000000,100.000000000
nuscenes,scene-0103_022,lateral,0.000000000,m,13,bicycle_rack,34.527419781,"far [30,inf)",0,0.000000000,16,16,100.000000000,100.000000000
nuscenes,scene-0103_022,lateral,0.000000000,m,22,Car,10.373327657,"middle [10,30)",0,0.207188088,163,163,100.000000000,100.000000000
nuscenes,scene-0103_022,lateral,0.020000000,m,10,Car,32.391755963,"far [30,inf)",0,0.000000000,10,10,100.000000000,100.000000000
nuscenes,scene-0103_022,lateral,0.020000000,m,13,bicycle_rack,34.527419781,"far [30,inf)",0,0.000000000,16,16,100.000000000,100.000000000
nuscenes,scene-0103_022,lateral,0.020000000,m,22,Car,10.373327657,"middle [10,30)",0,0.207188088,163,163,100.000000000,100.000000000
nuscenes,scene-0103_022,lateral,0.050000000,m,10,Car,32.391755963,"far [30,inf)",0,0.000000000,10,10,100.000000000,100.000000000
nuscenes,scene-0103_022,lateral,0.050000000,m,13,bicycle_rack,34.527419781,"far [30,inf)",0,0.000000000,16,16,100.000000000,100.000000000
nuscenes,scene-0103_022,lateral,0.050000000,m,22,Car,10.373327657,"middle [10,30)",0,0.207188088,163,163,100.000000000,100.000000000
nuscenes,scene-0103_022,lateral,0.100000000,m,10,Car,32.391755963,"far [30,inf)",0,0.000000000,10,10,100.000000000,100.000000000
nuscenes,scene-0103_022,lateral,0.100000000,m,13,bicycle_rack,34.527419781,"far [30,inf)",0,0.000000000,16,16,100.000000000,100.000000000
nuscenes,scene-0103_022,lateral,0.100000000,m,22,Car,10.373327657,"middle [10,30)",0,0.207188088,163,163,100.000000000,100.000000000
nuscenes,scene-0103_023,yaw,-3.000000000,deg,2,Car,21.317843763,"middle [10,30)",0,0.000000000,10,5,50.000000000,100.000000000
nuscenes,scene-0103_023,yaw,-3.000000000,deg,10,Car,30.743395044,"far [30,inf)",0,0.000000000,10,0,0.000000000,100.000000000
nuscenes,scene-0103_023,yaw,-3.000000000,deg,13,bicycle_rack,36.211569432,"far [30,inf)",0,0.000000000,12,4,33.333333333,100.000000000
nuscenes,scene-0103_023,yaw,-3.000000000,deg,22,Car,9.108752061,"near [0,10)",0,0.504259031,181,172,95.027624309,100.000000000
nuscenes,scene-0103_023,yaw,-2.000000000,deg,2,Car,21.317843763,"middle [10,30)",0,0.000000000,10,5,50.000000000,100.000000000
nuscenes,scene-0103_023,yaw,-2.000000000,deg,10,Car,30.743395044,"far [30,inf)",0,0.000000000,10,4,40.000000000,100.000000000
nuscenes,scene-0103_023,yaw,-2.000000000,deg,13,bicycle_rack,36.211569432,"far [30,inf)",0,0.000000000,12,6,50.000000000,100.000000000
nuscenes,scene-0103_023,yaw,-2.000000000,deg,22,Car,9.108752061,"near [0,10)",0,0.504259031,181,179,98.895027624,100.000000000
nuscenes,scene-0103_023,yaw,-1.000000000,deg,2,Car,21.317843763,"middle [10,30)",0,0.000000000,10,6,60.000000000,100.000000000
nuscenes,scene-0103_023,yaw,-1.000000000,deg,10,Car,30.743395044,"far [30,inf)",0,0.000000000,10,7,70.000000000,100.000000000
nuscenes,scene-0103_023,yaw,-1.000000000,deg,13,bicycle_rack,36.211569432,"far [30,inf)",0,0.000000000,12,8,66.666666667,100.000000000
nuscenes,scene-0103_023,yaw,-1.000000000,deg,22,Car,9.108752061,"near [0,10)",0,0.504259031,181,181,100.000000000,100.000000000
nuscenes,scene-0103_023,yaw,-0.500000000,deg,2,Car,21.317843763,"middle [10,30)",0,0.000000000,10,8,80.000000000,100.000000000
nuscenes,scene-0103_023,yaw,-0.500000000,deg,10,Car,30.743395044,"far [30,inf)",0,0.000000000,10,9,90.000000000,100.000000000
nuscenes,scene-0103_023,yaw,-0.500000000,deg,13,bicycle_rack,36.211569432,"far [30,inf)",0,0.000000000,12,11,91.666666667,100.000000000
nuscenes,scene-0103_023,yaw,-0.500000000,deg,22,Car,9.108752061,"near [0,10)",0,0.504259031,181,181,100.000000000,100.000000000
nuscenes,scene-0103_023,yaw,0.000000000,deg,2,Car,21.317843763,"middle [10,30)",0,0.000000000,10,10,100.000000000,100.000000000
nuscenes,scene-0103_023,yaw,0.000000000,deg,10,Car,30.743395044,"far [30,inf)",0,0.000000000,10,10,100.000000000,100.000000000
nuscenes,scene-0103_023,yaw,0.000000000,deg,13,bicycle_rack,36.211569432,"far [30,inf)",0,0.000000000,12,12,100.000000000,100.000000000
nuscenes,scene-0103_023,yaw,0.000000000,deg,22,Car,9.108752061,"near [0,10)",0,0.504259031,181,181,100.000000000,100.000000000
nuscenes,scene-0103_023,yaw,0.500000000,deg,2,Car,21.317843763,"middle [10,30)",0,0.000000000,10,10,100.000000000,100.000000000
nuscenes,scene-0103_023,yaw,0.500000000,deg,10,Car,30.743395044,"far [30,inf)",0,0.000000000,10,10,100.000000000,100.000000000
nuscenes,scene-0103_023,yaw,0.500000000,deg,13,bicycle_rack,36.211569432,"far [30,inf)",0,0.000000000,12,12,100.000000000,100.000000000
nuscenes,scene-0103_023,yaw,0.500000000,deg,22,Car,9.108752061,"near [0,10)",0,0.504259031,181,171,94.475138122,100.000000000
nuscenes,scene-0103_023,yaw,1.000000000,deg,2,Car,21.317843763,"middle [10,30)",0,0.000000000,10,9,90.000000000,100.000000000
nuscenes,scene-0103_023,yaw,1.000000000,deg,10,Car,30.743395044,"far [30,inf)",0,0.000000000,10,7,70.000000000,100.000000000
nuscenes,scene-0103_023,yaw,1.000000000,deg,13,bicycle_rack,36.211569432,"far [30,inf)",0,0.000000000,12,11,91.666666667,100.000000000
nuscenes,scene-0103_023,yaw,1.000000000,deg,22,Car,9.108752061,"near [0,10)",0,0.504259031,181,164,90.607734807,100.000000000
nuscenes,scene-0103_023,yaw,2.000000000,deg,2,Car,21.317843763,"middle [10,30)",0,0.000000000,10,5,50.000000000,100.000000000
nuscenes,scene-0103_023,yaw,2.000000000,deg,10,Car,30.743395044,"far [30,inf)",0,0.000000000,10,4,40.000000000,100.000000000
nuscenes,scene-0103_023,yaw,2.000000000,deg,13,bicycle_rack,36.211569432,"far [30,inf)",0,0.000000000,12,11,91.666666667,100.000000000
nuscenes,scene-0103_023,yaw,2.000000000,deg,22,Car,9.108752061,"near [0,10)",0,0.504259031,181,145,80.110497238,100.000000000
nuscenes,scene-0103_023,yaw,3.000000000,deg,2,Car,21.317843763,"middle [10,30)",0,0.000000000,10,5,50.000000000,100.000000000
nuscenes,scene-0103_023,yaw,3.000000000,deg,10,Car,30.743395044,"far [30,inf)",0,0.000000000,10,1,10.000000000,100.000000000
nuscenes,scene-0103_023,yaw,3.000000000,deg,13,bicycle_rack,36.211569432,"far [30,inf)",0,0.000000000,12,11,91.666666667,100.000000000
nuscenes,scene-0103_023,yaw,3.000000000,deg,22,Car,9.108752061,"near [0,10)",0,0.504259031,181,127,70.165745856,100.000000000
nuscenes,scene-0103_023,lateral,-0.100000000,m,2,Car,21.317843763,"middle [10,30)",0,0.000000000,10,10,100.000000000,100.000000000
nuscenes,scene-0103_023,lateral,-0.100000000,m,10,Car,30.743395044,"far [30,inf)",0,0.000000000,10,10,100.000000000,100.000000000
nuscenes,scene-0103_023,lateral,-0.100000000,m,13,bicycle_rack,36.211569432,"far [30,inf)",0,0.000000000,12,12,100.000000000,100.000000000
nuscenes,scene-0103_023,lateral,-0.100000000,m,22,Car,9.108752061,"near [0,10)",0,0.504259031,181,172,95.027624309,100.000000000
nuscenes,scene-0103_023,lateral,-0.050000000,m,2,Car,21.317843763,"middle [10,30)",0,0.000000000,10,10,100.000000000,100.000000000
nuscenes,scene-0103_023,lateral,-0.050000000,m,10,Car,30.743395044,"far [30,inf)",0,0.000000000,10,10,100.000000000,100.000000000
nuscenes,scene-0103_023,lateral,-0.050000000,m,13,bicycle_rack,36.211569432,"far [30,inf)",0,0.000000000,12,12,100.000000000,100.000000000
nuscenes,scene-0103_023,lateral,-0.050000000,m,22,Car,9.108752061,"near [0,10)",0,0.504259031,181,175,96.685082873,100.000000000
nuscenes,scene-0103_023,lateral,-0.020000000,m,2,Car,21.317843763,"middle [10,30)",0,0.000000000,10,10,100.000000000,100.000000000
nuscenes,scene-0103_023,lateral,-0.020000000,m,10,Car,30.743395044,"far [30,inf)",0,0.000000000,10,10,100.000000000,100.000000000
nuscenes,scene-0103_023,lateral,-0.020000000,m,13,bicycle_rack,36.211569432,"far [30,inf)",0,0.000000000,12,12,100.000000000,100.000000000
nuscenes,scene-0103_023,lateral,-0.020000000,m,22,Car,9.108752061,"near [0,10)",0,0.504259031,181,179,98.895027624,100.000000000
nuscenes,scene-0103_023,lateral,0.000000000,m,2,Car,21.317843763,"middle [10,30)",0,0.000000000,10,10,100.000000000,100.000000000
nuscenes,scene-0103_023,lateral,0.000000000,m,10,Car,30.743395044,"far [30,inf)",0,0.000000000,10,10,100.000000000,100.000000000
nuscenes,scene-0103_023,lateral,0.000000000,m,13,bicycle_rack,36.211569432,"far [30,inf)",0,0.000000000,12,12,100.000000000,100.000000000
nuscenes,scene-0103_023,lateral,0.000000000,m,22,Car,9.108752061,"near [0,10)",0,0.504259031,181,181,100.000000000,100.000000000
nuscenes,scene-0103_023,lateral,0.020000000,m,2,Car,21.317843763,"middle [10,30)",0,0.000000000,10,10,100.000000000,100.000000000
nuscenes,scene-0103_023,lateral,0.020000000,m,10,Car,30.743395044,"far [30,inf)",0,0.000000000,10,10,100.000000000,100.000000000
nuscenes,scene-0103_023,lateral,0.020000000,m,13,bicycle_rack,36.211569432,"far [30,inf)",0,0.000000000,12,12,100.000000000,100.000000000
nuscenes,scene-0103_023,lateral,0.020000000,m,22,Car,9.108752061,"near [0,10)",0,0.504259031,181,181,100.000000000,100.000000000
nuscenes,scene-0103_023,lateral,0.050000000,m,2,Car,21.317843763,"middle [10,30)",0,0.000000000,10,10,100.000000000,100.000000000
nuscenes,scene-0103_023,lateral,0.050000000,m,10,Car,30.743395044,"far [30,inf)",0,0.000000000,10,10,100.000000000,100.000000000
nuscenes,scene-0103_023,lateral,0.050000000,m,13,bicycle_rack,36.211569432,"far [30,inf)",0,0.000000000,12,12,100.000000000,100.000000000
nuscenes,scene-0103_023,lateral,0.050000000,m,22,Car,9.108752061,"near [0,10)",0,0.504259031,181,181,100.000000000,100.000000000
nuscenes,scene-0103_023,lateral,0.100000000,m,2,Car,21.317843763,"middle [10,30)",0,0.000000000,10,10,100.000000000,100.000000000
nuscenes,scene-0103_023,lateral,0.100000000,m,10,Car,30.743395044,"far [30,inf)",0,0.000000000,10,10,100.000000000,100.000000000
nuscenes,scene-0103_023,lateral,0.100000000,m,13,bicycle_rack,36.211569432,"far [30,inf)",0,0.000000000,12,12,100.000000000,100.000000000
nuscenes,scene-0103_023,lateral,0.100000000,m,22,Car,9.108752061,"near [0,10)",0,0.504259031,181,181,100.000000000,100.000000000
nuscenes,scene-0103_024,yaw,-3.000000000,deg,10,Car,28.881842046,"middle [10,30)",0,0.000000000,10,0,0.000000000,100.000000000
nuscenes,scene-0103_024,yaw,-3.000000000,deg,12,Car,13.534813363,"middle [10,30)",2,0.610227989,10,7,70.000000000,100.000000000
nuscenes,scene-0103_024,yaw,-3.000000000,deg,13,bicycle_rack,29.203007211,"middle [10,30)",0,0.000000000,19,11,57.894736842,100.000000000
nuscenes,scene-0103_024,yaw,-3.000000000,deg,20,Truck,47.640611318,"far [30,inf)",0,0.000000000,10,0,0.000000000,100.000000000
nuscenes,scene-0103_024,yaw,-3.000000000,deg,21,Car,7.764230105,"near [0,10)",0,0.830057092,110,90,81.818181818,100.000000000
nuscenes,scene-0103_024,yaw,-3.000000000,deg,24,Car,17.948413356,"middle [10,30)",0,0.000000000,18,15,83.333333333,100.000000000
nuscenes,scene-0103_024,yaw,-2.000000000,deg,10,Car,28.881842046,"middle [10,30)",0,0.000000000,10,4,40.000000000,100.000000000
nuscenes,scene-0103_024,yaw,-2.000000000,deg,12,Car,13.534813363,"middle [10,30)",2,0.610227989,10,7,70.000000000,100.000000000
nuscenes,scene-0103_024,yaw,-2.000000000,deg,13,bicycle_rack,29.203007211,"middle [10,30)",0,0.000000000,19,13,68.421052632,100.000000000
nuscenes,scene-0103_024,yaw,-2.000000000,deg,20,Truck,47.640611318,"far [30,inf)",0,0.000000000,10,3,30.000000000,100.000000000
nuscenes,scene-0103_024,yaw,-2.000000000,deg,21,Car,7.764230105,"near [0,10)",0,0.830057092,110,102,92.727272727,100.000000000
nuscenes,scene-0103_024,yaw,-2.000000000,deg,24,Car,17.948413356,"middle [10,30)",0,0.000000000,18,16,88.888888889,100.000000000
nuscenes,scene-0103_024,yaw,-1.000000000,deg,10,Car,28.881842046,"middle [10,30)",0,0.000000000,10,7,70.000000000,100.000000000
nuscenes,scene-0103_024,yaw,-1.000000000,deg,12,Car,13.534813363,"middle [10,30)",2,0.610227989,10,9,90.000000000,100.000000000
nuscenes,scene-0103_024,yaw,-1.000000000,deg,13,bicycle_rack,29.203007211,"middle [10,30)",0,0.000000000,19,17,89.473684211,100.000000000
nuscenes,scene-0103_024,yaw,-1.000000000,deg,20,Truck,47.640611318,"far [30,inf)",0,0.000000000,10,9,90.000000000,100.000000000
nuscenes,scene-0103_024,yaw,-1.000000000,deg,21,Car,7.764230105,"near [0,10)",0,0.830057092,110,110,100.000000000,100.000000000
nuscenes,scene-0103_024,yaw,-1.000000000,deg,24,Car,17.948413356,"middle [10,30)",0,0.000000000,18,18,100.000000000,100.000000000
nuscenes,scene-0103_024,yaw,-0.500000000,deg,10,Car,28.881842046,"middle [10,30)",0,0.000000000,10,9,90.000000000,100.000000000
nuscenes,scene-0103_024,yaw,-0.500000000,deg,12,Car,13.534813363,"middle [10,30)",2,0.610227989,10,10,100.000000000,100.000000000
nuscenes,scene-0103_024,yaw,-0.500000000,deg,13,bicycle_rack,29.203007211,"middle [10,30)",0,0.000000000,19,19,100.000000000,100.000000000
nuscenes,scene-0103_024,yaw,-0.500000000,deg,20,Truck,47.640611318,"far [30,inf)",0,0.000000000,10,9,90.000000000,100.000000000
nuscenes,scene-0103_024,yaw,-0.500000000,deg,21,Car,7.764230105,"near [0,10)",0,0.830057092,110,110,100.000000000,100.000000000
nuscenes,scene-0103_024,yaw,-0.500000000,deg,24,Car,17.948413356,"middle [10,30)",0,0.000000000,18,18,100.000000000,100.000000000
nuscenes,scene-0103_024,yaw,0.000000000,deg,10,Car,28.881842046,"middle [10,30)",0,0.000000000,10,10,100.000000000,100.000000000
nuscenes,scene-0103_024,yaw,0.000000000,deg,12,Car,13.534813363,"middle [10,30)",2,0.610227989,10,10,100.000000000,100.000000000
nuscenes,scene-0103_024,yaw,0.000000000,deg,13,bicycle_rack,29.203007211,"middle [10,30)",0,0.000000000,19,19,100.000000000,100.000000000
nuscenes,scene-0103_024,yaw,0.000000000,deg,20,Truck,47.640611318,"far [30,inf)",0,0.000000000,10,10,100.000000000,100.000000000
nuscenes,scene-0103_024,yaw,0.000000000,deg,21,Car,7.764230105,"near [0,10)",0,0.830057092,110,110,100.000000000,100.000000000
nuscenes,scene-0103_024,yaw,0.000000000,deg,24,Car,17.948413356,"middle [10,30)",0,0.000000000,18,18,100.000000000,100.000000000
nuscenes,scene-0103_024,yaw,0.500000000,deg,10,Car,28.881842046,"middle [10,30)",0,0.000000000,10,10,100.000000000,100.000000000
nuscenes,scene-0103_024,yaw,0.500000000,deg,12,Car,13.534813363,"middle [10,30)",2,0.610227989,10,8,80.000000000,100.000000000
nuscenes,scene-0103_024,yaw,0.500000000,deg,13,bicycle_rack,29.203007211,"middle [10,30)",0,0.000000000,19,19,100.000000000,100.000000000
nuscenes,scene-0103_024,yaw,0.500000000,deg,20,Truck,47.640611318,"far [30,inf)",0,0.000000000,10,10,100.000000000,100.000000000
nuscenes,scene-0103_024,yaw,0.500000000,deg,21,Car,7.764230105,"near [0,10)",0,0.830057092,110,100,90.909090909,100.000000000
nuscenes,scene-0103_024,yaw,0.500000000,deg,24,Car,17.948413356,"middle [10,30)",0,0.000000000,18,18,100.000000000,100.000000000
nuscenes,scene-0103_024,yaw,1.000000000,deg,10,Car,28.881842046,"middle [10,30)",0,0.000000000,10,9,90.000000000,100.000000000
nuscenes,scene-0103_024,yaw,1.000000000,deg,12,Car,13.534813363,"middle [10,30)",2,0.610227989,10,7,70.000000000,100.000000000
nuscenes,scene-0103_024,yaw,1.000000000,deg,13,bicycle_rack,29.203007211,"middle [10,30)",0,0.000000000,19,19,100.000000000,100.000000000
nuscenes,scene-0103_024,yaw,1.000000000,deg,20,Truck,47.640611318,"far [30,inf)",0,0.000000000,10,10,100.000000000,100.000000000
nuscenes,scene-0103_024,yaw,1.000000000,deg,21,Car,7.764230105,"near [0,10)",0,0.830057092,110,92,83.636363636,100.000000000
nuscenes,scene-0103_024,yaw,1.000000000,deg,24,Car,17.948413356,"middle [10,30)",0,0.000000000,18,18,100.000000000,100.000000000
nuscenes,scene-0103_024,yaw,2.000000000,deg,10,Car,28.881842046,"middle [10,30)",0,0.000000000,10,5,50.000000000,100.000000000
nuscenes,scene-0103_024,yaw,2.000000000,deg,12,Car,13.534813363,"middle [10,30)",2,0.610227989,10,4,40.000000000,100.000000000
nuscenes,scene-0103_024,yaw,2.000000000,deg,13,bicycle_rack,29.203007211,"middle [10,30)",0,0.000000000,19,16,84.210526316,100.000000000
nuscenes,scene-0103_024,yaw,2.000000000,deg,20,Truck,47.640611318,"far [30,inf)",0,0.000000000,10,9,90.000000000,100.000000000
nuscenes,scene-0103_024,yaw,2.000000000,deg,21,Car,7.764230105,"near [0,10)",0,0.830057092,110,77,70.000000000,100.000000000
nuscenes,scene-0103_024,yaw,2.000000000,deg,24,Car,17.948413356,"middle [10,30)",0,0.000000000,18,18,100.000000000,100.000000000
nuscenes,scene-0103_024,yaw,3.000000000,deg,10,Car,28.881842046,"middle [10,30)",0,0.000000000,10,2,20.000000000,100.000000000
nuscenes,scene-0103_024,yaw,3.000000000,deg,12,Car,13.534813363,"middle [10,30)",2,0.610227989,10,4,40.000000000,100.000000000
nuscenes,scene-0103_024,yaw,3.000000000,deg,13,bicycle_rack,29.203007211,"middle [10,30)",0,0.000000000,19,14,73.684210526,100.000000000
nuscenes,scene-0103_024,yaw,3.000000000,deg,20,Truck,47.640611318,"far [30,inf)",0,0.000000000,10,6,60.000000000,100.000000000
nuscenes,scene-0103_024,yaw,3.000000000,deg,21,Car,7.764230105,"near [0,10)",0,0.830057092,110,62,56.363636364,100.000000000
nuscenes,scene-0103_024,yaw,3.000000000,deg,24,Car,17.948413356,"middle [10,30)",0,0.000000000,18,15,83.333333333,100.000000000
nuscenes,scene-0103_024,lateral,-0.100000000,m,10,Car,28.881842046,"middle [10,30)",0,0.000000000,10,10,100.000000000,100.000000000
nuscenes,scene-0103_024,lateral,-0.100000000,m,12,Car,13.534813363,"middle [10,30)",2,0.610227989,10,9,90.000000000,100.000000000
nuscenes,scene-0103_024,lateral,-0.100000000,m,13,bicycle_rack,29.203007211,"middle [10,30)",0,0.000000000,19,19,100.000000000,100.000000000
nuscenes,scene-0103_024,lateral,-0.100000000,m,20,Truck,47.640611318,"far [30,inf)",0,0.000000000,10,10,100.000000000,100.000000000
nuscenes,scene-0103_024,lateral,-0.100000000,m,21,Car,7.764230105,"near [0,10)",0,0.830057092,110,99,90.000000000,100.000000000
nuscenes,scene-0103_024,lateral,-0.100000000,m,24,Car,17.948413356,"middle [10,30)",0,0.000000000,18,18,100.000000000,100.000000000
nuscenes,scene-0103_024,lateral,-0.050000000,m,10,Car,28.881842046,"middle [10,30)",0,0.000000000,10,10,100.000000000,100.000000000
nuscenes,scene-0103_024,lateral,-0.050000000,m,12,Car,13.534813363,"middle [10,30)",2,0.610227989,10,9,90.000000000,100.000000000
nuscenes,scene-0103_024,lateral,-0.050000000,m,13,bicycle_rack,29.203007211,"middle [10,30)",0,0.000000000,19,19,100.000000000,100.000000000
nuscenes,scene-0103_024,lateral,-0.050000000,m,20,Truck,47.640611318,"far [30,inf)",0,0.000000000,10,10,100.000000000,100.000000000
nuscenes,scene-0103_024,lateral,-0.050000000,m,21,Car,7.764230105,"near [0,10)",0,0.830057092,110,104,94.545454545,100.000000000
nuscenes,scene-0103_024,lateral,-0.050000000,m,24,Car,17.948413356,"middle [10,30)",0,0.000000000,18,18,100.000000000,100.000000000
nuscenes,scene-0103_024,lateral,-0.020000000,m,10,Car,28.881842046,"middle [10,30)",0,0.000000000,10,10,100.000000000,100.000000000
nuscenes,scene-0103_024,lateral,-0.020000000,m,12,Car,13.534813363,"middle [10,30)",2,0.610227989,10,10,100.000000000,100.000000000
nuscenes,scene-0103_024,lateral,-0.020000000,m,13,bicycle_rack,29.203007211,"middle [10,30)",0,0.000000000,19,19,100.000000000,100.000000000
nuscenes,scene-0103_024,lateral,-0.020000000,m,20,Truck,47.640611318,"far [30,inf)",0,0.000000000,10,10,100.000000000,100.000000000
nuscenes,scene-0103_024,lateral,-0.020000000,m,21,Car,7.764230105,"near [0,10)",0,0.830057092,110,108,98.181818182,100.000000000
nuscenes,scene-0103_024,lateral,-0.020000000,m,24,Car,17.948413356,"middle [10,30)",0,0.000000000,18,18,100.000000000,100.000000000
nuscenes,scene-0103_024,lateral,0.000000000,m,10,Car,28.881842046,"middle [10,30)",0,0.000000000,10,10,100.000000000,100.000000000
nuscenes,scene-0103_024,lateral,0.000000000,m,12,Car,13.534813363,"middle [10,30)",2,0.610227989,10,10,100.000000000,100.000000000
nuscenes,scene-0103_024,lateral,0.000000000,m,13,bicycle_rack,29.203007211,"middle [10,30)",0,0.000000000,19,19,100.000000000,100.000000000
nuscenes,scene-0103_024,lateral,0.000000000,m,20,Truck,47.640611318,"far [30,inf)",0,0.000000000,10,10,100.000000000,100.000000000
nuscenes,scene-0103_024,lateral,0.000000000,m,21,Car,7.764230105,"near [0,10)",0,0.830057092,110,110,100.000000000,100.000000000
nuscenes,scene-0103_024,lateral,0.000000000,m,24,Car,17.948413356,"middle [10,30)",0,0.000000000,18,18,100.000000000,100.000000000
nuscenes,scene-0103_024,lateral,0.020000000,m,10,Car,28.881842046,"middle [10,30)",0,0.000000000,10,10,100.000000000,100.000000000
nuscenes,scene-0103_024,lateral,0.020000000,m,12,Car,13.534813363,"middle [10,30)",2,0.610227989,10,10,100.000000000,100.000000000
nuscenes,scene-0103_024,lateral,0.020000000,m,13,bicycle_rack,29.203007211,"middle [10,30)",0,0.000000000,19,19,100.000000000,100.000000000
nuscenes,scene-0103_024,lateral,0.020000000,m,20,Truck,47.640611318,"far [30,inf)",0,0.000000000,10,10,100.000000000,100.000000000
nuscenes,scene-0103_024,lateral,0.020000000,m,21,Car,7.764230105,"near [0,10)",0,0.830057092,110,110,100.000000000,100.000000000
nuscenes,scene-0103_024,lateral,0.020000000,m,24,Car,17.948413356,"middle [10,30)",0,0.000000000,18,18,100.000000000,100.000000000
nuscenes,scene-0103_024,lateral,0.050000000,m,10,Car,28.881842046,"middle [10,30)",0,0.000000000,10,10,100.000000000,100.000000000
nuscenes,scene-0103_024,lateral,0.050000000,m,12,Car,13.534813363,"middle [10,30)",2,0.610227989,10,10,100.000000000,100.000000000
nuscenes,scene-0103_024,lateral,0.050000000,m,13,bicycle_rack,29.203007211,"middle [10,30)",0,0.000000000,19,19,100.000000000,100.000000000
nuscenes,scene-0103_024,lateral,0.050000000,m,20,Truck,47.640611318,"far [30,inf)",0,0.000000000,10,9,90.000000000,100.000000000
nuscenes,scene-0103_024,lateral,0.050000000,m,21,Car,7.764230105,"near [0,10)",0,0.830057092,110,110,100.000000000,100.000000000
nuscenes,scene-0103_024,lateral,0.050000000,m,24,Car,17.948413356,"middle [10,30)",0,0.000000000,18,18,100.000000000,100.000000000
nuscenes,scene-0103_024,lateral,0.100000000,m,10,Car,28.881842046,"middle [10,30)",0,0.000000000,10,10,100.000000000,100.000000000
nuscenes,scene-0103_024,lateral,0.100000000,m,12,Car,13.534813363,"middle [10,30)",2,0.610227989,10,10,100.000000000,100.000000000
nuscenes,scene-0103_024,lateral,0.100000000,m,13,bicycle_rack,29.203007211,"middle [10,30)",0,0.000000000,19,19,100.000000000,100.000000000
nuscenes,scene-0103_024,lateral,0.100000000,m,20,Truck,47.640611318,"far [30,inf)",0,0.000000000,10,9,90.000000000,100.000000000
nuscenes,scene-0103_024,lateral,0.100000000,m,21,Car,7.764230105,"near [0,10)",0,0.830057092,110,110,100.000000000,100.000000000
nuscenes,scene-0103_024,lateral,0.100000000,m,24,Car,17.948413356,"middle [10,30)",0,0.000000000,18,18,100.000000000,100.000000000
nuscenes,scene-0103_025,yaw,-3.000000000,deg,10,Car,26.886418839,"middle [10,30)",0,0.000000000,15,2,13.333333333,100.000000000
nuscenes,scene-0103_025,yaw,-3.000000000,deg,12,Car,12.835259053,"middle [10,30)",2,0.870532242,13,0,0.000000000,100.000000000
nuscenes,scene-0103_025,yaw,-3.000000000,deg,13,bicycle_rack,27.701277879,"middle [10,30)",0,0.000000000,17,11,64.705882353,100.000000000
nuscenes,scene-0103_025,yaw,-3.000000000,deg,20,Truck,46.182234926,"far [30,inf)",0,0.000000000,10,0,0.000000000,100.000000000
nuscenes,scene-0103_025,yaw,-3.000000000,deg,25,Car,15.785700515,"middle [10,30)",0,0.000000000,30,26,86.666666667,100.000000000
nuscenes,scene-0103_025,yaw,-2.000000000,deg,10,Car,26.886418839,"middle [10,30)",0,0.000000000,15,7,46.666666667,100.000000000
nuscenes,scene-0103_025,yaw,-2.000000000,deg,12,Car,12.835259053,"middle [10,30)",2,0.870532242,13,4,30.769230769,100.000000000
nuscenes,scene-0103_025,yaw,-2.000000000,deg,13,bicycle_rack,27.701277879,"middle [10,30)",0,0.000000000,17,14,82.352941176,100.000000000
nuscenes,scene-0103_025,yaw,-2.000000000,deg,20,Truck,46.182234926,"far [30,inf)",0,0.000000000,10,2,20.000000000,100.000000000
nuscenes,scene-0103_025,yaw,-2.000000000,deg,25,Car,15.785700515,"middle [10,30)",0,0.000000000,30,26,86.666666667,100.000000000
nuscenes,scene-0103_025,yaw,-1.000000000,deg,10,Car,26.886418839,"middle [10,30)",0,0.000000000,15,11,73.333333333,100.000000000
nuscenes,scene-0103_025,yaw,-1.000000000,deg,12,Car,12.835259053,"middle [10,30)",2,0.870532242,13,12,92.307692308,100.000000000
nuscenes,scene-0103_025,yaw,-1.000000000,deg,13,bicycle_rack,27.701277879,"middle [10,30)",0,0.000000000,17,15,88.235294118,100.000000000
nuscenes,scene-0103_025,yaw,-1.000000000,deg,20,Truck,46.182234926,"far [30,inf)",0,0.000000000,10,8,80.000000000,100.000000000
nuscenes,scene-0103_025,yaw,-1.000000000,deg,25,Car,15.785700515,"middle [10,30)",0,0.000000000,30,29,96.666666667,100.000000000
nuscenes,scene-0103_025,yaw,-0.500000000,deg,10,Car,26.886418839,"middle [10,30)",0,0.000000000,15,14,93.333333333,100.000000000
nuscenes,scene-0103_025,yaw,-0.500000000,deg,12,Car,12.835259053,"middle [10,30)",2,0.870532242,13,13,100.000000000,100.000000000
nuscenes,scene-0103_025,yaw,-0.500000000,deg,13,bicycle_rack,27.701277879,"middle [10,30)",0,0.000000000,17,17,100.000000000,100.000000000
nuscenes,scene-0103_025,yaw,-0.500000000,deg,20,Truck,46.182234926,"far [30,inf)",0,0.000000000,10,8,80.000000000,100.000000000
nuscenes,scene-0103_025,yaw,-0.500000000,deg,25,Car,15.785700515,"middle [10,30)",0,0.000000000,30,30,100.000000000,100.000000000
nuscenes,scene-0103_025,yaw,0.000000000,deg,10,Car,26.886418839,"middle [10,30)",0,0.000000000,15,15,100.000000000,100.000000000
nuscenes,scene-0103_025,yaw,0.000000000,deg,12,Car,12.835259053,"middle [10,30)",2,0.870532242,13,13,100.000000000,100.000000000
nuscenes,scene-0103_025,yaw,0.000000000,deg,13,bicycle_rack,27.701277879,"middle [10,30)",0,0.000000000,17,17,100.000000000,100.000000000
nuscenes,scene-0103_025,yaw,0.000000000,deg,20,Truck,46.182234926,"far [30,inf)",0,0.000000000,10,10,100.000000000,100.000000000
nuscenes,scene-0103_025,yaw,0.000000000,deg,25,Car,15.785700515,"middle [10,30)",0,0.000000000,30,30,100.000000000,100.000000000
nuscenes,scene-0103_025,yaw,0.500000000,deg,10,Car,26.886418839,"middle [10,30)",0,0.000000000,15,15,100.000000000,100.000000000
nuscenes,scene-0103_025,yaw,0.500000000,deg,12,Car,12.835259053,"middle [10,30)",2,0.870532242,13,11,84.615384615,100.000000000
nuscenes,scene-0103_025,yaw,0.500000000,deg,13,bicycle_rack,27.701277879,"middle [10,30)",0,0.000000000,17,17,100.000000000,100.000000000
nuscenes,scene-0103_025,yaw,0.500000000,deg,20,Truck,46.182234926,"far [30,inf)",0,0.000000000,10,10,100.000000000,100.000000000
nuscenes,scene-0103_025,yaw,0.500000000,deg,25,Car,15.785700515,"middle [10,30)",0,0.000000000,30,30,100.000000000,100.000000000
nuscenes,scene-0103_025,yaw,1.000000000,deg,10,Car,26.886418839,"middle [10,30)",0,0.000000000,15,13,86.666666667,100.000000000
nuscenes,scene-0103_025,yaw,1.000000000,deg,12,Car,12.835259053,"middle [10,30)",2,0.870532242,13,6,46.153846154,100.000000000
nuscenes,scene-0103_025,yaw,1.000000000,deg,13,bicycle_rack,27.701277879,"middle [10,30)",0,0.000000000,17,16,94.117647059,100.000000000
nuscenes,scene-0103_025,yaw,1.000000000,deg,20,Truck,46.182234926,"far [30,inf)",0,0.000000000,10,10,100.000000000,100.000000000
nuscenes,scene-0103_025,yaw,1.000000000,deg,25,Car,15.785700515,"middle [10,30)",0,0.000000000,30,29,96.666666667,100.000000000
nuscenes,scene-0103_025,yaw,2.000000000,deg,10,Car,26.886418839,"middle [10,30)",0,0.000000000,15,8,53.333333333,100.000000000
nuscenes,scene-0103_025,yaw,2.000000000,deg,12,Car,12.835259053,"middle [10,30)",2,0.870532242,13,0,0.000000000,100.000000000
nuscenes,scene-0103_025,yaw,2.000000000,deg,13,bicycle_rack,27.701277879,"middle [10,30)",0,0.000000000,17,14,82.352941176,100.000000000
nuscenes,scene-0103_025,yaw,2.000000000,deg,20,Truck,46.182234926,"far [30,inf)",0,0.000000000,10,10,100.000000000,100.000000000
nuscenes,scene-0103_025,yaw,2.000000000,deg,25,Car,15.785700515,"middle [10,30)",0,0.000000000,30,24,80.000000000,100.000000000
nuscenes,scene-0103_025,yaw,3.000000000,deg,10,Car,26.886418839,"middle [10,30)",0,0.000000000,15,4,26.666666667,100.000000000
nuscenes,scene-0103_025,yaw,3.000000000,deg,12,Car,12.835259053,"middle [10,30)",2,0.870532242,13,0,0.000000000,100.000000000
nuscenes,scene-0103_025,yaw,3.000000000,deg,13,bicycle_rack,27.701277879,"middle [10,30)",0,0.000000000,17,11,64.705882353,100.000000000
nuscenes,scene-0103_025,yaw,3.000000000,deg,20,Truck,46.182234926,"far [30,inf)",0,0.000000000,10,8,80.000000000,100.000000000
nuscenes,scene-0103_025,yaw,3.000000000,deg,25,Car,15.785700515,"middle [10,30)",0,0.000000000,30,21,70.000000000,100.000000000
nuscenes,scene-0103_025,lateral,-0.100000000,m,10,Car,26.886418839,"middle [10,30)",0,0.000000000,15,15,100.000000000,100.000000000
nuscenes,scene-0103_025,lateral,-0.100000000,m,12,Car,12.835259053,"middle [10,30)",2,0.870532242,13,11,84.615384615,100.000000000
nuscenes,scene-0103_025,lateral,-0.100000000,m,13,bicycle_rack,27.701277879,"middle [10,30)",0,0.000000000,17,17,100.000000000,100.000000000
nuscenes,scene-0103_025,lateral,-0.100000000,m,20,Truck,46.182234926,"far [30,inf)",0,0.000000000,10,10,100.000000000,100.000000000
nuscenes,scene-0103_025,lateral,-0.100000000,m,25,Car,15.785700515,"middle [10,30)",0,0.000000000,30,30,100.000000000,100.000000000
nuscenes,scene-0103_025,lateral,-0.050000000,m,10,Car,26.886418839,"middle [10,30)",0,0.000000000,15,15,100.000000000,100.000000000
nuscenes,scene-0103_025,lateral,-0.050000000,m,12,Car,12.835259053,"middle [10,30)",2,0.870532242,13,12,92.307692308,100.000000000
nuscenes,scene-0103_025,lateral,-0.050000000,m,13,bicycle_rack,27.701277879,"middle [10,30)",0,0.000000000,17,17,100.000000000,100.000000000
nuscenes,scene-0103_025,lateral,-0.050000000,m,20,Truck,46.182234926,"far [30,inf)",0,0.000000000,10,10,100.000000000,100.000000000
nuscenes,scene-0103_025,lateral,-0.050000000,m,25,Car,15.785700515,"middle [10,30)",0,0.000000000,30,30,100.000000000,100.000000000
nuscenes,scene-0103_025,lateral,-0.020000000,m,10,Car,26.886418839,"middle [10,30)",0,0.000000000,15,15,100.000000000,100.000000000
nuscenes,scene-0103_025,lateral,-0.020000000,m,12,Car,12.835259053,"middle [10,30)",2,0.870532242,13,13,100.000000000,100.000000000
nuscenes,scene-0103_025,lateral,-0.020000000,m,13,bicycle_rack,27.701277879,"middle [10,30)",0,0.000000000,17,17,100.000000000,100.000000000
nuscenes,scene-0103_025,lateral,-0.020000000,m,20,Truck,46.182234926,"far [30,inf)",0,0.000000000,10,10,100.000000000,100.000000000
nuscenes,scene-0103_025,lateral,-0.020000000,m,25,Car,15.785700515,"middle [10,30)",0,0.000000000,30,30,100.000000000,100.000000000
nuscenes,scene-0103_025,lateral,0.000000000,m,10,Car,26.886418839,"middle [10,30)",0,0.000000000,15,15,100.000000000,100.000000000
nuscenes,scene-0103_025,lateral,0.000000000,m,12,Car,12.835259053,"middle [10,30)",2,0.870532242,13,13,100.000000000,100.000000000
nuscenes,scene-0103_025,lateral,0.000000000,m,13,bicycle_rack,27.701277879,"middle [10,30)",0,0.000000000,17,17,100.000000000,100.000000000
nuscenes,scene-0103_025,lateral,0.000000000,m,20,Truck,46.182234926,"far [30,inf)",0,0.000000000,10,10,100.000000000,100.000000000
nuscenes,scene-0103_025,lateral,0.000000000,m,25,Car,15.785700515,"middle [10,30)",0,0.000000000,30,30,100.000000000,100.000000000
nuscenes,scene-0103_025,lateral,0.020000000,m,10,Car,26.886418839,"middle [10,30)",0,0.000000000,15,15,100.000000000,100.000000000
nuscenes,scene-0103_025,lateral,0.020000000,m,12,Car,12.835259053,"middle [10,30)",2,0.870532242,13,13,100.000000000,100.000000000
nuscenes,scene-0103_025,lateral,0.020000000,m,13,bicycle_rack,27.701277879,"middle [10,30)",0,0.000000000,17,17,100.000000000,100.000000000
nuscenes,scene-0103_025,lateral,0.020000000,m,20,Truck,46.182234926,"far [30,inf)",0,0.000000000,10,10,100.000000000,100.000000000
nuscenes,scene-0103_025,lateral,0.020000000,m,25,Car,15.785700515,"middle [10,30)",0,0.000000000,30,30,100.000000000,100.000000000
nuscenes,scene-0103_025,lateral,0.050000000,m,10,Car,26.886418839,"middle [10,30)",0,0.000000000,15,15,100.000000000,100.000000000
nuscenes,scene-0103_025,lateral,0.050000000,m,12,Car,12.835259053,"middle [10,30)",2,0.870532242,13,13,100.000000000,100.000000000
nuscenes,scene-0103_025,lateral,0.050000000,m,13,bicycle_rack,27.701277879,"middle [10,30)",0,0.000000000,17,17,100.000000000,100.000000000
nuscenes,scene-0103_025,lateral,0.050000000,m,20,Truck,46.182234926,"far [30,inf)",0,0.000000000,10,10,100.000000000,100.000000000
nuscenes,scene-0103_025,lateral,0.050000000,m,25,Car,15.785700515,"middle [10,30)",0,0.000000000,30,30,100.000000000,100.000000000
nuscenes,scene-0103_025,lateral,0.100000000,m,10,Car,26.886418839,"middle [10,30)",0,0.000000000,15,15,100.000000000,100.000000000
nuscenes,scene-0103_025,lateral,0.100000000,m,12,Car,12.835259053,"middle [10,30)",2,0.870532242,13,13,100.000000000,100.000000000
nuscenes,scene-0103_025,lateral,0.100000000,m,13,bicycle_rack,27.701277879,"middle [10,30)",0,0.000000000,17,17,100.000000000,100.000000000
nuscenes,scene-0103_025,lateral,0.100000000,m,20,Truck,46.182234926,"far [30,inf)",0,0.000000000,10,10,100.000000000,100.000000000
nuscenes,scene-0103_025,lateral,0.100000000,m,25,Car,15.785700515,"middle [10,30)",0,0.000000000,30,30,100.000000000,100.000000000
nuscenes,scene-0103_026,yaw,-3.000000000,deg,9,Car,24.848723253,"middle [10,30)",0,0.000000000,20,4,20.000000000,100.000000000
nuscenes,scene-0103_026,yaw,-3.000000000,deg,11,bicycle_rack,23.145905263,"middle [10,30)",0,0.000000000,28,24,85.714285714,100.000000000
nuscenes,scene-0103_026,yaw,-3.000000000,deg,18,Truck,41.614412635,"far [30,inf)",0,0.000000000,15,2,13.333333333,100.000000000
nuscenes,scene-0103_026,yaw,-3.000000000,deg,22,Car,13.667237001,"middle [10,30)",0,0.262122544,32,26,81.250000000,100.000000000
nuscenes,scene-0103_026,yaw,-2.000000000,deg,9,Car,24.848723253,"middle [10,30)",0,0.000000000,20,11,55.000000000,100.000000000
nuscenes,scene-0103_026,yaw,-2.000000000,deg,11,bicycle_rack,23.145905263,"middle [10,30)",0,0.000000000,28,25,89.285714286,100.000000000
nuscenes,scene-0103_026,yaw,-2.000000000,deg,18,Truck,41.614412635,"far [30,inf)",0,0.000000000,15,8,53.333333333,100.000000000
nuscenes,scene-0103_026,yaw,-2.000000000,deg,22,Car,13.667237001,"middle [10,30)",0,0.262122544,32,28,87.500000000,100.000000000
nuscenes,scene-0103_026,yaw,-1.000000000,deg,9,Car,24.848723253,"middle [10,30)",0,0.000000000,20,16,80.000000000,100.000000000
nuscenes,scene-0103_026,yaw,-1.000000000,deg,11,bicycle_rack,23.145905263,"middle [10,30)",0,0.000000000,28,27,96.428571429,100.000000000
nuscenes,scene-0103_026,yaw,-1.000000000,deg,18,Truck,41.614412635,"far [30,inf)",0,0.000000000,15,14,93.333333333,100.000000000
nuscenes,scene-0103_026,yaw,-1.000000000,deg,22,Car,13.667237001,"middle [10,30)",0,0.262122544,32,32,100.000000000,100.000000000
nuscenes,scene-0103_026,yaw,-0.500000000,deg,9,Car,24.848723253,"middle [10,30)",0,0.000000000,20,18,90.000000000,100.000000000
nuscenes,scene-0103_026,yaw,-0.500000000,deg,11,bicycle_rack,23.145905263,"middle [10,30)",0,0.000000000,28,28,100.000000000,100.000000000
nuscenes,scene-0103_026,yaw,-0.500000000,deg,18,Truck,41.614412635,"far [30,inf)",0,0.000000000,15,15,100.000000000,100.000000000
nuscenes,scene-0103_026,yaw,-0.500000000,deg,22,Car,13.667237001,"middle [10,30)",0,0.262122544,32,32,100.000000000,100.000000000
nuscenes,scene-0103_026,yaw,0.000000000,deg,9,Car,24.848723253,"middle [10,30)",0,0.000000000,20,20,100.000000000,100.000000000
nuscenes,scene-0103_026,yaw,0.000000000,deg,11,bicycle_rack,23.145905263,"middle [10,30)",0,0.000000000,28,28,100.000000000,100.000000000
nuscenes,scene-0103_026,yaw,0.000000000,deg,18,Truck,41.614412635,"far [30,inf)",0,0.000000000,15,15,100.000000000,100.000000000
nuscenes,scene-0103_026,yaw,0.000000000,deg,22,Car,13.667237001,"middle [10,30)",0,0.262122544,32,32,100.000000000,100.000000000
nuscenes,scene-0103_026,yaw,0.500000000,deg,9,Car,24.848723253,"middle [10,30)",0,0.000000000,20,20,100.000000000,100.000000000
nuscenes,scene-0103_026,yaw,0.500000000,deg,11,bicycle_rack,23.145905263,"middle [10,30)",0,0.000000000,28,28,100.000000000,100.000000000
nuscenes,scene-0103_026,yaw,0.500000000,deg,18,Truck,41.614412635,"far [30,inf)",0,0.000000000,15,15,100.000000000,100.000000000
nuscenes,scene-0103_026,yaw,0.500000000,deg,22,Car,13.667237001,"middle [10,30)",0,0.262122544,32,30,93.750000000,100.000000000
nuscenes,scene-0103_026,yaw,1.000000000,deg,9,Car,24.848723253,"middle [10,30)",0,0.000000000,20,19,95.000000000,100.000000000
nuscenes,scene-0103_026,yaw,1.000000000,deg,11,bicycle_rack,23.145905263,"middle [10,30)",0,0.000000000,28,27,96.428571429,100.000000000
nuscenes,scene-0103_026,yaw,1.000000000,deg,18,Truck,41.614412635,"far [30,inf)",0,0.000000000,15,15,100.000000000,100.000000000
nuscenes,scene-0103_026,yaw,1.000000000,deg,22,Car,13.667237001,"middle [10,30)",0,0.262122544,32,29,90.625000000,100.000000000
nuscenes,scene-0103_026,yaw,2.000000000,deg,9,Car,24.848723253,"middle [10,30)",0,0.000000000,20,14,70.000000000,100.000000000
nuscenes,scene-0103_026,yaw,2.000000000,deg,11,bicycle_rack,23.145905263,"middle [10,30)",0,0.000000000,28,24,85.714285714,100.000000000
nuscenes,scene-0103_026,yaw,2.000000000,deg,18,Truck,41.614412635,"far [30,inf)",0,0.000000000,15,14,93.333333333,100.000000000
nuscenes,scene-0103_026,yaw,2.000000000,deg,22,Car,13.667237001,"middle [10,30)",0,0.262122544,32,22,68.750000000,100.000000000
nuscenes,scene-0103_026,yaw,3.000000000,deg,9,Car,24.848723253,"middle [10,30)",0,0.000000000,20,8,40.000000000,100.000000000
nuscenes,scene-0103_026,yaw,3.000000000,deg,11,bicycle_rack,23.145905263,"middle [10,30)",0,0.000000000,28,22,78.571428571,100.000000000
nuscenes,scene-0103_026,yaw,3.000000000,deg,18,Truck,41.614412635,"far [30,inf)",0,0.000000000,15,9,60.000000000,100.000000000
nuscenes,scene-0103_026,yaw,3.000000000,deg,22,Car,13.667237001,"middle [10,30)",0,0.262122544,32,17,53.125000000,100.000000000
nuscenes,scene-0103_026,lateral,-0.100000000,m,9,Car,24.848723253,"middle [10,30)",0,0.000000000,20,20,100.000000000,100.000000000
nuscenes,scene-0103_026,lateral,-0.100000000,m,11,bicycle_rack,23.145905263,"middle [10,30)",0,0.000000000,28,28,100.000000000,100.000000000
nuscenes,scene-0103_026,lateral,-0.100000000,m,18,Truck,41.614412635,"far [30,inf)",0,0.000000000,15,15,100.000000000,100.000000000
nuscenes,scene-0103_026,lateral,-0.100000000,m,22,Car,13.667237001,"middle [10,30)",0,0.262122544,32,31,96.875000000,100.000000000
nuscenes,scene-0103_026,lateral,-0.050000000,m,9,Car,24.848723253,"middle [10,30)",0,0.000000000,20,20,100.000000000,100.000000000
nuscenes,scene-0103_026,lateral,-0.050000000,m,11,bicycle_rack,23.145905263,"middle [10,30)",0,0.000000000,28,28,100.000000000,100.000000000
nuscenes,scene-0103_026,lateral,-0.050000000,m,18,Truck,41.614412635,"far [30,inf)",0,0.000000000,15,15,100.000000000,100.000000000
nuscenes,scene-0103_026,lateral,-0.050000000,m,22,Car,13.667237001,"middle [10,30)",0,0.262122544,32,31,96.875000000,100.000000000
nuscenes,scene-0103_026,lateral,-0.020000000,m,9,Car,24.848723253,"middle [10,30)",0,0.000000000,20,20,100.000000000,100.000000000
nuscenes,scene-0103_026,lateral,-0.020000000,m,11,bicycle_rack,23.145905263,"middle [10,30)",0,0.000000000,28,28,100.000000000,100.000000000
nuscenes,scene-0103_026,lateral,-0.020000000,m,18,Truck,41.614412635,"far [30,inf)",0,0.000000000,15,15,100.000000000,100.000000000
nuscenes,scene-0103_026,lateral,-0.020000000,m,22,Car,13.667237001,"middle [10,30)",0,0.262122544,32,31,96.875000000,100.000000000
nuscenes,scene-0103_026,lateral,0.000000000,m,9,Car,24.848723253,"middle [10,30)",0,0.000000000,20,20,100.000000000,100.000000000
nuscenes,scene-0103_026,lateral,0.000000000,m,11,bicycle_rack,23.145905263,"middle [10,30)",0,0.000000000,28,28,100.000000000,100.000000000
nuscenes,scene-0103_026,lateral,0.000000000,m,18,Truck,41.614412635,"far [30,inf)",0,0.000000000,15,15,100.000000000,100.000000000
nuscenes,scene-0103_026,lateral,0.000000000,m,22,Car,13.667237001,"middle [10,30)",0,0.262122544,32,32,100.000000000,100.000000000
nuscenes,scene-0103_026,lateral,0.020000000,m,9,Car,24.848723253,"middle [10,30)",0,0.000000000,20,20,100.000000000,100.000000000
nuscenes,scene-0103_026,lateral,0.020000000,m,11,bicycle_rack,23.145905263,"middle [10,30)",0,0.000000000,28,28,100.000000000,100.000000000
nuscenes,scene-0103_026,lateral,0.020000000,m,18,Truck,41.614412635,"far [30,inf)",0,0.000000000,15,15,100.000000000,100.000000000
nuscenes,scene-0103_026,lateral,0.020000000,m,22,Car,13.667237001,"middle [10,30)",0,0.262122544,32,32,100.000000000,100.000000000
nuscenes,scene-0103_026,lateral,0.050000000,m,9,Car,24.848723253,"middle [10,30)",0,0.000000000,20,20,100.000000000,100.000000000
nuscenes,scene-0103_026,lateral,0.050000000,m,11,bicycle_rack,23.145905263,"middle [10,30)",0,0.000000000,28,28,100.000000000,100.000000000
nuscenes,scene-0103_026,lateral,0.050000000,m,18,Truck,41.614412635,"far [30,inf)",0,0.000000000,15,15,100.000000000,100.000000000
nuscenes,scene-0103_026,lateral,0.050000000,m,22,Car,13.667237001,"middle [10,30)",0,0.262122544,32,32,100.000000000,100.000000000
nuscenes,scene-0103_026,lateral,0.100000000,m,9,Car,24.848723253,"middle [10,30)",0,0.000000000,20,20,100.000000000,100.000000000
nuscenes,scene-0103_026,lateral,0.100000000,m,11,bicycle_rack,23.145905263,"middle [10,30)",0,0.000000000,28,28,100.000000000,100.000000000
nuscenes,scene-0103_026,lateral,0.100000000,m,18,Truck,41.614412635,"far [30,inf)",0,0.000000000,15,15,100.000000000,100.000000000
nuscenes,scene-0103_026,lateral,0.100000000,m,22,Car,13.667237001,"middle [10,30)",0,0.262122544,32,32,100.000000000,100.000000000
nuscenes,scene-0103_027,yaw,-3.000000000,deg,8,Car,22.017314957,"middle [10,30)",0,0.000000000,24,7,29.166666667,100.000000000
nuscenes,scene-0103_027,yaw,-3.000000000,deg,10,bicycle_rack,20.082008201,"middle [10,30)",0,0.000000000,50,42,84.000000000,100.000000000
nuscenes,scene-0103_027,yaw,-3.000000000,deg,17,Truck,39.005824609,"far [30,inf)",0,0.000000000,19,5,26.315789474,100.000000000
nuscenes,scene-0103_027,yaw,-3.000000000,deg,21,Car,14.225383169,"middle [10,30)",0,0.642352344,17,6,35.294117647,100.000000000
nuscenes,scene-0103_027,yaw,-2.000000000,deg,8,Car,22.017314957,"middle [10,30)",0,0.000000000,24,13,54.166666667,100.000000000
nuscenes,scene-0103_027,yaw,-2.000000000,deg,10,bicycle_rack,20.082008201,"middle [10,30)",0,0.000000000,50,45,90.000000000,100.000000000
nuscenes,scene-0103_027,yaw,-2.000000000,deg,17,Truck,39.005824609,"far [30,inf)",0,0.000000000,19,10,52.631578947,100.000000000
nuscenes,scene-0103_027,yaw,-2.000000000,deg,21,Car,14.225383169,"middle [10,30)",0,0.642352344,17,12,70.588235294,100.000000000
nuscenes,scene-0103_027,yaw,-1.000000000,deg,8,Car,22.017314957,"middle [10,30)",0,0.000000000,24,19,79.166666667,100.000000000
nuscenes,scene-0103_027,yaw,-1.000000000,deg,10,bicycle_rack,20.082008201,"middle [10,30)",0,0.000000000,50,48,96.000000000,100.000000000
nuscenes,scene-0103_027,yaw,-1.000000000,deg,17,Truck,39.005824609,"far [30,inf)",0,0.000000000,19,17,89.473684211,100.000000000
nuscenes,scene-0103_027,yaw,-1.000000000,deg,21,Car,14.225383169,"middle [10,30)",0,0.642352344,17,16,94.117647059,100.000000000
nuscenes,scene-0103_027,yaw,-0.500000000,deg,8,Car,22.017314957,"middle [10,30)",0,0.000000000,24,23,95.833333333,100.000000000
nuscenes,scene-0103_027,yaw,-0.500000000,deg,10,bicycle_rack,20.082008201,"middle [10,30)",0,0.000000000,50,50,100.000000000,100.000000000
nuscenes,scene-0103_027,yaw,-0.500000000,deg,17,Truck,39.005824609,"far [30,inf)",0,0.000000000,19,18,94.736842105,100.000000000
nuscenes,scene-0103_027,yaw,-0.500000000,deg,21,Car,14.225383169,"middle [10,30)",0,0.642352344,17,17,100.000000000,100.000000000
nuscenes,scene-0103_027,yaw,0.000000000,deg,8,Car,22.017314957,"middle [10,30)",0,0.000000000,24,24,100.000000000,100.000000000
nuscenes,scene-0103_027,yaw,0.000000000,deg,10,bicycle_rack,20.082008201,"middle [10,30)",0,0.000000000,50,50,100.000000000,100.000000000
nuscenes,scene-0103_027,yaw,0.000000000,deg,17,Truck,39.005824609,"far [30,inf)",0,0.000000000,19,19,100.000000000,100.000000000
nuscenes,scene-0103_027,yaw,0.000000000,deg,21,Car,14.225383169,"middle [10,30)",0,0.642352344,17,17,100.000000000,100.000000000
nuscenes,scene-0103_027,yaw,0.500000000,deg,8,Car,22.017314957,"middle [10,30)",0,0.000000000,24,24,100.000000000,100.000000000
nuscenes,scene-0103_027,yaw,0.500000000,deg,10,bicycle_rack,20.082008201,"middle [10,30)",0,0.000000000,50,50,100.000000000,100.000000000
nuscenes,scene-0103_027,yaw,0.500000000,deg,17,Truck,39.005824609,"far [30,inf)",0,0.000000000,19,19,100.000000000,100.000000000
nuscenes,scene-0103_027,yaw,0.500000000,deg,21,Car,14.225383169,"middle [10,30)",0,0.642352344,17,17,100.000000000,100.000000000
nuscenes,scene-0103_027,yaw,1.000000000,deg,8,Car,22.017314957,"middle [10,30)",0,0.000000000,24,22,91.666666667,100.000000000
nuscenes,scene-0103_027,yaw,1.000000000,deg,10,bicycle_rack,20.082008201,"middle [10,30)",0,0.000000000,50,49,98.000000000,100.000000000
nuscenes,scene-0103_027,yaw,1.000000000,deg,17,Truck,39.005824609,"far [30,inf)",0,0.000000000,19,19,100.000000000,100.000000000
nuscenes,scene-0103_027,yaw,1.000000000,deg,21,Car,14.225383169,"middle [10,30)",0,0.642352344,17,17,100.000000000,100.000000000
nuscenes,scene-0103_027,yaw,2.000000000,deg,8,Car,22.017314957,"middle [10,30)",0,0.000000000,24,17,70.833333333,100.000000000
nuscenes,scene-0103_027,yaw,2.000000000,deg,10,bicycle_rack,20.082008201,"middle [10,30)",0,0.000000000,50,46,92.000000000,100.000000000
nuscenes,scene-0103_027,yaw,2.000000000,deg,17,Truck,39.005824609,"far [30,inf)",0,0.000000000,19,18,94.736842105,100.000000000
nuscenes,scene-0103_027,yaw,2.000000000,deg,21,Car,14.225383169,"middle [10,30)",0,0.642352344,17,15,88.235294118,100.000000000
nuscenes,scene-0103_027,yaw,3.000000000,deg,8,Car,22.017314957,"middle [10,30)",0,0.000000000,24,11,45.833333333,100.000000000
nuscenes,scene-0103_027,yaw,3.000000000,deg,10,bicycle_rack,20.082008201,"middle [10,30)",0,0.000000000,50,43,86.000000000,100.000000000
nuscenes,scene-0103_027,yaw,3.000000000,deg,17,Truck,39.005824609,"far [30,inf)",0,0.000000000,19,12,63.157894737,100.000000000
nuscenes,scene-0103_027,yaw,3.000000000,deg,21,Car,14.225383169,"middle [10,30)",0,0.642352344,17,14,82.352941176,100.000000000
nuscenes,scene-0103_027,lateral,-0.100000000,m,8,Car,22.017314957,"middle [10,30)",0,0.000000000,24,24,100.000000000,100.000000000
nuscenes,scene-0103_027,lateral,-0.100000000,m,10,bicycle_rack,20.082008201,"middle [10,30)",0,0.000000000,50,50,100.000000000,100.000000000
nuscenes,scene-0103_027,lateral,-0.100000000,m,17,Truck,39.005824609,"far [30,inf)",0,0.000000000,19,19,100.000000000,100.000000000
nuscenes,scene-0103_027,lateral,-0.100000000,m,21,Car,14.225383169,"middle [10,30)",0,0.642352344,17,17,100.000000000,100.000000000
nuscenes,scene-0103_027,lateral,-0.050000000,m,8,Car,22.017314957,"middle [10,30)",0,0.000000000,24,24,100.000000000,100.000000000
nuscenes,scene-0103_027,lateral,-0.050000000,m,10,bicycle_rack,20.082008201,"middle [10,30)",0,0.000000000,50,50,100.000000000,100.000000000
nuscenes,scene-0103_027,lateral,-0.050000000,m,17,Truck,39.005824609,"far [30,inf)",0,0.000000000,19,19,100.000000000,100.000000000
nuscenes,scene-0103_027,lateral,-0.050000000,m,21,Car,14.225383169,"middle [10,30)",0,0.642352344,17,17,100.000000000,100.000000000
nuscenes,scene-0103_027,lateral,-0.020000000,m,8,Car,22.017314957,"middle [10,30)",0,0.000000000,24,24,100.000000000,100.000000000
nuscenes,scene-0103_027,lateral,-0.020000000,m,10,bicycle_rack,20.082008201,"middle [10,30)",0,0.000000000,50,50,100.000000000,100.000000000
nuscenes,scene-0103_027,lateral,-0.020000000,m,17,Truck,39.005824609,"far [30,inf)",0,0.000000000,19,19,100.000000000,100.000000000
nuscenes,scene-0103_027,lateral,-0.020000000,m,21,Car,14.225383169,"middle [10,30)",0,0.642352344,17,17,100.000000000,100.000000000
nuscenes,scene-0103_027,lateral,0.000000000,m,8,Car,22.017314957,"middle [10,30)",0,0.000000000,24,24,100.000000000,100.000000000
nuscenes,scene-0103_027,lateral,0.000000000,m,10,bicycle_rack,20.082008201,"middle [10,30)",0,0.000000000,50,50,100.000000000,100.000000000
nuscenes,scene-0103_027,lateral,0.000000000,m,17,Truck,39.005824609,"far [30,inf)",0,0.000000000,19,19,100.000000000,100.000000000
nuscenes,scene-0103_027,lateral,0.000000000,m,21,Car,14.225383169,"middle [10,30)",0,0.642352344,17,17,100.000000000,100.000000000
nuscenes,scene-0103_027,lateral,0.020000000,m,8,Car,22.017314957,"middle [10,30)",0,0.000000000,24,24,100.000000000,100.000000000
nuscenes,scene-0103_027,lateral,0.020000000,m,10,bicycle_rack,20.082008201,"middle [10,30)",0,0.000000000,50,50,100.000000000,100.000000000
nuscenes,scene-0103_027,lateral,0.020000000,m,17,Truck,39.005824609,"far [30,inf)",0,0.000000000,19,19,100.000000000,100.000000000
nuscenes,scene-0103_027,lateral,0.020000000,m,21,Car,14.225383169,"middle [10,30)",0,0.642352344,17,17,100.000000000,100.000000000
nuscenes,scene-0103_027,lateral,0.050000000,m,8,Car,22.017314957,"middle [10,30)",0,0.000000000,24,24,100.000000000,100.000000000
nuscenes,scene-0103_027,lateral,0.050000000,m,10,bicycle_rack,20.082008201,"middle [10,30)",0,0.000000000,50,50,100.000000000,100.000000000
nuscenes,scene-0103_027,lateral,0.050000000,m,17,Truck,39.005824609,"far [30,inf)",0,0.000000000,19,19,100.000000000,100.000000000
nuscenes,scene-0103_027,lateral,0.050000000,m,21,Car,14.225383169,"middle [10,30)",0,0.642352344,17,17,100.000000000,100.000000000
nuscenes,scene-0103_027,lateral,0.100000000,m,8,Car,22.017314957,"middle [10,30)",0,0.000000000,24,24,100.000000000,100.000000000
nuscenes,scene-0103_027,lateral,0.100000000,m,10,bicycle_rack,20.082008201,"middle [10,30)",0,0.000000000,50,50,100.000000000,100.000000000
nuscenes,scene-0103_027,lateral,0.100000000,m,17,Truck,39.005824609,"far [30,inf)",0,0.000000000,19,19,100.000000000,100.000000000
nuscenes,scene-0103_027,lateral,0.100000000,m,21,Car,14.225383169,"middle [10,30)",0,0.642352344,17,17,100.000000000,100.000000000
nuscenes,scene-0103_028,yaw,-3.000000000,deg,8,Car,19.601551152,"middle [10,30)",0,0.000000000,27,12,44.444444444,100.000000000
nuscenes,scene-0103_028,yaw,-3.000000000,deg,10,bicycle_rack,18.593094211,"middle [10,30)",0,0.000000000,61,52,85.245901639,100.000000000
nuscenes,scene-0103_028,yaw,-3.000000000,deg,17,Truck,35.582418496,"far [30,inf)",0,0.000000000,23,8,34.782608696,100.000000000
nuscenes,scene-0103_028,yaw,-3.000000000,deg,22,Car,24.432437691,"middle [10,30)",1,0.000000000,14,12,85.714285714,100.000000000
nuscenes,scene-0103_028,yaw,-2.000000000,deg,8,Car,19.601551152,"middle [10,30)",0,0.000000000,27,17,62.962962963,100.000000000
nuscenes,scene-0103_028,yaw,-2.000000000,deg,10,bicycle_rack,18.593094211,"middle [10,30)",0,0.000000000,61,54,88.524590164,100.000000000
nuscenes,scene-0103_028,yaw,-2.000000000,deg,17,Truck,35.582418496,"far [30,inf)",0,0.000000000,23,13,56.521739130,100.000000000
nuscenes,scene-0103_028,yaw,-2.000000000,deg,22,Car,24.432437691,"middle [10,30)",1,0.000000000,14,14,100.000000000,100.000000000
nuscenes,scene-0103_028,yaw,-1.000000000,deg,8,Car,19.601551152,"middle [10,30)",0,0.000000000,27,23,85.185185185,100.000000000
nuscenes,scene-0103_028,yaw,-1.000000000,deg,10,bicycle_rack,18.593094211,"middle [10,30)",0,0.000000000,61,60,98.360655738,100.000000000
nuscenes,scene-0103_028,yaw,-1.000000000,deg,17,Truck,35.582418496,"far [30,inf)",0,0.000000000,23,19,82.608695652,100.000000000
nuscenes,scene-0103_028,yaw,-1.000000000,deg,22,Car,24.432437691,"middle [10,30)",1,0.000000000,14,14,100.000000000,100.000000000
nuscenes,scene-0103_028,yaw,-0.500000000,deg,8,Car,19.601551152,"middle [10,30)",0,0.000000000,27,27,100.000000000,100.000000000
nuscenes,scene-0103_028,yaw,-0.500000000,deg,10,bicycle_rack,18.593094211,"middle [10,30)",0,0.000000000,61,61,100.000000000,100.000000000
nuscenes,scene-0103_028,yaw,-0.500000000,deg,17,Truck,35.582418496,"far [30,inf)",0,0.000000000,23,22,95.652173913,100.000000000
nuscenes,scene-0103_028,yaw,-0.500000000,deg,22,Car,24.432437691,"middle [10,30)",1,0.000000000,14,14,100.000000000,100.000000000
nuscenes,scene-0103_028,yaw,0.000000000,deg,8,Car,19.601551152,"middle [10,30)",0,0.000000000,27,27,100.000000000,100.000000000
nuscenes,scene-0103_028,yaw,0.000000000,deg,10,bicycle_rack,18.593094211,"middle [10,30)",0,0.000000000,61,61,100.000000000,100.000000000
nuscenes,scene-0103_028,yaw,0.000000000,deg,17,Truck,35.582418496,"far [30,inf)",0,0.000000000,23,23,100.000000000,100.000000000
nuscenes,scene-0103_028,yaw,0.000000000,deg,22,Car,24.432437691,"middle [10,30)",1,0.000000000,14,14,100.000000000,100.000000000
nuscenes,scene-0103_028,yaw,0.500000000,deg,8,Car,19.601551152,"middle [10,30)",0,0.000000000,27,26,96.296296296,100.000000000
nuscenes,scene-0103_028,yaw,0.500000000,deg,10,bicycle_rack,18.593094211,"middle [10,30)",0,0.000000000,61,61,100.000000000,100.000000000
nuscenes,scene-0103_028,yaw,0.500000000,deg,17,Truck,35.582418496,"far [30,inf)",0,0.000000000,23,23,100.000000000,100.000000000
nuscenes,scene-0103_028,yaw,0.500000000,deg,22,Car,24.432437691,"middle [10,30)",1,0.000000000,14,14,100.000000000,100.000000000
nuscenes,scene-0103_028,yaw,1.000000000,deg,8,Car,19.601551152,"middle [10,30)",0,0.000000000,27,25,92.592592593,100.000000000
nuscenes,scene-0103_028,yaw,1.000000000,deg,10,bicycle_rack,18.593094211,"middle [10,30)",0,0.000000000,61,60,98.360655738,100.000000000
nuscenes,scene-0103_028,yaw,1.000000000,deg,17,Truck,35.582418496,"far [30,inf)",0,0.000000000,23,22,95.652173913,100.000000000
nuscenes,scene-0103_028,yaw,1.000000000,deg,22,Car,24.432437691,"middle [10,30)",1,0.000000000,14,13,92.857142857,100.000000000
nuscenes,scene-0103_028,yaw,2.000000000,deg,8,Car,19.601551152,"middle [10,30)",0,0.000000000,27,21,77.777777778,100.000000000
nuscenes,scene-0103_028,yaw,2.000000000,deg,10,bicycle_rack,18.593094211,"middle [10,30)",0,0.000000000,61,58,95.081967213,100.000000000
nuscenes,scene-0103_028,yaw,2.000000000,deg,17,Truck,35.582418496,"far [30,inf)",0,0.000000000,23,19,82.608695652,100.000000000
nuscenes,scene-0103_028,yaw,2.000000000,deg,22,Car,24.432437691,"middle [10,30)",1,0.000000000,14,12,85.714285714,100.000000000
nuscenes,scene-0103_028,yaw,3.000000000,deg,8,Car,19.601551152,"middle [10,30)",0,0.000000000,27,15,55.555555556,100.000000000
nuscenes,scene-0103_028,yaw,3.000000000,deg,10,bicycle_rack,18.593094211,"middle [10,30)",0,0.000000000,61,55,90.163934426,100.000000000
nuscenes,scene-0103_028,yaw,3.000000000,deg,17,Truck,35.582418496,"far [30,inf)",0,0.000000000,23,15,65.217391304,100.000000000
nuscenes,scene-0103_028,yaw,3.000000000,deg,22,Car,24.432437691,"middle [10,30)",1,0.000000000,14,6,42.857142857,100.000000000
nuscenes,scene-0103_028,lateral,-0.100000000,m,8,Car,19.601551152,"middle [10,30)",0,0.000000000,27,27,100.000000000,100.000000000
nuscenes,scene-0103_028,lateral,-0.100000000,m,10,bicycle_rack,18.593094211,"middle [10,30)",0,0.000000000,61,61,100.000000000,100.000000000
nuscenes,scene-0103_028,lateral,-0.100000000,m,17,Truck,35.582418496,"far [30,inf)",0,0.000000000,23,23,100.000000000,100.000000000
nuscenes,scene-0103_028,lateral,-0.100000000,m,22,Car,24.432437691,"middle [10,30)",1,0.000000000,14,14,100.000000000,100.000000000
nuscenes,scene-0103_028,lateral,-0.050000000,m,8,Car,19.601551152,"middle [10,30)",0,0.000000000,27,27,100.000000000,100.000000000
nuscenes,scene-0103_028,lateral,-0.050000000,m,10,bicycle_rack,18.593094211,"middle [10,30)",0,0.000000000,61,61,100.000000000,100.000000000
nuscenes,scene-0103_028,lateral,-0.050000000,m,17,Truck,35.582418496,"far [30,inf)",0,0.000000000,23,23,100.000000000,100.000000000
nuscenes,scene-0103_028,lateral,-0.050000000,m,22,Car,24.432437691,"middle [10,30)",1,0.000000000,14,14,100.000000000,100.000000000
nuscenes,scene-0103_028,lateral,-0.020000000,m,8,Car,19.601551152,"middle [10,30)",0,0.000000000,27,27,100.000000000,100.000000000
nuscenes,scene-0103_028,lateral,-0.020000000,m,10,bicycle_rack,18.593094211,"middle [10,30)",0,0.000000000,61,61,100.000000000,100.000000000
nuscenes,scene-0103_028,lateral,-0.020000000,m,17,Truck,35.582418496,"far [30,inf)",0,0.000000000,23,23,100.000000000,100.000000000
nuscenes,scene-0103_028,lateral,-0.020000000,m,22,Car,24.432437691,"middle [10,30)",1,0.000000000,14,14,100.000000000,100.000000000
nuscenes,scene-0103_028,lateral,0.000000000,m,8,Car,19.601551152,"middle [10,30)",0,0.000000000,27,27,100.000000000,100.000000000
nuscenes,scene-0103_028,lateral,0.000000000,m,10,bicycle_rack,18.593094211,"middle [10,30)",0,0.000000000,61,61,100.000000000,100.000000000
nuscenes,scene-0103_028,lateral,0.000000000,m,17,Truck,35.582418496,"far [30,inf)",0,0.000000000,23,23,100.000000000,100.000000000
nuscenes,scene-0103_028,lateral,0.000000000,m,22,Car,24.432437691,"middle [10,30)",1,0.000000000,14,14,100.000000000,100.000000000
nuscenes,scene-0103_028,lateral,0.020000000,m,8,Car,19.601551152,"middle [10,30)",0,0.000000000,27,27,100.000000000,100.000000000
nuscenes,scene-0103_028,lateral,0.020000000,m,10,bicycle_rack,18.593094211,"middle [10,30)",0,0.000000000,61,61,100.000000000,100.000000000
nuscenes,scene-0103_028,lateral,0.020000000,m,17,Truck,35.582418496,"far [30,inf)",0,0.000000000,23,23,100.000000000,100.000000000
nuscenes,scene-0103_028,lateral,0.020000000,m,22,Car,24.432437691,"middle [10,30)",1,0.000000000,14,14,100.000000000,100.000000000
nuscenes,scene-0103_028,lateral,0.050000000,m,8,Car,19.601551152,"middle [10,30)",0,0.000000000,27,27,100.000000000,100.000000000
nuscenes,scene-0103_028,lateral,0.050000000,m,10,bicycle_rack,18.593094211,"middle [10,30)",0,0.000000000,61,61,100.000000000,100.000000000
nuscenes,scene-0103_028,lateral,0.050000000,m,17,Truck,35.582418496,"far [30,inf)",0,0.000000000,23,23,100.000000000,100.000000000
nuscenes,scene-0103_028,lateral,0.050000000,m,22,Car,24.432437691,"middle [10,30)",1,0.000000000,14,14,100.000000000,100.000000000
nuscenes,scene-0103_028,lateral,0.100000000,m,8,Car,19.601551152,"middle [10,30)",0,0.000000000,27,27,100.000000000,100.000000000
nuscenes,scene-0103_028,lateral,0.100000000,m,10,bicycle_rack,18.593094211,"middle [10,30)",0,0.000000000,61,61,100.000000000,100.000000000
nuscenes,scene-0103_028,lateral,0.100000000,m,17,Truck,35.582418496,"far [30,inf)",0,0.000000000,23,23,100.000000000,100.000000000
nuscenes,scene-0103_028,lateral,0.100000000,m,22,Car,24.432437691,"middle [10,30)",1,0.000000000,14,14,100.000000000,100.000000000
nuscenes,scene-0103_029,yaw,-3.000000000,deg,8,Car,16.257016276,"middle [10,30)",0,0.000000000,41,24,58.536585366,100.000000000
nuscenes,scene-0103_029,yaw,-3.000000000,deg,10,bicycle_rack,15.406529900,"middle [10,30)",0,0.296181298,80,71,88.750000000,100.000000000
nuscenes,scene-0103_029,yaw,-3.000000000,deg,17,Truck,33.145743646,"far [30,inf)",0,0.000000000,26,9,34.615384615,100.000000000
nuscenes,scene-0103_029,yaw,-3.000000000,deg,21,Car,20.840756670,"middle [10,30)",1,0.000000000,11,11,100.000000000,100.000000000
nuscenes,scene-0103_029,yaw,-2.000000000,deg,8,Car,16.257016276,"middle [10,30)",0,0.000000000,41,30,73.170731707,100.000000000
nuscenes,scene-0103_029,yaw,-2.000000000,deg,10,bicycle_rack,15.406529900,"middle [10,30)",0,0.296181298,80,74,92.500000000,100.000000000
nuscenes,scene-0103_029,yaw,-2.000000000,deg,17,Truck,33.145743646,"far [30,inf)",0,0.000000000,26,13,50.000000000,100.000000000
nuscenes,scene-0103_029,yaw,-2.000000000,deg,21,Car,20.840756670,"middle [10,30)",1,0.000000000,11,11,100.000000000,100.000000000
nuscenes,scene-0103_029,yaw,-1.000000000,deg,8,Car,16.257016276,"middle [10,30)",0,0.000000000,41,38,92.682926829,100.000000000
nuscenes,scene-0103_029,yaw,-1.000000000,deg,10,bicycle_rack,15.406529900,"middle [10,30)",0,0.296181298,80,79,98.750000000,100.000000000
nuscenes,scene-0103_029,yaw,-1.000000000,deg,17,Truck,33.145743646,"far [30,inf)",0,0.000000000,26,22,84.615384615,100.000000000
nuscenes,scene-0103_029,yaw,-1.000000000,deg,21,Car,20.840756670,"middle [10,30)",1,0.000000000,11,11,100.000000000,100.000000000
nuscenes,scene-0103_029,yaw,-0.500000000,deg,8,Car,16.257016276,"middle [10,30)",0,0.000000000,41,41,100.000000000,100.000000000
nuscenes,scene-0103_029,yaw,-0.500000000,deg,10,bicycle_rack,15.406529900,"middle [10,30)",0,0.296181298,80,80,100.000000000,100.000000000
nuscenes,scene-0103_029,yaw,-0.500000000,deg,17,Truck,33.145743646,"far [30,inf)",0,0.000000000,26,26,100.000000000,100.000000000
nuscenes,scene-0103_029,yaw,-0.500000000,deg,21,Car,20.840756670,"middle [10,30)",1,0.000000000,11,11,100.000000000,100.000000000
nuscenes,scene-0103_029,yaw,0.000000000,deg,8,Car,16.257016276,"middle [10,30)",0,0.000000000,41,41,100.000000000,100.000000000
nuscenes,scene-0103_029,yaw,0.000000000,deg,10,bicycle_rack,15.406529900,"middle [10,30)",0,0.296181298,80,80,100.000000000,100.000000000
nuscenes,scene-0103_029,yaw,0.000000000,deg,17,Truck,33.145743646,"far [30,inf)",0,0.000000000,26,26,100.000000000,100.000000000
nuscenes,scene-0103_029,yaw,0.000000000,deg,21,Car,20.840756670,"middle [10,30)",1,0.000000000,11,11,100.000000000,100.000000000
nuscenes,scene-0103_029,yaw,0.500000000,deg,8,Car,16.257016276,"middle [10,30)",0,0.000000000,41,41,100.000000000,100.000000000
nuscenes,scene-0103_029,yaw,0.500000000,deg,10,bicycle_rack,15.406529900,"middle [10,30)",0,0.296181298,80,77,96.250000000,100.000000000
nuscenes,scene-0103_029,yaw,0.500000000,deg,17,Truck,33.145743646,"far [30,inf)",0,0.000000000,26,26,100.000000000,100.000000000
nuscenes,scene-0103_029,yaw,0.500000000,deg,21,Car,20.840756670,"middle [10,30)",1,0.000000000,11,11,100.000000000,100.000000000
nuscenes,scene-0103_029,yaw,1.000000000,deg,8,Car,16.257016276,"middle [10,30)",0,0.000000000,41,39,95.121951220,100.000000000
nuscenes,scene-0103_029,yaw,1.000000000,deg,10,bicycle_rack,15.406529900,"middle [10,30)",0,0.296181298,80,73,91.250000000,100.000000000
nuscenes,scene-0103_029,yaw,1.000000000,deg,17,Truck,33.145743646,"far [30,inf)",0,0.000000000,26,26,100.000000000,100.000000000
nuscenes,scene-0103_029,yaw,1.000000000,deg,21,Car,20.840756670,"middle [10,30)",1,0.000000000,11,10,90.909090909,100.000000000
nuscenes,scene-0103_029,yaw,2.000000000,deg,8,Car,16.257016276,"middle [10,30)",0,0.000000000,41,33,80.487804878,100.000000000
nuscenes,scene-0103_029,yaw,2.000000000,deg,10,bicycle_rack,15.406529900,"middle [10,30)",0,0.296181298,80,65,81.250000000,100.000000000
nuscenes,scene-0103_029,yaw,2.000000000,deg,17,Truck,33.145743646,"far [30,inf)",0,0.000000000,26,23,88.461538462,100.000000000
nuscenes,scene-0103_029,yaw,2.000000000,deg,21,Car,20.840756670,"middle [10,30)",1,0.000000000,11,10,90.909090909,100.000000000
nuscenes,scene-0103_029,yaw,3.000000000,deg,8,Car,16.257016276,"middle [10,30)",0,0.000000000,41,26,63.414634146,100.000000000
nuscenes,scene-0103_029,yaw,3.000000000,deg,10,bicycle_rack,15.406529900,"middle [10,30)",0,0.296181298,80,57,71.250000000,100.000000000
nuscenes,scene-0103_029,yaw,3.000000000,deg,17,Truck,33.145743646,"far [30,inf)",0,0.000000000,26,20,76.923076923,100.000000000
nuscenes,scene-0103_029,yaw,3.000000000,deg,21,Car,20.840756670,"middle [10,30)",1,0.000000000,11,5,45.454545455,100.000000000
nuscenes,scene-0103_029,lateral,-0.100000000,m,8,Car,16.257016276,"middle [10,30)",0,0.000000000,41,41,100.000000000,100.000000000
nuscenes,scene-0103_029,lateral,-0.100000000,m,10,bicycle_rack,15.406529900,"middle [10,30)",0,0.296181298,80,78,97.500000000,100.000000000
nuscenes,scene-0103_029,lateral,-0.100000000,m,17,Truck,33.145743646,"far [30,inf)",0,0.000000000,26,26,100.000000000,100.000000000
nuscenes,scene-0103_029,lateral,-0.100000000,m,21,Car,20.840756670,"middle [10,30)",1,0.000000000,11,11,100.000000000,100.000000000
nuscenes,scene-0103_029,lateral,-0.050000000,m,8,Car,16.257016276,"middle [10,30)",0,0.000000000,41,41,100.000000000,100.000000000
nuscenes,scene-0103_029,lateral,-0.050000000,m,10,bicycle_rack,15.406529900,"middle [10,30)",0,0.296181298,80,80,100.000000000,100.000000000
nuscenes,scene-0103_029,lateral,-0.050000000,m,17,Truck,33.145743646,"far [30,inf)",0,0.000000000,26,26,100.000000000,100.000000000
nuscenes,scene-0103_029,lateral,-0.050000000,m,21,Car,20.840756670,"middle [10,30)",1,0.000000000,11,11,100.000000000,100.000000000
nuscenes,scene-0103_029,lateral,-0.020000000,m,8,Car,16.257016276,"middle [10,30)",0,0.000000000,41,41,100.000000000,100.000000000
nuscenes,scene-0103_029,lateral,-0.020000000,m,10,bicycle_rack,15.406529900,"middle [10,30)",0,0.296181298,80,80,100.000000000,100.000000000
nuscenes,scene-0103_029,lateral,-0.020000000,m,17,Truck,33.145743646,"far [30,inf)",0,0.000000000,26,26,100.000000000,100.000000000
nuscenes,scene-0103_029,lateral,-0.020000000,m,21,Car,20.840756670,"middle [10,30)",1,0.000000000,11,11,100.000000000,100.000000000
nuscenes,scene-0103_029,lateral,0.000000000,m,8,Car,16.257016276,"middle [10,30)",0,0.000000000,41,41,100.000000000,100.000000000
nuscenes,scene-0103_029,lateral,0.000000000,m,10,bicycle_rack,15.406529900,"middle [10,30)",0,0.296181298,80,80,100.000000000,100.000000000
nuscenes,scene-0103_029,lateral,0.000000000,m,17,Truck,33.145743646,"far [30,inf)",0,0.000000000,26,26,100.000000000,100.000000000
nuscenes,scene-0103_029,lateral,0.000000000,m,21,Car,20.840756670,"middle [10,30)",1,0.000000000,11,11,100.000000000,100.000000000
nuscenes,scene-0103_029,lateral,0.020000000,m,8,Car,16.257016276,"middle [10,30)",0,0.000000000,41,41,100.000000000,100.000000000
nuscenes,scene-0103_029,lateral,0.020000000,m,10,bicycle_rack,15.406529900,"middle [10,30)",0,0.296181298,80,80,100.000000000,100.000000000
nuscenes,scene-0103_029,lateral,0.020000000,m,17,Truck,33.145743646,"far [30,inf)",0,0.000000000,26,26,100.000000000,100.000000000
nuscenes,scene-0103_029,lateral,0.020000000,m,21,Car,20.840756670,"middle [10,30)",1,0.000000000,11,11,100.000000000,100.000000000
nuscenes,scene-0103_029,lateral,0.050000000,m,8,Car,16.257016276,"middle [10,30)",0,0.000000000,41,41,100.000000000,100.000000000
nuscenes,scene-0103_029,lateral,0.050000000,m,10,bicycle_rack,15.406529900,"middle [10,30)",0,0.296181298,80,80,100.000000000,100.000000000
nuscenes,scene-0103_029,lateral,0.050000000,m,17,Truck,33.145743646,"far [30,inf)",0,0.000000000,26,26,100.000000000,100.000000000
nuscenes,scene-0103_029,lateral,0.050000000,m,21,Car,20.840756670,"middle [10,30)",1,0.000000000,11,11,100.000000000,100.000000000
nuscenes,scene-0103_029,lateral,0.100000000,m,8,Car,16.257016276,"middle [10,30)",0,0.000000000,41,41,100.000000000,100.000000000
nuscenes,scene-0103_029,lateral,0.100000000,m,10,bicycle_rack,15.406529900,"middle [10,30)",0,0.296181298,80,80,100.000000000,100.000000000
nuscenes,scene-0103_029,lateral,0.100000000,m,17,Truck,33.145743646,"far [30,inf)",0,0.000000000,26,26,100.000000000,100.000000000
nuscenes,scene-0103_029,lateral,0.100000000,m,21,Car,20.840756670,"middle [10,30)",1,0.000000000,11,11,100.000000000,100.000000000
nuscenes,scene-0103_030,yaw,-3.000000000,deg,7,Car,13.098027299,"middle [10,30)",0,0.000000000,66,43,65.151515152,100.000000000
nuscenes,scene-0103_030,yaw,-3.000000000,deg,9,bicycle_rack,15.950932298,"middle [10,30)",0,0.601519840,59,50,84.745762712,100.000000000
nuscenes,scene-0103_030,yaw,-3.000000000,deg,14,Car,23.714077296,"middle [10,30)",1,0.000000000,20,16,80.000000000,100.000000000
nuscenes,scene-0103_030,yaw,-3.000000000,deg,15,Truck,29.959497977,"middle [10,30)",0,0.000000000,43,21,48.837209302,100.000000000
nuscenes,scene-0103_030,yaw,-3.000000000,deg,19,Car,17.558560683,"middle [10,30)",1,0.000000000,30,27,90.000000000,100.000000000
nuscenes,scene-0103_030,yaw,-2.000000000,deg,7,Car,13.098027299,"middle [10,30)",0,0.000000000,66,54,81.818181818,100.000000000
nuscenes,scene-0103_030,yaw,-2.000000000,deg,9,bicycle_rack,15.950932298,"middle [10,30)",0,0.601519840,59,53,89.830508475,100.000000000
nuscenes,scene-0103_030,yaw,-2.000000000,deg,14,Car,23.714077296,"middle [10,30)",1,0.000000000,20,19,95.000000000,100.000000000
nuscenes,scene-0103_030,yaw,-2.000000000,deg,15,Truck,29.959497977,"middle [10,30)",0,0.000000000,43,30,69.767441860,100.000000000
nuscenes,scene-0103_030,yaw,-2.000000000,deg,19,Car,17.558560683,"middle [10,30)",1,0.000000000,30,30,100.000000000,100.000000000
nuscenes,scene-0103_030,yaw,-1.000000000,deg,7,Car,13.098027299,"middle [10,30)",0,0.000000000,66,63,95.454545455,100.000000000
nuscenes,scene-0103_030,yaw,-1.000000000,deg,9,bicycle_rack,15.950932298,"middle [10,30)",0,0.601519840,59,59,100.000000000,100.000000000
nuscenes,scene-0103_030,yaw,-1.000000000,deg,14,Car,23.714077296,"middle [10,30)",1,0.000000000,20,20,100.000000000,100.000000000
nuscenes,scene-0103_030,yaw,-1.000000000,deg,15,Truck,29.959497977,"middle [10,30)",0,0.000000000,43,40,93.023255814,100.000000000
nuscenes,scene-0103_030,yaw,-1.000000000,deg,19,Car,17.558560683,"middle [10,30)",1,0.000000000,30,30,100.000000000,100.000000000
nuscenes,scene-0103_030,yaw,-0.500000000,deg,7,Car,13.098027299,"middle [10,30)",0,0.000000000,66,66,100.000000000,100.000000000
nuscenes,scene-0103_030,yaw,-0.500000000,deg,9,bicycle_rack,15.950932298,"middle [10,30)",0,0.601519840,59,59,100.000000000,100.000000000
nuscenes,scene-0103_030,yaw,-0.500000000,deg,14,Car,23.714077296,"middle [10,30)",1,0.000000000,20,20,100.000000000,100.000000000
nuscenes,scene-0103_030,yaw,-0.500000000,deg,15,Truck,29.959497977,"middle [10,30)",0,0.000000000,43,42,97.674418605,100.000000000
nuscenes,scene-0103_030,yaw,-0.500000000,deg,19,Car,17.558560683,"middle [10,30)",1,0.000000000,30,30,100.000000000,100.000000000
nuscenes,scene-0103_030,yaw,0.000000000,deg,7,Car,13.098027299,"middle [10,30)",0,0.000000000,66,66,100.000000000,100.000000000
nuscenes,scene-0103_030,yaw,0.000000000,deg,9,bicycle_rack,15.950932298,"middle [10,30)",0,0.601519840,59,59,100.000000000,100.000000000
nuscenes,scene-0103_030,yaw,0.000000000,deg,14,Car,23.714077296,"middle [10,30)",1,0.000000000,20,20,100.000000000,100.000000000
nuscenes,scene-0103_030,yaw,0.000000000,deg,15,Truck,29.959497977,"middle [10,30)",0,0.000000000,43,43,100.000000000,100.000000000
nuscenes,scene-0103_030,yaw,0.000000000,deg,19,Car,17.558560683,"middle [10,30)",1,0.000000000,30,30,100.000000000,100.000000000
nuscenes,scene-0103_030,yaw,0.500000000,deg,7,Car,13.098027299,"middle [10,30)",0,0.000000000,66,66,100.000000000,100.000000000
nuscenes,scene-0103_030,yaw,0.500000000,deg,9,bicycle_rack,15.950932298,"middle [10,30)",0,0.601519840,59,54,91.525423729,100.000000000
nuscenes,scene-0103_030,yaw,0.500000000,deg,14,Car,23.714077296,"middle [10,30)",1,0.000000000,20,19,95.000000000,100.000000000
nuscenes,scene-0103_030,yaw,0.500000000,deg,15,Truck,29.959497977,"middle [10,30)",0,0.000000000,43,43,100.000000000,100.000000000
nuscenes,scene-0103_030,yaw,0.500000000,deg,19,Car,17.558560683,"middle [10,30)",1,0.000000000,30,30,100.000000000,100.000000000
nuscenes,scene-0103_030,yaw,1.000000000,deg,7,Car,13.098027299,"middle [10,30)",0,0.000000000,66,64,96.969696970,100.000000000
nuscenes,scene-0103_030,yaw,1.000000000,deg,9,bicycle_rack,15.950932298,"middle [10,30)",0,0.601519840,59,52,88.135593220,100.000000000
nuscenes,scene-0103_030,yaw,1.000000000,deg,14,Car,23.714077296,"middle [10,30)",1,0.000000000,20,17,85.000000000,100.000000000
nuscenes,scene-0103_030,yaw,1.000000000,deg,15,Truck,29.959497977,"middle [10,30)",0,0.000000000,43,43,100.000000000,100.000000000
nuscenes,scene-0103_030,yaw,1.000000000,deg,19,Car,17.558560683,"middle [10,30)",1,0.000000000,30,28,93.333333333,100.000000000
nuscenes,scene-0103_030,yaw,2.000000000,deg,7,Car,13.098027299,"middle [10,30)",0,0.000000000,66,58,87.878787879,100.000000000
nuscenes,scene-0103_030,yaw,2.000000000,deg,9,bicycle_rack,15.950932298,"middle [10,30)",0,0.601519840,59,47,79.661016949,100.000000000
nuscenes,scene-0103_030,yaw,2.000000000,deg,14,Car,23.714077296,"middle [10,30)",1,0.000000000,20,11,55.000000000,100.000000000
nuscenes,scene-0103_030,yaw,2.000000000,deg,15,Truck,29.959497977,"middle [10,30)",0,0.000000000,43,40,93.023255814,100.000000000
nuscenes,scene-0103_030,yaw,2.000000000,deg,19,Car,17.558560683,"middle [10,30)",1,0.000000000,30,28,93.333333333,100.000000000
nuscenes,scene-0103_030,yaw,3.000000000,deg,7,Car,13.098027299,"middle [10,30)",0,0.000000000,66,51,77.272727273,100.000000000
nuscenes,scene-0103_030,yaw,3.000000000,deg,9,bicycle_rack,15.950932298,"middle [10,30)",0,0.601519840,59,42,71.186440678,100.000000000
nuscenes,scene-0103_030,yaw,3.000000000,deg,14,Car,23.714077296,"middle [10,30)",1,0.000000000,20,4,20.000000000,100.000000000
nuscenes,scene-0103_030,yaw,3.000000000,deg,15,Truck,29.959497977,"middle [10,30)",0,0.000000000,43,37,86.046511628,100.000000000
nuscenes,scene-0103_030,yaw,3.000000000,deg,19,Car,17.558560683,"middle [10,30)",1,0.000000000,30,26,86.666666667,100.000000000
nuscenes,scene-0103_030,lateral,-0.100000000,m,7,Car,13.098027299,"middle [10,30)",0,0.000000000,66,66,100.000000000,100.000000000
nuscenes,scene-0103_030,lateral,-0.100000000,m,9,bicycle_rack,15.950932298,"middle [10,30)",0,0.601519840,59,56,94.915254237,100.000000000
nuscenes,scene-0103_030,lateral,-0.100000000,m,14,Car,23.714077296,"middle [10,30)",1,0.000000000,20,20,100.000000000,100.000000000
nuscenes,scene-0103_030,lateral,-0.100000000,m,15,Truck,29.959497977,"middle [10,30)",0,0.000000000,43,43,100.000000000,100.000000000
nuscenes,scene-0103_030,lateral,-0.100000000,m,19,Car,17.558560683,"middle [10,30)",1,0.000000000,30,30,100.000000000,100.000000000
nuscenes,scene-0103_030,lateral,-0.050000000,m,7,Car,13.098027299,"middle [10,30)",0,0.000000000,66,66,100.000000000,100.000000000
nuscenes,scene-0103_030,lateral,-0.050000000,m,9,bicycle_rack,15.950932298,"middle [10,30)",0,0.601519840,59,58,98.305084746,100.000000000
nuscenes,scene-0103_030,lateral,-0.050000000,m,14,Car,23.714077296,"middle [10,30)",1,0.000000000,20,20,100.000000000,100.000000000
nuscenes,scene-0103_030,lateral,-0.050000000,m,15,Truck,29.959497977,"middle [10,30)",0,0.000000000,43,43,100.000000000,100.000000000
nuscenes,scene-0103_030,lateral,-0.050000000,m,19,Car,17.558560683,"middle [10,30)",1,0.000000000,30,30,100.000000000,100.000000000
nuscenes,scene-0103_030,lateral,-0.020000000,m,7,Car,13.098027299,"middle [10,30)",0,0.000000000,66,66,100.000000000,100.000000000
nuscenes,scene-0103_030,lateral,-0.020000000,m,9,bicycle_rack,15.950932298,"middle [10,30)",0,0.601519840,59,59,100.000000000,100.000000000
nuscenes,scene-0103_030,lateral,-0.020000000,m,14,Car,23.714077296,"middle [10,30)",1,0.000000000,20,20,100.000000000,100.000000000
nuscenes,scene-0103_030,lateral,-0.020000000,m,15,Truck,29.959497977,"middle [10,30)",0,0.000000000,43,43,100.000000000,100.000000000
nuscenes,scene-0103_030,lateral,-0.020000000,m,19,Car,17.558560683,"middle [10,30)",1,0.000000000,30,30,100.000000000,100.000000000
nuscenes,scene-0103_030,lateral,0.000000000,m,7,Car,13.098027299,"middle [10,30)",0,0.000000000,66,66,100.000000000,100.000000000
nuscenes,scene-0103_030,lateral,0.000000000,m,9,bicycle_rack,15.950932298,"middle [10,30)",0,0.601519840,59,59,100.000000000,100.000000000
nuscenes,scene-0103_030,lateral,0.000000000,m,14,Car,23.714077296,"middle [10,30)",1,0.000000000,20,20,100.000000000,100.000000000
nuscenes,scene-0103_030,lateral,0.000000000,m,15,Truck,29.959497977,"middle [10,30)",0,0.000000000,43,43,100.000000000,100.000000000
nuscenes,scene-0103_030,lateral,0.000000000,m,19,Car,17.558560683,"middle [10,30)",1,0.000000000,30,30,100.000000000,100.000000000
nuscenes,scene-0103_030,lateral,0.020000000,m,7,Car,13.098027299,"middle [10,30)",0,0.000000000,66,66,100.000000000,100.000000000
nuscenes,scene-0103_030,lateral,0.020000000,m,9,bicycle_rack,15.950932298,"middle [10,30)",0,0.601519840,59,59,100.000000000,100.000000000
nuscenes,scene-0103_030,lateral,0.020000000,m,14,Car,23.714077296,"middle [10,30)",1,0.000000000,20,20,100.000000000,100.000000000
nuscenes,scene-0103_030,lateral,0.020000000,m,15,Truck,29.959497977,"middle [10,30)",0,0.000000000,43,43,100.000000000,100.000000000
nuscenes,scene-0103_030,lateral,0.020000000,m,19,Car,17.558560683,"middle [10,30)",1,0.000000000,30,30,100.000000000,100.000000000
nuscenes,scene-0103_030,lateral,0.050000000,m,7,Car,13.098027299,"middle [10,30)",0,0.000000000,66,66,100.000000000,100.000000000
nuscenes,scene-0103_030,lateral,0.050000000,m,9,bicycle_rack,15.950932298,"middle [10,30)",0,0.601519840,59,59,100.000000000,100.000000000
nuscenes,scene-0103_030,lateral,0.050000000,m,14,Car,23.714077296,"middle [10,30)",1,0.000000000,20,20,100.000000000,100.000000000
nuscenes,scene-0103_030,lateral,0.050000000,m,15,Truck,29.959497977,"middle [10,30)",0,0.000000000,43,43,100.000000000,100.000000000
nuscenes,scene-0103_030,lateral,0.050000000,m,19,Car,17.558560683,"middle [10,30)",1,0.000000000,30,30,100.000000000,100.000000000
nuscenes,scene-0103_030,lateral,0.100000000,m,7,Car,13.098027299,"middle [10,30)",0,0.000000000,66,66,100.000000000,100.000000000
nuscenes,scene-0103_030,lateral,0.100000000,m,9,bicycle_rack,15.950932298,"middle [10,30)",0,0.601519840,59,59,100.000000000,100.000000000
nuscenes,scene-0103_030,lateral,0.100000000,m,14,Car,23.714077296,"middle [10,30)",1,0.000000000,20,20,100.000000000,100.000000000
nuscenes,scene-0103_030,lateral,0.100000000,m,15,Truck,29.959497977,"middle [10,30)",0,0.000000000,43,43,100.000000000,100.000000000
nuscenes,scene-0103_030,lateral,0.100000000,m,19,Car,17.558560683,"middle [10,30)",1,0.000000000,30,30,100.000000000,100.000000000
nuscenes,scene-0103_031,yaw,-3.000000000,deg,6,Car,10.256851001,"middle [10,30)",0,0.164709365,133,92,69.172932331,100.000000000
nuscenes,scene-0103_031,yaw,-3.000000000,deg,7,Car,26.269037767,"middle [10,30)",1,0.000000000,12,5,41.666666667,100.000000000
nuscenes,scene-0103_031,yaw,-3.000000000,deg,8,bicycle_rack,16.255399335,"middle [10,30)",0,0.880856002,31,20,64.516129032,100.000000000
nuscenes,scene-0103_031,yaw,-3.000000000,deg,12,Car,20.393782064,"middle [10,30)",1,0.000000000,19,18,94.736842105,100.000000000
nuscenes,scene-0103_031,yaw,-3.000000000,deg,13,Truck,25.663546894,"middle [10,30)",0,0.000000000,49,34,69.387755102,100.000000000
nuscenes,scene-0103_031,yaw,-3.000000000,deg,17,Car,14.545921285,"middle [10,30)",0,0.000000000,47,47,100.000000000,100.000000000
nuscenes,scene-0103_031,yaw,-2.000000000,deg,6,Car,10.256851001,"middle [10,30)",0,0.164709365,133,106,79.699248120,100.000000000
nuscenes,scene-0103_031,yaw,-2.000000000,deg,7,Car,26.269037767,"middle [10,30)",1,0.000000000,12,9,75.000000000,100.000000000
nuscenes,scene-0103_031,yaw,-2.000000000,deg,8,bicycle_rack,16.255399335,"middle [10,30)",0,0.880856002,31,27,87.096774194,100.000000000
nuscenes,scene-0103_031,yaw,-2.000000000,deg,12,Car,20.393782064,"middle [10,30)",1,0.000000000,19,19,100.000000000,100.000000000
nuscenes,scene-0103_031,yaw,-2.000000000,deg,13,Truck,25.663546894,"middle [10,30)",0,0.000000000,49,43,87.755102041,100.000000000
nuscenes,scene-0103_031,yaw,-2.000000000,deg,17,Car,14.545921285,"middle [10,30)",0,0.000000000,47,47,100.000000000,100.000000000
nuscenes,scene-0103_031,yaw,-1.000000000,deg,6,Car,10.256851001,"middle [10,30)",0,0.164709365,133,121,90.977443609,100.000000000
nuscenes,scene-0103_031,yaw,-1.000000000,deg,7,Car,26.269037767,"middle [10,30)",1,0.000000000,12,12,100.000000000,100.000000000
nuscenes,scene-0103_031,yaw,-1.000000000,deg,8,bicycle_rack,16.255399335,"middle [10,30)",0,0.880856002,31,31,100.000000000,100.000000000
nuscenes,scene-0103_031,yaw,-1.000000000,deg,12,Car,20.393782064,"middle [10,30)",1,0.000000000,19,19,100.000000000,100.000000000
nuscenes,scene-0103_031,yaw,-1.000000000,deg,13,Truck,25.663546894,"middle [10,30)",0,0.000000000,49,47,95.918367347,100.000000000
nuscenes,scene-0103_031,yaw,-1.000000000,deg,17,Car,14.545921285,"middle [10,30)",0,0.000000000,47,47,100.000000000,100.000000000
nuscenes,scene-0103_031,yaw,-0.500000000,deg,6,Car,10.256851001,"middle [10,30)",0,0.164709365,133,125,93.984962406,100.000000000
nuscenes,scene-0103_031,yaw,-0.500000000,deg,7,Car,26.269037767,"middle [10,30)",1,0.000000000,12,12,100.000000000,100.000000000
nuscenes,scene-0103_031,yaw,-0.500000000,deg,8,bicycle_rack,16.255399335,"middle [10,30)",0,0.880856002,31,31,100.000000000,100.000000000
nuscenes,scene-0103_031,yaw,-0.500000000,deg,12,Car,20.393782064,"middle [10,30)",1,0.000000000,19,19,100.000000000,100.000000000
nuscenes,scene-0103_031,yaw,-0.500000000,deg,13,Truck,25.663546894,"middle [10,30)",0,0.000000000,49,49,100.000000000,100.000000000
nuscenes,scene-0103_031,yaw,-0.500000000,deg,17,Car,14.545921285,"middle [10,30)",0,0.000000000,47,47,100.000000000,100.000000000
nuscenes,scene-0103_031,yaw,0.000000000,deg,6,Car,10.256851001,"middle [10,30)",0,0.164709365,133,133,100.000000000,100.000000000
nuscenes,scene-0103_031,yaw,0.000000000,deg,7,Car,26.269037767,"middle [10,30)",1,0.000000000,12,12,100.000000000,100.000000000
nuscenes,scene-0103_031,yaw,0.000000000,deg,8,bicycle_rack,16.255399335,"middle [10,30)",0,0.880856002,31,31,100.000000000,100.000000000
nuscenes,scene-0103_031,yaw,0.000000000,deg,12,Car,20.393782064,"middle [10,30)",1,0.000000000,19,19,100.000000000,100.000000000
nuscenes,scene-0103_031,yaw,0.000000000,deg,13,Truck,25.663546894,"middle [10,30)",0,0.000000000,49,49,100.000000000,100.000000000
nuscenes,scene-0103_031,yaw,0.000000000,deg,17,Car,14.545921285,"middle [10,30)",0,0.000000000,47,47,100.000000000,100.000000000
nuscenes,scene-0103_031,yaw,0.500000000,deg,6,Car,10.256851001,"middle [10,30)",0,0.164709365,133,133,100.000000000,100.000000000
nuscenes,scene-0103_031,yaw,0.500000000,deg,7,Car,26.269037767,"middle [10,30)",1,0.000000000,12,12,100.000000000,100.000000000
nuscenes,scene-0103_031,yaw,0.500000000,deg,8,bicycle_rack,16.255399335,"middle [10,30)",0,0.880856002,31,29,93.548387097,100.000000000
nuscenes,scene-0103_031,yaw,0.500000000,deg,12,Car,20.393782064,"middle [10,30)",1,0.000000000,19,19,100.000000000,100.000000000
nuscenes,scene-0103_031,yaw,0.500000000,deg,13,Truck,25.663546894,"middle [10,30)",0,0.000000000,49,49,100.000000000,100.000000000
nuscenes,scene-0103_031,yaw,0.500000000,deg,17,Car,14.545921285,"middle [10,30)",0,0.000000000,47,47,100.000000000,100.000000000
nuscenes,scene-0103_031,yaw,1.000000000,deg,6,Car,10.256851001,"middle [10,30)",0,0.164709365,133,131,98.496240602,100.000000000
nuscenes,scene-0103_031,yaw,1.000000000,deg,7,Car,26.269037767,"middle [10,30)",1,0.000000000,12,12,100.000000000,100.000000000
nuscenes,scene-0103_031,yaw,1.000000000,deg,8,bicycle_rack,16.255399335,"middle [10,30)",0,0.880856002,31,28,90.322580645,100.000000000
nuscenes,scene-0103_031,yaw,1.000000000,deg,12,Car,20.393782064,"middle [10,30)",1,0.000000000,19,17,89.473684211,100.000000000
nuscenes,scene-0103_031,yaw,1.000000000,deg,13,Truck,25.663546894,"middle [10,30)",0,0.000000000,49,49,100.000000000,100.000000000
nuscenes,scene-0103_031,yaw,1.000000000,deg,17,Car,14.545921285,"middle [10,30)",0,0.000000000,47,46,97.872340426,100.000000000
nuscenes,scene-0103_031,yaw,2.000000000,deg,6,Car,10.256851001,"middle [10,30)",0,0.164709365,133,124,93.233082707,100.000000000
nuscenes,scene-0103_031,yaw,2.000000000,deg,7,Car,26.269037767,"middle [10,30)",1,0.000000000,12,10,83.333333333,100.000000000
nuscenes,scene-0103_031,yaw,2.000000000,deg,8,bicycle_rack,16.255399335,"middle [10,30)",0,0.880856002,31,25,80.645161290,100.000000000
nuscenes,scene-0103_031,yaw,2.000000000,deg,12,Car,20.393782064,"middle [10,30)",1,0.000000000,19,11,57.894736842,100.000000000
nuscenes,scene-0103_031,yaw,2.000000000,deg,13,Truck,25.663546894,"middle [10,30)",0,0.000000000,49,47,95.918367347,100.000000000
nuscenes,scene-0103_031,yaw,2.000000000,deg,17,Car,14.545921285,"middle [10,30)",0,0.000000000,47,41,87.234042553,100.000000000
nuscenes,scene-0103_031,yaw,3.000000000,deg,6,Car,10.256851001,"middle [10,30)",0,0.164709365,133,113,84.962406015,100.000000000
nuscenes,scene-0103_031,yaw,3.000000000,deg,7,Car,26.269037767,"middle [10,30)",1,0.000000000,12,4,33.333333333,100.000000000
nuscenes,scene-0103_031,yaw,3.000000000,deg,8,bicycle_rack,16.255399335,"middle [10,30)",0,0.880856002,31,21,67.741935484,100.000000000
nuscenes,scene-0103_031,yaw,3.000000000,deg,12,Car,20.393782064,"middle [10,30)",1,0.000000000,19,4,21.052631579,100.000000000
nuscenes,scene-0103_031,yaw,3.000000000,deg,13,Truck,25.663546894,"middle [10,30)",0,0.000000000,49,43,87.755102041,100.000000000
nuscenes,scene-0103_031,yaw,3.000000000,deg,17,Car,14.545921285,"middle [10,30)",0,0.000000000,47,35,74.468085106,100.000000000
nuscenes,scene-0103_031,lateral,-0.100000000,m,6,Car,10.256851001,"middle [10,30)",0,0.164709365,133,133,100.000000000,100.000000000
nuscenes,scene-0103_031,lateral,-0.100000000,m,7,Car,26.269037767,"middle [10,30)",1,0.000000000,12,12,100.000000000,100.000000000
nuscenes,scene-0103_031,lateral,-0.100000000,m,8,bicycle_rack,16.255399335,"middle [10,30)",0,0.880856002,31,30,96.774193548,100.000000000
nuscenes,scene-0103_031,lateral,-0.100000000,m,12,Car,20.393782064,"middle [10,30)",1,0.000000000,19,19,100.000000000,100.000000000
nuscenes,scene-0103_031,lateral,-0.100000000,m,13,Truck,25.663546894,"middle [10,30)",0,0.000000000,49,49,100.000000000,100.000000000
nuscenes,scene-0103_031,lateral,-0.100000000,m,17,Car,14.545921285,"middle [10,30)",0,0.000000000,47,47,100.000000000,100.000000000
nuscenes,scene-0103_031,lateral,-0.050000000,m,6,Car,10.256851001,"middle [10,30)",0,0.164709365,133,133,100.000000000,100.000000000
nuscenes,scene-0103_031,lateral,-0.050000000,m,7,Car,26.269037767,"middle [10,30)",1,0.000000000,12,12,100.000000000,100.000000000
nuscenes,scene-0103_031,lateral,-0.050000000,m,8,bicycle_rack,16.255399335,"middle [10,30)",0,0.880856002,31,30,96.774193548,100.000000000
nuscenes,scene-0103_031,lateral,-0.050000000,m,12,Car,20.393782064,"middle [10,30)",1,0.000000000,19,19,100.000000000,100.000000000
nuscenes,scene-0103_031,lateral,-0.050000000,m,13,Truck,25.663546894,"middle [10,30)",0,0.000000000,49,49,100.000000000,100.000000000
nuscenes,scene-0103_031,lateral,-0.050000000,m,17,Car,14.545921285,"middle [10,30)",0,0.000000000,47,47,100.000000000,100.000000000
nuscenes,scene-0103_031,lateral,-0.020000000,m,6,Car,10.256851001,"middle [10,30)",0,0.164709365,133,133,100.000000000,100.000000000
nuscenes,scene-0103_031,lateral,-0.020000000,m,7,Car,26.269037767,"middle [10,30)",1,0.000000000,12,12,100.000000000,100.000000000
nuscenes,scene-0103_031,lateral,-0.020000000,m,8,bicycle_rack,16.255399335,"middle [10,30)",0,0.880856002,31,31,100.000000000,100.000000000
nuscenes,scene-0103_031,lateral,-0.020000000,m,12,Car,20.393782064,"middle [10,30)",1,0.000000000,19,19,100.000000000,100.000000000
nuscenes,scene-0103_031,lateral,-0.020000000,m,13,Truck,25.663546894,"middle [10,30)",0,0.000000000,49,49,100.000000000,100.000000000
nuscenes,scene-0103_031,lateral,-0.020000000,m,17,Car,14.545921285,"middle [10,30)",0,0.000000000,47,47,100.000000000,100.000000000
nuscenes,scene-0103_031,lateral,0.000000000,m,6,Car,10.256851001,"middle [10,30)",0,0.164709365,133,133,100.000000000,100.000000000
nuscenes,scene-0103_031,lateral,0.000000000,m,7,Car,26.269037767,"middle [10,30)",1,0.000000000,12,12,100.000000000,100.000000000
nuscenes,scene-0103_031,lateral,0.000000000,m,8,bicycle_rack,16.255399335,"middle [10,30)",0,0.880856002,31,31,100.000000000,100.000000000
nuscenes,scene-0103_031,lateral,0.000000000,m,12,Car,20.393782064,"middle [10,30)",1,0.000000000,19,19,100.000000000,100.000000000
nuscenes,scene-0103_031,lateral,0.000000000,m,13,Truck,25.663546894,"middle [10,30)",0,0.000000000,49,49,100.000000000,100.000000000
nuscenes,scene-0103_031,lateral,0.000000000,m,17,Car,14.545921285,"middle [10,30)",0,0.000000000,47,47,100.000000000,100.000000000
nuscenes,scene-0103_031,lateral,0.020000000,m,6,Car,10.256851001,"middle [10,30)",0,0.164709365,133,131,98.496240602,100.000000000
nuscenes,scene-0103_031,lateral,0.020000000,m,7,Car,26.269037767,"middle [10,30)",1,0.000000000,12,12,100.000000000,100.000000000
nuscenes,scene-0103_031,lateral,0.020000000,m,8,bicycle_rack,16.255399335,"middle [10,30)",0,0.880856002,31,31,100.000000000,100.000000000
nuscenes,scene-0103_031,lateral,0.020000000,m,12,Car,20.393782064,"middle [10,30)",1,0.000000000,19,19,100.000000000,100.000000000
nuscenes,scene-0103_031,lateral,0.020000000,m,13,Truck,25.663546894,"middle [10,30)",0,0.000000000,49,49,100.000000000,100.000000000
nuscenes,scene-0103_031,lateral,0.020000000,m,17,Car,14.545921285,"middle [10,30)",0,0.000000000,47,47,100.000000000,100.000000000
nuscenes,scene-0103_031,lateral,0.050000000,m,6,Car,10.256851001,"middle [10,30)",0,0.164709365,133,129,96.992481203,100.000000000
nuscenes,scene-0103_031,lateral,0.050000000,m,7,Car,26.269037767,"middle [10,30)",1,0.000000000,12,12,100.000000000,100.000000000
nuscenes,scene-0103_031,lateral,0.050000000,m,8,bicycle_rack,16.255399335,"middle [10,30)",0,0.880856002,31,31,100.000000000,100.000000000
nuscenes,scene-0103_031,lateral,0.050000000,m,12,Car,20.393782064,"middle [10,30)",1,0.000000000,19,19,100.000000000,100.000000000
nuscenes,scene-0103_031,lateral,0.050000000,m,13,Truck,25.663546894,"middle [10,30)",0,0.000000000,49,49,100.000000000,100.000000000
nuscenes,scene-0103_031,lateral,0.050000000,m,17,Car,14.545921285,"middle [10,30)",0,0.000000000,47,47,100.000000000,100.000000000
nuscenes,scene-0103_031,lateral,0.100000000,m,6,Car,10.256851001,"middle [10,30)",0,0.164709365,133,127,95.488721805,100.000000000
nuscenes,scene-0103_031,lateral,0.100000000,m,7,Car,26.269037767,"middle [10,30)",1,0.000000000,12,12,100.000000000,100.000000000
nuscenes,scene-0103_031,lateral,0.100000000,m,8,bicycle_rack,16.255399335,"middle [10,30)",0,0.880856002,31,31,100.000000000,100.000000000
nuscenes,scene-0103_031,lateral,0.100000000,m,12,Car,20.393782064,"middle [10,30)",1,0.000000000,19,19,100.000000000,100.000000000
nuscenes,scene-0103_031,lateral,0.100000000,m,13,Truck,25.663546894,"middle [10,30)",0,0.000000000,49,49,100.000000000,100.000000000
nuscenes,scene-0103_031,lateral,0.100000000,m,17,Car,14.545921285,"middle [10,30)",0,0.000000000,47,47,100.000000000,100.000000000
nuscenes,scene-0103_032,yaw,-3.000000000,deg,5,Car,8.264950380,"near [0,10)",0,0.789686516,30,7,23.333333333,100.000000000
nuscenes,scene-0103_032,yaw,-3.000000000,deg,6,Car,22.726444831,"middle [10,30)",0,0.000000000,22,17,77.272727273,100.000000000
nuscenes,scene-0103_032,yaw,-3.000000000,deg,7,bicycle_rack,14.108030678,"middle [10,30)",0,0.995645181,23,17,73.913043478,100.000000000
nuscenes,scene-0103_032,yaw,-3.000000000,deg,8,Car,30.963305783,"far [30,inf)",1,0.000000000,10,1,10.000000000,100.000000000
nuscenes,scene-0103_032,yaw,-3.000000000,deg,10,Bicycle,16.385465672,"middle [10,30)",0,0.000000000,16,1,6.250000000,100.000000000
nuscenes,scene-0103_032,yaw,-3.000000000,deg,11,Car,17.062259685,"middle [10,30)",1,0.000000000,25,24,96.000000000,100.000000000
nuscenes,scene-0103_032,yaw,-3.000000000,deg,12,Truck,23.153291246,"middle [10,30)",0,0.000000000,70,47,67.142857143,100.000000000
nuscenes,scene-0103_032,yaw,-3.000000000,deg,16,Car,10.786754721,"middle [10,30)",0,0.119679666,123,113,91.869918699,100.000000000
nuscenes,scene-0103_032,yaw,-2.000000000,deg,5,Car,8.264950380,"near [0,10)",0,0.789686516,30,14,46.666666667,100.000000000
nuscenes,scene-0103_032,yaw,-2.000000000,deg,6,Car,22.726444831,"middle [10,30)",0,0.000000000,22,20,90.909090909,100.000000000
nuscenes,scene-0103_032,yaw,-2.000000000,deg,7,bicycle_rack,14.108030678,"middle [10,30)",0,0.995645181,23,21,91.304347826,100.000000000
nuscenes,scene-0103_032,yaw,-2.000000000,deg,8,Car,30.963305783,"far [30,inf)",1,0.000000000,10,5,50.000000000,100.000000000
nuscenes,scene-0103_032,yaw,-2.000000000,deg,10,Bicycle,16.385465672,"middle [10,30)",0,0.000000000,16,8,50.000000000,100.000000000
nuscenes,scene-0103_032,yaw,-2.000000000,deg,11,Car,17.062259685,"middle [10,30)",1,0.000000000,25,25,100.000000000,100.000000000
nuscenes,scene-0103_032,yaw,-2.000000000,deg,12,Truck,23.153291246,"middle [10,30)",0,0.000000000,70,58,82.857142857,100.000000000
nuscenes,scene-0103_032,yaw,-2.000000000,deg,16,Car,10.786754721,"middle [10,30)",0,0.119679666,123,116,94.308943089,100.000000000
nuscenes,scene-0103_032,yaw,-1.000000000,deg,5,Car,8.264950380,"near [0,10)",0,0.789686516,30,22,73.333333333,100.000000000
nuscenes,scene-0103_032,yaw,-1.000000000,deg,6,Car,22.726444831,"middle [10,30)",0,0.000000000,22,22,100.000000000,100.000000000
nuscenes,scene-0103_032,yaw,-1.000000000,deg,7,bicycle_rack,14.108030678,"middle [10,30)",0,0.995645181,23,23,100.000000000,100.000000000
nuscenes,scene-0103_032,yaw,-1.000000000,deg,8,Car,30.963305783,"far [30,inf)",1,0.000000000,10,8,80.000000000,100.000000000
nuscenes,scene-0103_032,yaw,-1.000000000,deg,10,Bicycle,16.385465672,"middle [10,30)",0,0.000000000,16,16,100.000000000,100.000000000
nuscenes,scene-0103_032,yaw,-1.000000000,deg,11,Car,17.062259685,"middle [10,30)",1,0.000000000,25,25,100.000000000,100.000000000
nuscenes,scene-0103_032,yaw,-1.000000000,deg,12,Truck,23.153291246,"middle [10,30)",0,0.000000000,70,67,95.714285714,100.000000000
nuscenes,scene-0103_032,yaw,-1.000000000,deg,16,Car,10.786754721,"middle [10,30)",0,0.119679666,123,122,99.186991870,100.000000000
nuscenes,scene-0103_032,yaw,-0.500000000,deg,5,Car,8.264950380,"near [0,10)",0,0.789686516,30,27,90.000000000,100.000000000
nuscenes,scene-0103_032,yaw,-0.500000000,deg,6,Car,22.726444831,"middle [10,30)",0,0.000000000,22,22,100.000000000,100.000000000
nuscenes,scene-0103_032,yaw,-0.500000000,deg,7,bicycle_rack,14.108030678,"middle [10,30)",0,0.995645181,23,23,100.000000000,100.000000000
nuscenes,scene-0103_032,yaw,-0.500000000,deg,8,Car,30.963305783,"far [30,inf)",1,0.000000000,10,10,100.000000000,100.000000000
nuscenes,scene-0103_032,yaw,-0.500000000,deg,10,Bicycle,16.385465672,"middle [10,30)",0,0.000000000,16,16,100.000000000,100.000000000
nuscenes,scene-0103_032,yaw,-0.500000000,deg,11,Car,17.062259685,"middle [10,30)",1,0.000000000,25,25,100.000000000,100.000000000
nuscenes,scene-0103_032,yaw,-0.500000000,deg,12,Truck,23.153291246,"middle [10,30)",0,0.000000000,70,70,100.000000000,100.000000000
nuscenes,scene-0103_032,yaw,-0.500000000,deg,16,Car,10.786754721,"middle [10,30)",0,0.119679666,123,123,100.000000000,100.000000000
nuscenes,scene-0103_032,yaw,0.000000000,deg,5,Car,8.264950380,"near [0,10)",0,0.789686516,30,30,100.000000000,100.000000000
nuscenes,scene-0103_032,yaw,0.000000000,deg,6,Car,22.726444831,"middle [10,30)",0,0.000000000,22,22,100.000000000,100.000000000
nuscenes,scene-0103_032,yaw,0.000000000,deg,7,bicycle_rack,14.108030678,"middle [10,30)",0,0.995645181,23,23,100.000000000,100.000000000
nuscenes,scene-0103_032,yaw,0.000000000,deg,8,Car,30.963305783,"far [30,inf)",1,0.000000000,10,10,100.000000000,100.000000000
nuscenes,scene-0103_032,yaw,0.000000000,deg,10,Bicycle,16.385465672,"middle [10,30)",0,0.000000000,16,16,100.000000000,100.000000000
nuscenes,scene-0103_032,yaw,0.000000000,deg,11,Car,17.062259685,"middle [10,30)",1,0.000000000,25,25,100.000000000,100.000000000
nuscenes,scene-0103_032,yaw,0.000000000,deg,12,Truck,23.153291246,"middle [10,30)",0,0.000000000,70,70,100.000000000,100.000000000
nuscenes,scene-0103_032,yaw,0.000000000,deg,16,Car,10.786754721,"middle [10,30)",0,0.119679666,123,123,100.000000000,100.000000000
nuscenes,scene-0103_032,yaw,0.500000000,deg,5,Car,8.264950380,"near [0,10)",0,0.789686516,30,30,100.000000000,100.000000000
nuscenes,scene-0103_032,yaw,0.500000000,deg,6,Car,22.726444831,"middle [10,30)",0,0.000000000,22,22,100.000000000,100.000000000
nuscenes,scene-0103_032,yaw,0.500000000,deg,7,bicycle_rack,14.108030678,"middle [10,30)",0,0.995645181,23,21,91.304347826,100.000000000
nuscenes,scene-0103_032,yaw,0.500000000,deg,8,Car,30.963305783,"far [30,inf)",1,0.000000000,10,10,100.000000000,100.000000000
nuscenes,scene-0103_032,yaw,0.500000000,deg,10,Bicycle,16.385465672,"middle [10,30)",0,0.000000000,16,16,100.000000000,100.000000000
nuscenes,scene-0103_032,yaw,0.500000000,deg,11,Car,17.062259685,"middle [10,30)",1,0.000000000,25,24,96.000000000,100.000000000
nuscenes,scene-0103_032,yaw,0.500000000,deg,12,Truck,23.153291246,"middle [10,30)",0,0.000000000,70,70,100.000000000,100.000000000
nuscenes,scene-0103_032,yaw,0.500000000,deg,16,Car,10.786754721,"middle [10,30)",0,0.119679666,123,123,100.000000000,100.000000000
nuscenes,scene-0103_032,yaw,1.000000000,deg,5,Car,8.264950380,"near [0,10)",0,0.789686516,30,29,96.666666667,100.000000000
nuscenes,scene-0103_032,yaw,1.000000000,deg,6,Car,22.726444831,"middle [10,30)",0,0.000000000,22,19,86.363636364,100.000000000
nuscenes,scene-0103_032,yaw,1.000000000,deg,7,bicycle_rack,14.108030678,"middle [10,30)",0,0.995645181,23,18,78.260869565,100.000000000
nuscenes,scene-0103_032,yaw,1.000000000,deg,8,Car,30.963305783,"far [30,inf)",1,0.000000000,10,10,100.000000000,100.000000000
nuscenes,scene-0103_032,yaw,1.000000000,deg,10,Bicycle,16.385465672,"middle [10,30)",0,0.000000000,16,16,100.000000000,100.000000000
nuscenes,scene-0103_032,yaw,1.000000000,deg,11,Car,17.062259685,"middle [10,30)",1,0.000000000,25,23,92.000000000,100.000000000
nuscenes,scene-0103_032,yaw,1.000000000,deg,12,Truck,23.153291246,"middle [10,30)",0,0.000000000,70,70,100.000000000,100.000000000
nuscenes,scene-0103_032,yaw,1.000000000,deg,16,Car,10.786754721,"middle [10,30)",0,0.119679666,123,121,98.373983740,100.000000000
nuscenes,scene-0103_032,yaw,2.000000000,deg,5,Car,8.264950380,"near [0,10)",0,0.789686516,30,21,70.000000000,100.000000000
nuscenes,scene-0103_032,yaw,2.000000000,deg,6,Car,22.726444831,"middle [10,30)",0,0.000000000,22,16,72.727272727,100.000000000
nuscenes,scene-0103_032,yaw,2.000000000,deg,7,bicycle_rack,14.108030678,"middle [10,30)",0,0.995645181,23,15,65.217391304,100.000000000
nuscenes,scene-0103_032,yaw,2.000000000,deg,8,Car,30.963305783,"far [30,inf)",1,0.000000000,10,10,100.000000000,100.000000000
nuscenes,scene-0103_032,yaw,2.000000000,deg,10,Bicycle,16.385465672,"middle [10,30)",0,0.000000000,16,13,81.250000000,100.000000000
nuscenes,scene-0103_032,yaw,2.000000000,deg,11,Car,17.062259685,"middle [10,30)",1,0.000000000,25,16,64.000000000,100.000000000
nuscenes,scene-0103_032,yaw,2.000000000,deg,12,Truck,23.153291246,"middle [10,30)",0,0.000000000,70,67,95.714285714,100.000000000
nuscenes,scene-0103_032,yaw,2.000000000,deg,16,Car,10.786754721,"middle [10,30)",0,0.119679666,123,114,92.682926829,100.000000000
nuscenes,scene-0103_032,yaw,3.000000000,deg,5,Car,8.264950380,"near [0,10)",0,0.789686516,30,16,53.333333333,100.000000000
nuscenes,scene-0103_032,yaw,3.000000000,deg,6,Car,22.726444831,"middle [10,30)",0,0.000000000,22,9,40.909090909,100.000000000
nuscenes,scene-0103_032,yaw,3.000000000,deg,7,bicycle_rack,14.108030678,"middle [10,30)",0,0.995645181,23,12,52.173913043,100.000000000
nuscenes,scene-0103_032,yaw,3.000000000,deg,8,Car,30.963305783,"far [30,inf)",1,0.000000000,10,8,80.000000000,100.000000000
nuscenes,scene-0103_032,yaw,3.000000000,deg,10,Bicycle,16.385465672,"middle [10,30)",0,0.000000000,16,4,25.000000000,100.000000000
nuscenes,scene-0103_032,yaw,3.000000000,deg,11,Car,17.062259685,"middle [10,30)",1,0.000000000,25,12,48.000000000,100.000000000
nuscenes,scene-0103_032,yaw,3.000000000,deg,12,Truck,23.153291246,"middle [10,30)",0,0.000000000,70,61,87.142857143,100.000000000
nuscenes,scene-0103_032,yaw,3.000000000,deg,16,Car,10.786754721,"middle [10,30)",0,0.119679666,123,105,85.365853659,100.000000000
nuscenes,scene-0103_032,lateral,-0.100000000,m,5,Car,8.264950380,"near [0,10)",0,0.789686516,30,30,100.000000000,100.000000000
nuscenes,scene-0103_032,lateral,-0.100000000,m,6,Car,22.726444831,"middle [10,30)",0,0.000000000,22,22,100.000000000,100.000000000
nuscenes,scene-0103_032,lateral,-0.100000000,m,7,bicycle_rack,14.108030678,"middle [10,30)",0,0.995645181,23,21,91.304347826,100.000000000
nuscenes,scene-0103_032,lateral,-0.100000000,m,8,Car,30.963305783,"far [30,inf)",1,0.000000000,10,10,100.000000000,100.000000000
nuscenes,scene-0103_032,lateral,-0.100000000,m,10,Bicycle,16.385465672,"middle [10,30)",0,0.000000000,16,16,100.000000000,100.000000000
nuscenes,scene-0103_032,lateral,-0.100000000,m,11,Car,17.062259685,"middle [10,30)",1,0.000000000,25,25,100.000000000,100.000000000
nuscenes,scene-0103_032,lateral,-0.100000000,m,12,Truck,23.153291246,"middle [10,30)",0,0.000000000,70,70,100.000000000,100.000000000
nuscenes,scene-0103_032,lateral,-0.100000000,m,16,Car,10.786754721,"middle [10,30)",0,0.119679666,123,123,100.000000000,100.000000000
nuscenes,scene-0103_032,lateral,-0.050000000,m,5,Car,8.264950380,"near [0,10)",0,0.789686516,30,30,100.000000000,100.000000000
nuscenes,scene-0103_032,lateral,-0.050000000,m,6,Car,22.726444831,"middle [10,30)",0,0.000000000,22,22,100.000000000,100.000000000
nuscenes,scene-0103_032,lateral,-0.050000000,m,7,bicycle_rack,14.108030678,"middle [10,30)",0,0.995645181,23,22,95.652173913,100.000000000
nuscenes,scene-0103_032,lateral,-0.050000000,m,8,Car,30.963305783,"far [30,inf)",1,0.000000000,10,10,100.000000000,100.000000000
nuscenes,scene-0103_032,lateral,-0.050000000,m,10,Bicycle,16.385465672,"middle [10,30)",0,0.000000000,16,16,100.000000000,100.000000000
nuscenes,scene-0103_032,lateral,-0.050000000,m,11,Car,17.062259685,"middle [10,30)",1,0.000000000,25,25,100.000000000,100.000000000
nuscenes,scene-0103_032,lateral,-0.050000000,m,12,Truck,23.153291246,"middle [10,30)",0,0.000000000,70,70,100.000000000,100.000000000
nuscenes,scene-0103_032,lateral,-0.050000000,m,16,Car,10.786754721,"middle [10,30)",0,0.119679666,123,123,100.000000000,100.000000000
nuscenes,scene-0103_032,lateral,-0.020000000,m,5,Car,8.264950380,"near [0,10)",0,0.789686516,30,30,100.000000000,100.000000000
nuscenes,scene-0103_032,lateral,-0.020000000,m,6,Car,22.726444831,"middle [10,30)",0,0.000000000,22,22,100.000000000,100.000000000
nuscenes,scene-0103_032,lateral,-0.020000000,m,7,bicycle_rack,14.108030678,"middle [10,30)",0,0.995645181,23,23,100.000000000,100.000000000
nuscenes,scene-0103_032,lateral,-0.020000000,m,8,Car,30.963305783,"far [30,inf)",1,0.000000000,10,10,100.000000000,100.000000000
nuscenes,scene-0103_032,lateral,-0.020000000,m,10,Bicycle,16.385465672,"middle [10,30)",0,0.000000000,16,16,100.000000000,100.000000000
nuscenes,scene-0103_032,lateral,-0.020000000,m,11,Car,17.062259685,"middle [10,30)",1,0.000000000,25,25,100.000000000,100.000000000
nuscenes,scene-0103_032,lateral,-0.020000000,m,12,Truck,23.153291246,"middle [10,30)",0,0.000000000,70,70,100.000000000,100.000000000
nuscenes,scene-0103_032,lateral,-0.020000000,m,16,Car,10.786754721,"middle [10,30)",0,0.119679666,123,123,100.000000000,100.000000000
nuscenes,scene-0103_032,lateral,0.000000000,m,5,Car,8.264950380,"near [0,10)",0,0.789686516,30,30,100.000000000,100.000000000
nuscenes,scene-0103_032,lateral,0.000000000,m,6,Car,22.726444831,"middle [10,30)",0,0.000000000,22,22,100.000000000,100.000000000
nuscenes,scene-0103_032,lateral,0.000000000,m,7,bicycle_rack,14.108030678,"middle [10,30)",0,0.995645181,23,23,100.000000000,100.000000000
nuscenes,scene-0103_032,lateral,0.000000000,m,8,Car,30.963305783,"far [30,inf)",1,0.000000000,10,10,100.000000000,100.000000000
nuscenes,scene-0103_032,lateral,0.000000000,m,10,Bicycle,16.385465672,"middle [10,30)",0,0.000000000,16,16,100.000000000,100.000000000
nuscenes,scene-0103_032,lateral,0.000000000,m,11,Car,17.062259685,"middle [10,30)",1,0.000000000,25,25,100.000000000,100.000000000
nuscenes,scene-0103_032,lateral,0.000000000,m,12,Truck,23.153291246,"middle [10,30)",0,0.000000000,70,70,100.000000000,100.000000000
nuscenes,scene-0103_032,lateral,0.000000000,m,16,Car,10.786754721,"middle [10,30)",0,0.119679666,123,123,100.000000000,100.000000000
nuscenes,scene-0103_032,lateral,0.020000000,m,5,Car,8.264950380,"near [0,10)",0,0.789686516,30,30,100.000000000,100.000000000
nuscenes,scene-0103_032,lateral,0.020000000,m,6,Car,22.726444831,"middle [10,30)",0,0.000000000,22,22,100.000000000,100.000000000
nuscenes,scene-0103_032,lateral,0.020000000,m,7,bicycle_rack,14.108030678,"middle [10,30)",0,0.995645181,23,23,100.000000000,100.000000000
nuscenes,scene-0103_032,lateral,0.020000000,m,8,Car,30.963305783,"far [30,inf)",1,0.000000000,10,10,100.000000000,100.000000000
nuscenes,scene-0103_032,lateral,0.020000000,m,10,Bicycle,16.385465672,"middle [10,30)",0,0.000000000,16,16,100.000000000,100.000000000
nuscenes,scene-0103_032,lateral,0.020000000,m,11,Car,17.062259685,"middle [10,30)",1,0.000000000,25,25,100.000000000,100.000000000
nuscenes,scene-0103_032,lateral,0.020000000,m,12,Truck,23.153291246,"middle [10,30)",0,0.000000000,70,70,100.000000000,100.000000000
nuscenes,scene-0103_032,lateral,0.020000000,m,16,Car,10.786754721,"middle [10,30)",0,0.119679666,123,123,100.000000000,100.000000000
nuscenes,scene-0103_032,lateral,0.050000000,m,5,Car,8.264950380,"near [0,10)",0,0.789686516,30,28,93.333333333,100.000000000
nuscenes,scene-0103_032,lateral,0.050000000,m,6,Car,22.726444831,"middle [10,30)",0,0.000000000,22,22,100.000000000,100.000000000
nuscenes,scene-0103_032,lateral,0.050000000,m,7,bicycle_rack,14.108030678,"middle [10,30)",0,0.995645181,23,23,100.000000000,100.000000000
nuscenes,scene-0103_032,lateral,0.050000000,m,8,Car,30.963305783,"far [30,inf)",1,0.000000000,10,10,100.000000000,100.000000000
nuscenes,scene-0103_032,lateral,0.050000000,m,10,Bicycle,16.385465672,"middle [10,30)",0,0.000000000,16,16,100.000000000,100.000000000
nuscenes,scene-0103_032,lateral,0.050000000,m,11,Car,17.062259685,"middle [10,30)",1,0.000000000,25,25,100.000000000,100.000000000
nuscenes,scene-0103_032,lateral,0.050000000,m,12,Truck,23.153291246,"middle [10,30)",0,0.000000000,70,70,100.000000000,100.000000000
nuscenes,scene-0103_032,lateral,0.050000000,m,16,Car,10.786754721,"middle [10,30)",0,0.119679666,123,123,100.000000000,100.000000000
nuscenes,scene-0103_032,lateral,0.100000000,m,5,Car,8.264950380,"near [0,10)",0,0.789686516,30,27,90.000000000,100.000000000
nuscenes,scene-0103_032,lateral,0.100000000,m,6,Car,22.726444831,"middle [10,30)",0,0.000000000,22,22,100.000000000,100.000000000
nuscenes,scene-0103_032,lateral,0.100000000,m,7,bicycle_rack,14.108030678,"middle [10,30)",0,0.995645181,23,23,100.000000000,100.000000000
nuscenes,scene-0103_032,lateral,0.100000000,m,8,Car,30.963305783,"far [30,inf)",1,0.000000000,10,10,100.000000000,100.000000000
nuscenes,scene-0103_032,lateral,0.100000000,m,10,Bicycle,16.385465672,"middle [10,30)",0,0.000000000,16,16,100.000000000,100.000000000
nuscenes,scene-0103_032,lateral,0.100000000,m,11,Car,17.062259685,"middle [10,30)",1,0.000000000,25,25,100.000000000,100.000000000
nuscenes,scene-0103_032,lateral,0.100000000,m,12,Truck,23.153291246,"middle [10,30)",0,0.000000000,70,70,100.000000000,100.000000000
nuscenes,scene-0103_032,lateral,0.100000000,m,16,Car,10.786754721,"middle [10,30)",0,0.119679666,123,123,100.000000000,100.000000000
nuscenes,scene-0103_033,yaw,-3.000000000,deg,5,Car,18.994792115,"middle [10,30)",0,0.000000000,30,25,83.333333333,100.000000000
nuscenes,scene-0103_033,yaw,-3.000000000,deg,7,Car,27.319256421,"middle [10,30)",1,0.000000000,20,7,35.000000000,100.000000000
nuscenes,scene-0103_033,yaw,-3.000000000,deg,8,Bicycle,9.890851009,"near [0,10)",0,0.436145787,31,18,58.064516129,100.000000000
nuscenes,scene-0103_033,yaw,-3.000000000,deg,9,Car,13.028023416,"middle [10,30)",0,0.000000000,64,64,100.000000000,100.000000000
nuscenes,scene-0103_033,yaw,-3.000000000,deg,11,Truck,19.207567031,"middle [10,30)",0,0.000000000,122,96,78.688524590,100.000000000
nuscenes,scene-0103_033,yaw,-3.000000000,deg,15,Car,8.767084056,"near [0,10)",0,0.641048666,95,57,60.000000000,100.000000000
nuscenes,scene-0103_033,yaw,-2.000000000,deg,5,Car,18.994792115,"middle [10,30)",0,0.000000000,30,28,93.333333333,100.000000000
nuscenes,scene-0103_033,yaw,-2.000000000,deg,7,Car,27.319256421,"middle [10,30)",1,0.000000000,20,12,60.000000000,100.000000000
nuscenes,scene-0103_033,yaw,-2.000000000,deg,8,Bicycle,9.890851009,"near [0,10)",0,0.436145787,31,30,96.774193548,100.000000000
nuscenes,scene-0103_033,yaw,-2.000000000,deg,9,Car,13.028023416,"middle [10,30)",0,0.000000000,64,64,100.000000000,100.000000000
nuscenes,scene-0103_033,yaw,-2.000000000,deg,11,Truck,19.207567031,"middle [10,30)",0,0.000000000,122,109,89.344262295,100.000000000
nuscenes,scene-0103_033,yaw,-2.000000000,deg,15,Car,8.767084056,"near [0,10)",0,0.641048666,95,68,71.578947368,100.000000000
nuscenes,scene-0103_033,yaw,-1.000000000,deg,5,Car,18.994792115,"middle [10,30)",0,0.000000000,30,30,100.000000000,100.000000000
nuscenes,scene-0103_033,yaw,-1.000000000,deg,7,Car,27.319256421,"middle [10,30)",1,0.000000000,20,18,90.000000000,100.000000000
nuscenes,scene-0103_033,yaw,-1.000000000,deg,8,Bicycle,9.890851009,"near [0,10)",0,0.436145787,31,31,100.000000000,100.000000000
nuscenes,scene-0103_033,yaw,-1.000000000,deg,9,Car,13.028023416,"middle [10,30)",0,0.000000000,64,64,100.000000000,100.000000000
nuscenes,scene-0103_033,yaw,-1.000000000,deg,11,Truck,19.207567031,"middle [10,30)",0,0.000000000,122,120,98.360655738,100.000000000
nuscenes,scene-0103_033,yaw,-1.000000000,deg,15,Car,8.767084056,"near [0,10)",0,0.641048666,95,82,86.315789474,100.000000000
nuscenes,scene-0103_033,yaw,-0.500000000,deg,5,Car,18.994792115,"middle [10,30)",0,0.000000000,30,30,100.000000000,100.000000000
nuscenes,scene-0103_033,yaw,-0.500000000,deg,7,Car,27.319256421,"middle [10,30)",1,0.000000000,20,20,100.000000000,100.000000000
nuscenes,scene-0103_033,yaw,-0.500000000,deg,8,Bicycle,9.890851009,"near [0,10)",0,0.436145787,31,31,100.000000000,100.000000000
nuscenes,scene-0103_033,yaw,-0.500000000,deg,9,Car,13.028023416,"middle [10,30)",0,0.000000000,64,64,100.000000000,100.000000000
nuscenes,scene-0103_033,yaw,-0.500000000,deg,11,Truck,19.207567031,"middle [10,30)",0,0.000000000,122,122,100.000000000,100.000000000
nuscenes,scene-0103_033,yaw,-0.500000000,deg,15,Car,8.767084056,"near [0,10)",0,0.641048666,95,90,94.736842105,100.000000000
nuscenes,scene-0103_033,yaw,0.000000000,deg,5,Car,18.994792115,"middle [10,30)",0,0.000000000,30,30,100.000000000,100.000000000
nuscenes,scene-0103_033,yaw,0.000000000,deg,7,Car,27.319256421,"middle [10,30)",1,0.000000000,20,20,100.000000000,100.000000000
nuscenes,scene-0103_033,yaw,0.000000000,deg,8,Bicycle,9.890851009,"near [0,10)",0,0.436145787,31,31,100.000000000,100.000000000
nuscenes,scene-0103_033,yaw,0.000000000,deg,9,Car,13.028023416,"middle [10,30)",0,0.000000000,64,64,100.000000000,100.000000000
nuscenes,scene-0103_033,yaw,0.000000000,deg,11,Truck,19.207567031,"middle [10,30)",0,0.000000000,122,122,100.000000000,100.000000000
nuscenes,scene-0103_033,yaw,0.000000000,deg,15,Car,8.767084056,"near [0,10)",0,0.641048666,95,95,100.000000000,100.000000000
nuscenes,scene-0103_033,yaw,0.500000000,deg,5,Car,18.994792115,"middle [10,30)",0,0.000000000,30,30,100.000000000,100.000000000
nuscenes,scene-0103_033,yaw,0.500000000,deg,7,Car,27.319256421,"middle [10,30)",1,0.000000000,20,20,100.000000000,100.000000000
nuscenes,scene-0103_033,yaw,0.500000000,deg,8,Bicycle,9.890851009,"near [0,10)",0,0.436145787,31,26,83.870967742,100.000000000
nuscenes,scene-0103_033,yaw,0.500000000,deg,9,Car,13.028023416,"middle [10,30)",0,0.000000000,64,64,100.000000000,100.000000000
nuscenes,scene-0103_033,yaw,0.500000000,deg,11,Truck,19.207567031,"middle [10,30)",0,0.000000000,122,122,100.000000000,100.000000000
nuscenes,scene-0103_033,yaw,0.500000000,deg,15,Car,8.767084056,"near [0,10)",0,0.641048666,95,95,100.000000000,100.000000000
nuscenes,scene-0103_033,yaw,1.000000000,deg,5,Car,18.994792115,"middle [10,30)",0,0.000000000,30,29,96.666666667,100.000000000
nuscenes,scene-0103_033,yaw,1.000000000,deg,7,Car,27.319256421,"middle [10,30)",1,0.000000000,20,20,100.000000000,100.000000000
nuscenes,scene-0103_033,yaw,1.000000000,deg,8,Bicycle,9.890851009,"near [0,10)",0,0.436145787,31,21,67.741935484,100.000000000
nuscenes,scene-0103_033,yaw,1.000000000,deg,9,Car,13.028023416,"middle [10,30)",0,0.000000000,64,62,96.875000000,100.000000000
nuscenes,scene-0103_033,yaw,1.000000000,deg,11,Truck,19.207567031,"middle [10,30)",0,0.000000000,122,122,100.000000000,100.000000000
nuscenes,scene-0103_033,yaw,1.000000000,deg,15,Car,8.767084056,"near [0,10)",0,0.641048666,95,94,98.947368421,100.000000000
nuscenes,scene-0103_033,yaw,2.000000000,deg,5,Car,18.994792115,"middle [10,30)",0,0.000000000,30,25,83.333333333,100.000000000
nuscenes,scene-0103_033,yaw,2.000000000,deg,7,Car,27.319256421,"middle [10,30)",1,0.000000000,20,20,100.000000000,100.000000000
nuscenes,scene-0103_033,yaw,2.000000000,deg,8,Bicycle,9.890851009,"near [0,10)",0,0.436145787,31,8,25.806451613,100.000000000
nuscenes,scene-0103_033,yaw,2.000000000,deg,9,Car,13.028023416,"middle [10,30)",0,0.000000000,64,57,89.062500000,100.000000000
nuscenes,scene-0103_033,yaw,2.000000000,deg,11,Truck,19.207567031,"middle [10,30)",0,0.000000000,122,122,100.000000000,100.000000000
nuscenes,scene-0103_033,yaw,2.000000000,deg,15,Car,8.767084056,"near [0,10)",0,0.641048666,95,89,93.684210526,100.000000000
nuscenes,scene-0103_033,yaw,3.000000000,deg,5,Car,18.994792115,"middle [10,30)",0,0.000000000,30,15,50.000000000,100.000000000
nuscenes,scene-0103_033,yaw,3.000000000,deg,7,Car,27.319256421,"middle [10,30)",1,0.000000000,20,17,85.000000000,100.000000000
nuscenes,scene-0103_033,yaw,3.000000000,deg,8,Bicycle,9.890851009,"near [0,10)",0,0.436145787,31,0,0.000000000,100.000000000
nuscenes,scene-0103_033,yaw,3.000000000,deg,9,Car,13.028023416,"middle [10,30)",0,0.000000000,64,51,79.687500000,100.000000000
nuscenes,scene-0103_033,yaw,3.000000000,deg,11,Truck,19.207567031,"middle [10,30)",0,0.000000000,122,116,95.081967213,100.000000000
nuscenes,scene-0103_033,yaw,3.000000000,deg,15,Car,8.767084056,"near [0,10)",0,0.641048666,95,82,86.315789474,100.000000000
nuscenes,scene-0103_033,lateral,-0.100000000,m,5,Car,18.994792115,"middle [10,30)",0,0.000000000,30,30,100.000000000,100.000000000
nuscenes,scene-0103_033,lateral,-0.100000000,m,7,Car,27.319256421,"middle [10,30)",1,0.000000000,20,20,100.000000000,100.000000000
nuscenes,scene-0103_033,lateral,-0.100000000,m,8,Bicycle,9.890851009,"near [0,10)",0,0.436145787,31,27,87.096774194,100.000000000
nuscenes,scene-0103_033,lateral,-0.100000000,m,9,Car,13.028023416,"middle [10,30)",0,0.000000000,64,64,100.000000000,100.000000000
nuscenes,scene-0103_033,lateral,-0.100000000,m,11,Truck,19.207567031,"middle [10,30)",0,0.000000000,122,122,100.000000000,100.000000000
nuscenes,scene-0103_033,lateral,-0.100000000,m,15,Car,8.767084056,"near [0,10)",0,0.641048666,95,95,100.000000000,100.000000000
nuscenes,scene-0103_033,lateral,-0.050000000,m,5,Car,18.994792115,"middle [10,30)",0,0.000000000,30,30,100.000000000,100.000000000
nuscenes,scene-0103_033,lateral,-0.050000000,m,7,Car,27.319256421,"middle [10,30)",1,0.000000000,20,20,100.000000000,100.000000000
nuscenes,scene-0103_033,lateral,-0.050000000,m,8,Bicycle,9.890851009,"near [0,10)",0,0.436145787,31,29,93.548387097,100.000000000
nuscenes,scene-0103_033,lateral,-0.050000000,m,9,Car,13.028023416,"middle [10,30)",0,0.000000000,64,64,100.000000000,100.000000000
nuscenes,scene-0103_033,lateral,-0.050000000,m,11,Truck,19.207567031,"middle [10,30)",0,0.000000000,122,122,100.000000000,100.000000000
nuscenes,scene-0103_033,lateral,-0.050000000,m,15,Car,8.767084056,"near [0,10)",0,0.641048666,95,95,100.000000000,100.000000000
nuscenes,scene-0103_033,lateral,-0.020000000,m,5,Car,18.994792115,"middle [10,30)",0,0.000000000,30,30,100.000000000,100.000000000
nuscenes,scene-0103_033,lateral,-0.020000000,m,7,Car,27.319256421,"middle [10,30)",1,0.000000000,20,20,100.000000000,100.000000000
nuscenes,scene-0103_033,lateral,-0.020000000,m,8,Bicycle,9.890851009,"near [0,10)",0,0.436145787,31,30,96.774193548,100.000000000
nuscenes,scene-0103_033,lateral,-0.020000000,m,9,Car,13.028023416,"middle [10,30)",0,0.000000000,64,64,100.000000000,100.000000000
nuscenes,scene-0103_033,lateral,-0.020000000,m,11,Truck,19.207567031,"middle [10,30)",0,0.000000000,122,122,100.000000000,100.000000000
nuscenes,scene-0103_033,lateral,-0.020000000,m,15,Car,8.767084056,"near [0,10)",0,0.641048666,95,95,100.000000000,100.000000000
nuscenes,scene-0103_033,lateral,0.000000000,m,5,Car,18.994792115,"middle [10,30)",0,0.000000000,30,30,100.000000000,100.000000000
nuscenes,scene-0103_033,lateral,0.000000000,m,7,Car,27.319256421,"middle [10,30)",1,0.000000000,20,20,100.000000000,100.000000000
nuscenes,scene-0103_033,lateral,0.000000000,m,8,Bicycle,9.890851009,"near [0,10)",0,0.436145787,31,31,100.000000000,100.000000000
nuscenes,scene-0103_033,lateral,0.000000000,m,9,Car,13.028023416,"middle [10,30)",0,0.000000000,64,64,100.000000000,100.000000000
nuscenes,scene-0103_033,lateral,0.000000000,m,11,Truck,19.207567031,"middle [10,30)",0,0.000000000,122,122,100.000000000,100.000000000
nuscenes,scene-0103_033,lateral,0.000000000,m,15,Car,8.767084056,"near [0,10)",0,0.641048666,95,95,100.000000000,100.000000000
nuscenes,scene-0103_033,lateral,0.020000000,m,5,Car,18.994792115,"middle [10,30)",0,0.000000000,30,30,100.000000000,100.000000000
nuscenes,scene-0103_033,lateral,0.020000000,m,7,Car,27.319256421,"middle [10,30)",1,0.000000000,20,20,100.000000000,100.000000000
nuscenes,scene-0103_033,lateral,0.020000000,m,8,Bicycle,9.890851009,"near [0,10)",0,0.436145787,31,31,100.000000000,100.000000000
nuscenes,scene-0103_033,lateral,0.020000000,m,9,Car,13.028023416,"middle [10,30)",0,0.000000000,64,64,100.000000000,100.000000000
nuscenes,scene-0103_033,lateral,0.020000000,m,11,Truck,19.207567031,"middle [10,30)",0,0.000000000,122,122,100.000000000,100.000000000
nuscenes,scene-0103_033,lateral,0.020000000,m,15,Car,8.767084056,"near [0,10)",0,0.641048666,95,93,97.894736842,100.000000000
nuscenes,scene-0103_033,lateral,0.050000000,m,5,Car,18.994792115,"middle [10,30)",0,0.000000000,30,30,100.000000000,100.000000000
nuscenes,scene-0103_033,lateral,0.050000000,m,7,Car,27.319256421,"middle [10,30)",1,0.000000000,20,20,100.000000000,100.000000000
nuscenes,scene-0103_033,lateral,0.050000000,m,8,Bicycle,9.890851009,"near [0,10)",0,0.436145787,31,31,100.000000000,100.000000000
nuscenes,scene-0103_033,lateral,0.050000000,m,9,Car,13.028023416,"middle [10,30)",0,0.000000000,64,64,100.000000000,100.000000000
nuscenes,scene-0103_033,lateral,0.050000000,m,11,Truck,19.207567031,"middle [10,30)",0,0.000000000,122,122,100.000000000,100.000000000
nuscenes,scene-0103_033,lateral,0.050000000,m,15,Car,8.767084056,"near [0,10)",0,0.641048666,95,92,96.842105263,100.000000000
nuscenes,scene-0103_033,lateral,0.100000000,m,5,Car,18.994792115,"middle [10,30)",0,0.000000000,30,30,100.000000000,100.000000000
nuscenes,scene-0103_033,lateral,0.100000000,m,7,Car,27.319256421,"middle [10,30)",1,0.000000000,20,20,100.000000000,100.000000000
nuscenes,scene-0103_033,lateral,0.100000000,m,8,Bicycle,9.890851009,"near [0,10)",0,0.436145787,31,31,100.000000000,100.000000000
nuscenes,scene-0103_033,lateral,0.100000000,m,9,Car,13.028023416,"middle [10,30)",0,0.000000000,64,64,100.000000000,100.000000000
nuscenes,scene-0103_033,lateral,0.100000000,m,11,Truck,19.207567031,"middle [10,30)",0,0.000000000,122,122,100.000000000,100.000000000
nuscenes,scene-0103_033,lateral,0.100000000,m,15,Car,8.767084056,"near [0,10)",0,0.641048666,95,90,94.736842105,100.000000000
nuscenes,scene-0103_034,yaw,-3.000000000,deg,6,Car,15.530949933,"middle [10,30)",0,0.000000000,61,58,95.081967213,100.000000000
nuscenes,scene-0103_034,yaw,-3.000000000,deg,8,Car,23.579059184,"middle [10,30)",0,0.000000000,22,9,40.909090909,100.000000000
nuscenes,scene-0103_034,yaw,-3.000000000,deg,9,Car,9.544136852,"near [0,10)",0,0.310154397,145,102,70.344827586,99.310344828
nuscenes,scene-0103_034,yaw,-3.000000000,deg,11,Truck,15.393205336,"middle [10,30)",0,0.288593095,168,138,82.142857143,100.000000000
nuscenes,scene-0103_034,yaw,-3.000000000,deg,14,Car,21.754514771,"middle [10,30)",1,0.000000000,17,15,88.235294118,100.000000000
nuscenes,scene-0103_034,yaw,-2.000000000,deg,6,Car,15.530949933,"middle [10,30)",0,0.000000000,61,61,100.000000000,100.000000000
nuscenes,scene-0103_034,yaw,-2.000000000,deg,8,Car,23.579059184,"middle [10,30)",0,0.000000000,22,13,59.090909091,100.000000000
nuscenes,scene-0103_034,yaw,-2.000000000,deg,9,Car,9.544136852,"near [0,10)",0,0.310154397,145,117,80.689655172,99.310344828
nuscenes,scene-0103_034,yaw,-2.000000000,deg,11,Truck,15.393205336,"middle [10,30)",0,0.288593095,168,153,91.071428571,100.000000000
nuscenes,scene-0103_034,yaw,-2.000000000,deg,14,Car,21.754514771,"middle [10,30)",1,0.000000000,17,17,100.000000000,100.000000000
nuscenes,scene-0103_034,yaw,-1.000000000,deg,6,Car,15.530949933,"middle [10,30)",0,0.000000000,61,61,100.000000000,100.000000000
nuscenes,scene-0103_034,yaw,-1.000000000,deg,8,Car,23.579059184,"middle [10,30)",0,0.000000000,22,19,86.363636364,100.000000000
nuscenes,scene-0103_034,yaw,-1.000000000,deg,9,Car,9.544136852,"near [0,10)",0,0.310154397,145,135,93.103448276,99.310344828
nuscenes,scene-0103_034,yaw,-1.000000000,deg,11,Truck,15.393205336,"middle [10,30)",0,0.288593095,168,164,97.619047619,100.000000000
nuscenes,scene-0103_034,yaw,-1.000000000,deg,14,Car,21.754514771,"middle [10,30)",1,0.000000000,17,17,100.000000000,100.000000000
nuscenes,scene-0103_034,yaw,-0.500000000,deg,6,Car,15.530949933,"middle [10,30)",0,0.000000000,61,61,100.000000000,100.000000000
nuscenes,scene-0103_034,yaw,-0.500000000,deg,8,Car,23.579059184,"middle [10,30)",0,0.000000000,22,22,100.000000000,100.000000000
nuscenes,scene-0103_034,yaw,-0.500000000,deg,9,Car,9.544136852,"near [0,10)",0,0.310154397,145,142,97.931034483,99.310344828
nuscenes,scene-0103_034,yaw,-0.500000000,deg,11,Truck,15.393205336,"middle [10,30)",0,0.288593095,168,167,99.404761905,100.000000000
nuscenes,scene-0103_034,yaw,-0.500000000,deg,14,Car,21.754514771,"middle [10,30)",1,0.000000000,17,17,100.000000000,100.000000000
nuscenes,scene-0103_034,yaw,0.000000000,deg,6,Car,15.530949933,"middle [10,30)",0,0.000000000,61,61,100.000000000,100.000000000
nuscenes,scene-0103_034,yaw,0.000000000,deg,8,Car,23.579059184,"middle [10,30)",0,0.000000000,22,22,100.000000000,100.000000000
nuscenes,scene-0103_034,yaw,0.000000000,deg,9,Car,9.544136852,"near [0,10)",0,0.310154397,145,144,99.310344828,99.310344828
nuscenes,scene-0103_034,yaw,0.000000000,deg,11,Truck,15.393205336,"middle [10,30)",0,0.288593095,168,168,100.000000000,100.000000000
nuscenes,scene-0103_034,yaw,0.000000000,deg,14,Car,21.754514771,"middle [10,30)",1,0.000000000,17,17,100.000000000,100.000000000
nuscenes,scene-0103_034,yaw,0.500000000,deg,6,Car,15.530949933,"middle [10,30)",0,0.000000000,61,61,100.000000000,100.000000000
nuscenes,scene-0103_034,yaw,0.500000000,deg,8,Car,23.579059184,"middle [10,30)",0,0.000000000,22,22,100.000000000,100.000000000
nuscenes,scene-0103_034,yaw,0.500000000,deg,9,Car,9.544136852,"near [0,10)",0,0.310154397,145,144,99.310344828,99.310344828
nuscenes,scene-0103_034,yaw,0.500000000,deg,11,Truck,15.393205336,"middle [10,30)",0,0.288593095,168,160,95.238095238,100.000000000
nuscenes,scene-0103_034,yaw,0.500000000,deg,14,Car,21.754514771,"middle [10,30)",1,0.000000000,17,16,94.117647059,100.000000000
nuscenes,scene-0103_034,yaw,1.000000000,deg,6,Car,15.530949933,"middle [10,30)",0,0.000000000,61,59,96.721311475,100.000000000
nuscenes,scene-0103_034,yaw,1.000000000,deg,8,Car,23.579059184,"middle [10,30)",0,0.000000000,22,22,100.000000000,100.000000000
nuscenes,scene-0103_034,yaw,1.000000000,deg,9,Car,9.544136852,"near [0,10)",0,0.310154397,145,142,97.931034483,99.310344828
nuscenes,scene-0103_034,yaw,1.000000000,deg,11,Truck,15.393205336,"middle [10,30)",0,0.288593095,168,156,92.857142857,100.000000000
nuscenes,scene-0103_034,yaw,1.000000000,deg,14,Car,21.754514771,"middle [10,30)",1,0.000000000,17,15,88.235294118,100.000000000
nuscenes,scene-0103_034,yaw,2.000000000,deg,6,Car,15.530949933,"middle [10,30)",0,0.000000000,61,52,85.245901639,100.000000000
nuscenes,scene-0103_034,yaw,2.000000000,deg,8,Car,23.579059184,"middle [10,30)",0,0.000000000,22,22,100.000000000,100.000000000
nuscenes,scene-0103_034,yaw,2.000000000,deg,9,Car,9.544136852,"near [0,10)",0,0.310154397,145,135,93.103448276,99.310344828
nuscenes,scene-0103_034,yaw,2.000000000,deg,11,Truck,15.393205336,"middle [10,30)",0,0.288593095,168,142,84.523809524,100.000000000
nuscenes,scene-0103_034,yaw,2.000000000,deg,14,Car,21.754514771,"middle [10,30)",1,0.000000000,17,13,76.470588235,100.000000000
nuscenes,scene-0103_034,yaw,3.000000000,deg,6,Car,15.530949933,"middle [10,30)",0,0.000000000,61,44,72.131147541,100.000000000
nuscenes,scene-0103_034,yaw,3.000000000,deg,8,Car,23.579059184,"middle [10,30)",0,0.000000000,22,19,86.363636364,100.000000000
nuscenes,scene-0103_034,yaw,3.000000000,deg,9,Car,9.544136852,"near [0,10)",0,0.310154397,145,125,86.206896552,99.310344828
nuscenes,scene-0103_034,yaw,3.000000000,deg,11,Truck,15.393205336,"middle [10,30)",0,0.288593095,168,131,77.976190476,100.000000000
nuscenes,scene-0103_034,yaw,3.000000000,deg,14,Car,21.754514771,"middle [10,30)",1,0.000000000,17,4,23.529411765,100.000000000
nuscenes,scene-0103_034,lateral,-0.100000000,m,6,Car,15.530949933,"middle [10,30)",0,0.000000000,61,61,100.000000000,100.000000000
nuscenes,scene-0103_034,lateral,-0.100000000,m,8,Car,23.579059184,"middle [10,30)",0,0.000000000,22,22,100.000000000,100.000000000
nuscenes,scene-0103_034,lateral,-0.100000000,m,9,Car,9.544136852,"near [0,10)",0,0.310154397,145,144,99.310344828,99.310344828
nuscenes,scene-0103_034,lateral,-0.100000000,m,11,Truck,15.393205336,"middle [10,30)",0,0.288593095,168,163,97.023809524,100.000000000
nuscenes,scene-0103_034,lateral,-0.100000000,m,14,Car,21.754514771,"middle [10,30)",1,0.000000000,17,17,100.000000000,100.000000000
nuscenes,scene-0103_034,lateral,-0.050000000,m,6,Car,15.530949933,"middle [10,30)",0,0.000000000,61,61,100.000000000,100.000000000
nuscenes,scene-0103_034,lateral,-0.050000000,m,8,Car,23.579059184,"middle [10,30)",0,0.000000000,22,22,100.000000000,100.000000000
nuscenes,scene-0103_034,lateral,-0.050000000,m,9,Car,9.544136852,"near [0,10)",0,0.310154397,145,145,100.000000000,99.310344828
nuscenes,scene-0103_034,lateral,-0.050000000,m,11,Truck,15.393205336,"middle [10,30)",0,0.288593095,168,166,98.809523810,100.000000000
nuscenes,scene-0103_034,lateral,-0.050000000,m,14,Car,21.754514771,"middle [10,30)",1,0.000000000,17,17,100.000000000,100.000000000
nuscenes,scene-0103_034,lateral,-0.020000000,m,6,Car,15.530949933,"middle [10,30)",0,0.000000000,61,61,100.000000000,100.000000000
nuscenes,scene-0103_034,lateral,-0.020000000,m,8,Car,23.579059184,"middle [10,30)",0,0.000000000,22,22,100.000000000,100.000000000
nuscenes,scene-0103_034,lateral,-0.020000000,m,9,Car,9.544136852,"near [0,10)",0,0.310154397,145,145,100.000000000,99.310344828
nuscenes,scene-0103_034,lateral,-0.020000000,m,11,Truck,15.393205336,"middle [10,30)",0,0.288593095,168,168,100.000000000,100.000000000
nuscenes,scene-0103_034,lateral,-0.020000000,m,14,Car,21.754514771,"middle [10,30)",1,0.000000000,17,17,100.000000000,100.000000000
nuscenes,scene-0103_034,lateral,0.000000000,m,6,Car,15.530949933,"middle [10,30)",0,0.000000000,61,61,100.000000000,100.000000000
nuscenes,scene-0103_034,lateral,0.000000000,m,8,Car,23.579059184,"middle [10,30)",0,0.000000000,22,22,100.000000000,100.000000000
nuscenes,scene-0103_034,lateral,0.000000000,m,9,Car,9.544136852,"near [0,10)",0,0.310154397,145,144,99.310344828,99.310344828
nuscenes,scene-0103_034,lateral,0.000000000,m,11,Truck,15.393205336,"middle [10,30)",0,0.288593095,168,168,100.000000000,100.000000000
nuscenes,scene-0103_034,lateral,0.000000000,m,14,Car,21.754514771,"middle [10,30)",1,0.000000000,17,17,100.000000000,100.000000000
nuscenes,scene-0103_034,lateral,0.020000000,m,6,Car,15.530949933,"middle [10,30)",0,0.000000000,61,61,100.000000000,100.000000000
nuscenes,scene-0103_034,lateral,0.020000000,m,8,Car,23.579059184,"middle [10,30)",0,0.000000000,22,22,100.000000000,100.000000000
nuscenes,scene-0103_034,lateral,0.020000000,m,9,Car,9.544136852,"near [0,10)",0,0.310154397,145,144,99.310344828,99.310344828
nuscenes,scene-0103_034,lateral,0.020000000,m,11,Truck,15.393205336,"middle [10,30)",0,0.288593095,168,168,100.000000000,100.000000000
nuscenes,scene-0103_034,lateral,0.020000000,m,14,Car,21.754514771,"middle [10,30)",1,0.000000000,17,17,100.000000000,100.000000000
nuscenes,scene-0103_034,lateral,0.050000000,m,6,Car,15.530949933,"middle [10,30)",0,0.000000000,61,61,100.000000000,100.000000000
nuscenes,scene-0103_034,lateral,0.050000000,m,8,Car,23.579059184,"middle [10,30)",0,0.000000000,22,22,100.000000000,100.000000000
nuscenes,scene-0103_034,lateral,0.050000000,m,9,Car,9.544136852,"near [0,10)",0,0.310154397,145,144,99.310344828,99.310344828
nuscenes,scene-0103_034,lateral,0.050000000,m,11,Truck,15.393205336,"middle [10,30)",0,0.288593095,168,168,100.000000000,100.000000000
nuscenes,scene-0103_034,lateral,0.050000000,m,14,Car,21.754514771,"middle [10,30)",1,0.000000000,17,17,100.000000000,100.000000000
nuscenes,scene-0103_034,lateral,0.100000000,m,6,Car,15.530949933,"middle [10,30)",0,0.000000000,61,61,100.000000000,100.000000000
nuscenes,scene-0103_034,lateral,0.100000000,m,8,Car,23.579059184,"middle [10,30)",0,0.000000000,22,22,100.000000000,100.000000000
nuscenes,scene-0103_034,lateral,0.100000000,m,9,Car,9.544136852,"near [0,10)",0,0.310154397,145,142,97.931034483,99.310344828
nuscenes,scene-0103_034,lateral,0.100000000,m,11,Truck,15.393205336,"middle [10,30)",0,0.288593095,168,167,99.404761905,100.000000000
nuscenes,scene-0103_034,lateral,0.100000000,m,14,Car,21.754514771,"middle [10,30)",1,0.000000000,17,17,100.000000000,100.000000000
nuscenes,scene-0103_035,yaw,-3.000000000,deg,1,Car,31.359712082,"far [30,inf)",0,0.000000000,17,7,41.176470588,100.000000000
nuscenes,scene-0103_035,yaw,-3.000000000,deg,3,Car,27.245321308,"middle [10,30)",0,0.000000000,13,4,30.769230769,100.000000000
nuscenes,scene-0103_035,yaw,-3.000000000,deg,7,Car,10.448595570,"middle [10,30)",0,0.099636445,149,132,88.590604027,100.000000000
nuscenes,scene-0103_035,yaw,-3.000000000,deg,9,Car,18.152146366,"middle [10,30)",0,0.000000000,49,36,73.469387755,100.000000000
nuscenes,scene-0103_035,yaw,-3.000000000,deg,10,Car,7.521232269,"near [0,10)",0,0.939746668,25,0,0.000000000,96.000000000
nuscenes,scene-0103_035,yaw,-3.000000000,deg,12,Truck,12.848642447,"middle [10,30)",0,0.776003742,103,75,72.815533981,100.000000000
nuscenes,scene-0103_035,yaw,-3.000000000,deg,15,Car,16.837730147,"middle [10,30)",1,0.000000000,26,26,100.000000000,100.000000000
nuscenes,scene-0103_035,yaw,-2.000000000,deg,1,Car,31.359712082,"far [30,inf)",0,0.000000000,17,12,70.588235294,100.000000000
nuscenes,scene-0103_035,yaw,-2.000000000,deg,3,Car,27.245321308,"middle [10,30)",0,0.000000000,13,8,61.538461538,100.000000000
nuscenes,scene-0103_035,yaw,-2.000000000,deg,7,Car,10.448595570,"middle [10,30)",0,0.099636445,149,142,95.302013423,100.000000000
nuscenes,scene-0103_035,yaw,-2.000000000,deg,9,Car,18.152146366,"middle [10,30)",0,0.000000000,49,41,83.673469388,100.000000000
nuscenes,scene-0103_035,yaw,-2.000000000,deg,10,Car,7.521232269,"near [0,10)",0,0.939746668,25,0,0.000000000,96.000000000
nuscenes,scene-0103_035,yaw,-2.000000000,deg,12,Truck,12.848642447,"middle [10,30)",0,0.776003742,103,92,89.320388350,100.000000000
nuscenes,scene-0103_035,yaw,-2.000000000,deg,15,Car,16.837730147,"middle [10,30)",1,0.000000000,26,26,100.000000000,100.000000000
nuscenes,scene-0103_035,yaw,-1.000000000,deg,1,Car,31.359712082,"far [30,inf)",0,0.000000000,17,16,94.117647059,100.000000000
nuscenes,scene-0103_035,yaw,-1.000000000,deg,3,Car,27.245321308,"middle [10,30)",0,0.000000000,13,11,84.615384615,100.000000000
nuscenes,scene-0103_035,yaw,-1.000000000,deg,7,Car,10.448595570,"middle [10,30)",0,0.099636445,149,147,98.657718121,100.000000000
nuscenes,scene-0103_035,yaw,-1.000000000,deg,9,Car,18.152146366,"middle [10,30)",0,0.000000000,49,48,97.959183673,100.000000000
nuscenes,scene-0103_035,yaw,-1.000000000,deg,10,Car,7.521232269,"near [0,10)",0,0.939746668,25,11,44.000000000,96.000000000
nuscenes,scene-0103_035,yaw,-1.000000000,deg,12,Truck,12.848642447,"middle [10,30)",0,0.776003742,103,103,100.000000000,100.000000000
nuscenes,scene-0103_035,yaw,-1.000000000,deg,15,Car,16.837730147,"middle [10,30)",1,0.000000000,26,26,100.000000000,100.000000000
nuscenes,scene-0103_035,yaw,-0.500000000,deg,1,Car,31.359712082,"far [30,inf)",0,0.000000000,17,17,100.000000000,100.000000000
nuscenes,scene-0103_035,yaw,-0.500000000,deg,3,Car,27.245321308,"middle [10,30)",0,0.000000000,13,13,100.000000000,100.000000000
nuscenes,scene-0103_035,yaw,-0.500000000,deg,7,Car,10.448595570,"middle [10,30)",0,0.099636445,149,148,99.328859060,100.000000000
nuscenes,scene-0103_035,yaw,-0.500000000,deg,9,Car,18.152146366,"middle [10,30)",0,0.000000000,49,49,100.000000000,100.000000000
nuscenes,scene-0103_035,yaw,-0.500000000,deg,10,Car,7.521232269,"near [0,10)",0,0.939746668,25,16,64.000000000,96.000000000
nuscenes,scene-0103_035,yaw,-0.500000000,deg,12,Truck,12.848642447,"middle [10,30)",0,0.776003742,103,103,100.000000000,100.000000000
nuscenes,scene-0103_035,yaw,-0.500000000,deg,15,Car,16.837730147,"middle [10,30)",1,0.000000000,26,26,100.000000000,100.000000000
nuscenes,scene-0103_035,yaw,0.000000000,deg,1,Car,31.359712082,"far [30,inf)",0,0.000000000,17,17,100.000000000,100.000000000
nuscenes,scene-0103_035,yaw,0.000000000,deg,3,Car,27.245321308,"middle [10,30)",0,0.000000000,13,13,100.000000000,100.000000000
nuscenes,scene-0103_035,yaw,0.000000000,deg,7,Car,10.448595570,"middle [10,30)",0,0.099636445,149,149,100.000000000,100.000000000
nuscenes,scene-0103_035,yaw,0.000000000,deg,9,Car,18.152146366,"middle [10,30)",0,0.000000000,49,49,100.000000000,100.000000000
nuscenes,scene-0103_035,yaw,0.000000000,deg,10,Car,7.521232269,"near [0,10)",0,0.939746668,25,24,96.000000000,96.000000000
nuscenes,scene-0103_035,yaw,0.000000000,deg,12,Truck,12.848642447,"middle [10,30)",0,0.776003742,103,103,100.000000000,100.000000000
nuscenes,scene-0103_035,yaw,0.000000000,deg,15,Car,16.837730147,"middle [10,30)",1,0.000000000,26,26,100.000000000,100.000000000
nuscenes,scene-0103_035,yaw,0.500000000,deg,1,Car,31.359712082,"far [30,inf)",0,0.000000000,17,16,94.117647059,100.000000000
nuscenes,scene-0103_035,yaw,0.500000000,deg,3,Car,27.245321308,"middle [10,30)",0,0.000000000,13,13,100.000000000,100.000000000
nuscenes,scene-0103_035,yaw,0.500000000,deg,7,Car,10.448595570,"middle [10,30)",0,0.099636445,149,149,100.000000000,100.000000000
nuscenes,scene-0103_035,yaw,0.500000000,deg,9,Car,18.152146366,"middle [10,30)",0,0.000000000,49,49,100.000000000,100.000000000
nuscenes,scene-0103_035,yaw,0.500000000,deg,10,Car,7.521232269,"near [0,10)",0,0.939746668,25,25,100.000000000,96.000000000
nuscenes,scene-0103_035,yaw,0.500000000,deg,12,Truck,12.848642447,"middle [10,30)",0,0.776003742,103,92,89.320388350,100.000000000
nuscenes,scene-0103_035,yaw,0.500000000,deg,15,Car,16.837730147,"middle [10,30)",1,0.000000000,26,25,96.153846154,100.000000000
nuscenes,scene-0103_035,yaw,1.000000000,deg,1,Car,31.359712082,"far [30,inf)",0,0.000000000,17,14,82.352941176,100.000000000
nuscenes,scene-0103_035,yaw,1.000000000,deg,3,Car,27.245321308,"middle [10,30)",0,0.000000000,13,13,100.000000000,100.000000000
nuscenes,scene-0103_035,yaw,1.000000000,deg,7,Car,10.448595570,"middle [10,30)",0,0.099636445,149,149,100.000000000,100.000000000
nuscenes,scene-0103_035,yaw,1.000000000,deg,9,Car,18.152146366,"middle [10,30)",0,0.000000000,49,49,100.000000000,100.000000000
nuscenes,scene-0103_035,yaw,1.000000000,deg,10,Car,7.521232269,"near [0,10)",0,0.939746668,25,25,100.000000000,96.000000000
nuscenes,scene-0103_035,yaw,1.000000000,deg,12,Truck,12.848642447,"middle [10,30)",0,0.776003742,103,80,77.669902913,100.000000000
nuscenes,scene-0103_035,yaw,1.000000000,deg,15,Car,16.837730147,"middle [10,30)",1,0.000000000,26,23,88.461538462,100.000000000
nuscenes,scene-0103_035,yaw,2.000000000,deg,1,Car,31.359712082,"far [30,inf)",0,0.000000000,17,8,47.058823529,100.000000000
nuscenes,scene-0103_035,yaw,2.000000000,deg,3,Car,27.245321308,"middle [10,30)",0,0.000000000,13,9,69.230769231,100.000000000
nuscenes,scene-0103_035,yaw,2.000000000,deg,7,Car,10.448595570,"middle [10,30)",0,0.099636445,149,141,94.630872483,100.000000000
nuscenes,scene-0103_035,yaw,2.000000000,deg,9,Car,18.152146366,"middle [10,30)",0,0.000000000,49,49,100.000000000,100.000000000
nuscenes,scene-0103_035,yaw,2.000000000,deg,10,Car,7.521232269,"near [0,10)",0,0.939746668,25,18,72.000000000,96.000000000
nuscenes,scene-0103_035,yaw,2.000000000,deg,12,Truck,12.848642447,"middle [10,30)",0,0.776003742,103,59,57.281553398,100.000000000
nuscenes,scene-0103_035,yaw,2.000000000,deg,15,Car,16.837730147,"middle [10,30)",1,0.000000000,26,22,84.615384615,100.000000000
nuscenes,scene-0103_035,yaw,3.000000000,deg,1,Car,31.359712082,"far [30,inf)",0,0.000000000,17,4,23.529411765,100.000000000
nuscenes,scene-0103_035,yaw,3.000000000,deg,3,Car,27.245321308,"middle [10,30)",0,0.000000000,13,5,38.461538462,100.000000000
nuscenes,scene-0103_035,yaw,3.000000000,deg,7,Car,10.448595570,"middle [10,30)",0,0.099636445,149,128,85.906040268,100.000000000
nuscenes,scene-0103_035,yaw,3.000000000,deg,9,Car,18.152146366,"middle [10,30)",0,0.000000000,49,42,85.714285714,100.000000000
nuscenes,scene-0103_035,yaw,3.000000000,deg,10,Car,7.521232269,"near [0,10)",0,0.939746668,25,5,20.000000000,96.000000000
nuscenes,scene-0103_035,yaw,3.000000000,deg,12,Truck,12.848642447,"middle [10,30)",0,0.776003742,103,41,39.805825243,100.000000000
nuscenes,scene-0103_035,yaw,3.000000000,deg,15,Car,16.837730147,"middle [10,30)",1,0.000000000,26,18,69.230769231,100.000000000
nuscenes,scene-0103_035,lateral,-0.100000000,m,1,Car,31.359712082,"far [30,inf)",0,0.000000000,17,17,100.000000000,100.000000000
nuscenes,scene-0103_035,lateral,-0.100000000,m,3,Car,27.245321308,"middle [10,30)",0,0.000000000,13,13,100.000000000,100.000000000
nuscenes,scene-0103_035,lateral,-0.100000000,m,7,Car,10.448595570,"middle [10,30)",0,0.099636445,149,149,100.000000000,100.000000000
nuscenes,scene-0103_035,lateral,-0.100000000,m,9,Car,18.152146366,"middle [10,30)",0,0.000000000,49,49,100.000000000,100.000000000
nuscenes,scene-0103_035,lateral,-0.100000000,m,10,Car,7.521232269,"near [0,10)",0,0.939746668,25,25,100.000000000,96.000000000
nuscenes,scene-0103_035,lateral,-0.100000000,m,12,Truck,12.848642447,"middle [10,30)",0,0.776003742,103,95,92.233009709,100.000000000
nuscenes,scene-0103_035,lateral,-0.100000000,m,15,Car,16.837730147,"middle [10,30)",1,0.000000000,26,26,100.000000000,100.000000000
nuscenes,scene-0103_035,lateral,-0.050000000,m,1,Car,31.359712082,"far [30,inf)",0,0.000000000,17,17,100.000000000,100.000000000
nuscenes,scene-0103_035,lateral,-0.050000000,m,3,Car,27.245321308,"middle [10,30)",0,0.000000000,13,13,100.000000000,100.000000000
nuscenes,scene-0103_035,lateral,-0.050000000,m,7,Car,10.448595570,"middle [10,30)",0,0.099636445,149,149,100.000000000,100.000000000
nuscenes,scene-0103_035,lateral,-0.050000000,m,9,Car,18.152146366,"middle [10,30)",0,0.000000000,49,49,100.000000000,100.000000000
nuscenes,scene-0103_035,lateral,-0.050000000,m,10,Car,7.521232269,"near [0,10)",0,0.939746668,25,25,100.000000000,96.000000000
nuscenes,scene-0103_035,lateral,-0.050000000,m,12,Truck,12.848642447,"middle [10,30)",0,0.776003742,103,99,96.116504854,100.000000000
nuscenes,scene-0103_035,lateral,-0.050000000,m,15,Car,16.837730147,"middle [10,30)",1,0.000000000,26,26,100.000000000,100.000000000
nuscenes,scene-0103_035,lateral,-0.020000000,m,1,Car,31.359712082,"far [30,inf)",0,0.000000000,17,17,100.000000000,100.000000000
nuscenes,scene-0103_035,lateral,-0.020000000,m,3,Car,27.245321308,"middle [10,30)",0,0.000000000,13,13,100.000000000,100.000000000
nuscenes,scene-0103_035,lateral,-0.020000000,m,7,Car,10.448595570,"middle [10,30)",0,0.099636445,149,149,100.000000000,100.000000000
nuscenes,scene-0103_035,lateral,-0.020000000,m,9,Car,18.152146366,"middle [10,30)",0,0.000000000,49,49,100.000000000,100.000000000
nuscenes,scene-0103_035,lateral,-0.020000000,m,10,Car,7.521232269,"near [0,10)",0,0.939746668,25,25,100.000000000,96.000000000
nuscenes,scene-0103_035,lateral,-0.020000000,m,12,Truck,12.848642447,"middle [10,30)",0,0.776003742,103,102,99.029126214,100.000000000
nuscenes,scene-0103_035,lateral,-0.020000000,m,15,Car,16.837730147,"middle [10,30)",1,0.000000000,26,26,100.000000000,100.000000000
nuscenes,scene-0103_035,lateral,0.000000000,m,1,Car,31.359712082,"far [30,inf)",0,0.000000000,17,17,100.000000000,100.000000000
nuscenes,scene-0103_035,lateral,0.000000000,m,3,Car,27.245321308,"middle [10,30)",0,0.000000000,13,13,100.000000000,100.000000000
nuscenes,scene-0103_035,lateral,0.000000000,m,7,Car,10.448595570,"middle [10,30)",0,0.099636445,149,149,100.000000000,100.000000000
nuscenes,scene-0103_035,lateral,0.000000000,m,9,Car,18.152146366,"middle [10,30)",0,0.000000000,49,49,100.000000000,100.000000000
nuscenes,scene-0103_035,lateral,0.000000000,m,10,Car,7.521232269,"near [0,10)",0,0.939746668,25,24,96.000000000,96.000000000
nuscenes,scene-0103_035,lateral,0.000000000,m,12,Truck,12.848642447,"middle [10,30)",0,0.776003742,103,103,100.000000000,100.000000000
nuscenes,scene-0103_035,lateral,0.000000000,m,15,Car,16.837730147,"middle [10,30)",1,0.000000000,26,26,100.000000000,100.000000000
nuscenes,scene-0103_035,lateral,0.020000000,m,1,Car,31.359712082,"far [30,inf)",0,0.000000000,17,17,100.000000000,100.000000000
nuscenes,scene-0103_035,lateral,0.020000000,m,3,Car,27.245321308,"middle [10,30)",0,0.000000000,13,13,100.000000000,100.000000000
nuscenes,scene-0103_035,lateral,0.020000000,m,7,Car,10.448595570,"middle [10,30)",0,0.099636445,149,149,100.000000000,100.000000000
nuscenes,scene-0103_035,lateral,0.020000000,m,9,Car,18.152146366,"middle [10,30)",0,0.000000000,49,49,100.000000000,100.000000000
nuscenes,scene-0103_035,lateral,0.020000000,m,10,Car,7.521232269,"near [0,10)",0,0.939746668,25,21,84.000000000,96.000000000
nuscenes,scene-0103_035,lateral,0.020000000,m,12,Truck,12.848642447,"middle [10,30)",0,0.776003742,103,103,100.000000000,100.000000000
nuscenes,scene-0103_035,lateral,0.020000000,m,15,Car,16.837730147,"middle [10,30)",1,0.000000000,26,26,100.000000000,100.000000000
nuscenes,scene-0103_035,lateral,0.050000000,m,1,Car,31.359712082,"far [30,inf)",0,0.000000000,17,17,100.000000000,100.000000000
nuscenes,scene-0103_035,lateral,0.050000000,m,3,Car,27.245321308,"middle [10,30)",0,0.000000000,13,13,100.000000000,100.000000000
nuscenes,scene-0103_035,lateral,0.050000000,m,7,Car,10.448595570,"middle [10,30)",0,0.099636445,149,149,100.000000000,100.000000000
nuscenes,scene-0103_035,lateral,0.050000000,m,9,Car,18.152146366,"middle [10,30)",0,0.000000000,49,49,100.000000000,100.000000000
nuscenes,scene-0103_035,lateral,0.050000000,m,10,Car,7.521232269,"near [0,10)",0,0.939746668,25,20,80.000000000,96.000000000
nuscenes,scene-0103_035,lateral,0.050000000,m,12,Truck,12.848642447,"middle [10,30)",0,0.776003742,103,103,100.000000000,100.000000000
nuscenes,scene-0103_035,lateral,0.050000000,m,15,Car,16.837730147,"middle [10,30)",1,0.000000000,26,26,100.000000000,100.000000000
nuscenes,scene-0103_035,lateral,0.100000000,m,1,Car,31.359712082,"far [30,inf)",0,0.000000000,17,17,100.000000000,100.000000000
nuscenes,scene-0103_035,lateral,0.100000000,m,3,Car,27.245321308,"middle [10,30)",0,0.000000000,13,13,100.000000000,100.000000000
nuscenes,scene-0103_035,lateral,0.100000000,m,7,Car,10.448595570,"middle [10,30)",0,0.099636445,149,149,100.000000000,100.000000000
nuscenes,scene-0103_035,lateral,0.100000000,m,9,Car,18.152146366,"middle [10,30)",0,0.000000000,49,49,100.000000000,100.000000000
nuscenes,scene-0103_035,lateral,0.100000000,m,10,Car,7.521232269,"near [0,10)",0,0.939746668,25,16,64.000000000,96.000000000
nuscenes,scene-0103_035,lateral,0.100000000,m,12,Truck,12.848642447,"middle [10,30)",0,0.776003742,103,103,100.000000000,100.000000000
nuscenes,scene-0103_035,lateral,0.100000000,m,15,Car,16.837730147,"middle [10,30)",1,0.000000000,26,26,100.000000000,100.000000000
nuscenes,scene-0103_036,yaw,-3.000000000,deg,1,Car,27.931566566,"middle [10,30)",0,0.000000000,25,10,40.000000000,100.000000000
nuscenes,scene-0103_036,yaw,-3.000000000,deg,3,Car,24.477254552,"middle [10,30)",0,0.000000000,16,8,50.000000000,100.000000000
nuscenes,scene-0103_036,yaw,-3.000000000,deg,4,Car,17.575288684,"middle [10,30)",0,0.000000000,17,10,58.823529412,100.000000000
nuscenes,scene-0103_036,yaw,-3.000000000,deg,7,Car,8.550595337,"near [0,10)",0,0.602790456,107,56,52.336448598,100.000000000
nuscenes,scene-0103_036,yaw,-3.000000000,deg,9,Car,15.225047040,"middle [10,30)",0,0.077728562,74,57,77.027027027,100.000000000
nuscenes,scene-0103_036,yaw,-3.000000000,deg,14,Car,13.258016094,"middle [10,30)",0,0.000000000,38,37,97.368421053,100.000000000
nuscenes,scene-0103_036,yaw,-2.000000000,deg,1,Car,27.931566566,"middle [10,30)",0,0.000000000,25,17,68.000000000,100.000000000
nuscenes,scene-0103_036,yaw,-2.000000000,deg,3,Car,24.477254552,"middle [10,30)",0,0.000000000,16,11,68.750000000,100.000000000
nuscenes,scene-0103_036,yaw,-2.000000000,deg,4,Car,17.575288684,"middle [10,30)",0,0.000000000,17,13,76.470588235,100.000000000
nuscenes,scene-0103_036,yaw,-2.000000000,deg,7,Car,8.550595337,"near [0,10)",0,0.602790456,107,72,67.289719626,100.000000000
nuscenes,scene-0103_036,yaw,-2.000000000,deg,9,Car,15.225047040,"middle [10,30)",0,0.077728562,74,65,87.837837838,100.000000000
nuscenes,scene-0103_036,yaw,-2.000000000,deg,14,Car,13.258016094,"middle [10,30)",0,0.000000000,38,37,97.368421053,100.000000000
nuscenes,scene-0103_036,yaw,-1.000000000,deg,1,Car,27.931566566,"middle [10,30)",0,0.000000000,25,22,88.000000000,100.000000000
nuscenes,scene-0103_036,yaw,-1.000000000,deg,3,Car,24.477254552,"middle [10,30)",0,0.000000000,16,14,87.500000000,100.000000000
nuscenes,scene-0103_036,yaw,-1.000000000,deg,4,Car,17.575288684,"middle [10,30)",0,0.000000000,17,16,94.117647059,100.000000000
nuscenes,scene-0103_036,yaw,-1.000000000,deg,7,Car,8.550595337,"near [0,10)",0,0.602790456,107,91,85.046728972,100.000000000
nuscenes,scene-0103_036,yaw,-1.000000000,deg,9,Car,15.225047040,"middle [10,30)",0,0.077728562,74,73,98.648648649,100.000000000
nuscenes,scene-0103_036,yaw,-1.000000000,deg,14,Car,13.258016094,"middle [10,30)",0,0.000000000,38,38,100.000000000,100.000000000
nuscenes,scene-0103_036,yaw,-0.500000000,deg,1,Car,27.931566566,"middle [10,30)",0,0.000000000,25,24,96.000000000,100.000000000
nuscenes,scene-0103_036,yaw,-0.500000000,deg,3,Car,24.477254552,"middle [10,30)",0,0.000000000,16,16,100.000000000,100.000000000
nuscenes,scene-0103_036,yaw,-0.500000000,deg,4,Car,17.575288684,"middle [10,30)",0,0.000000000,17,17,100.000000000,100.000000000
nuscenes,scene-0103_036,yaw,-0.500000000,deg,7,Car,8.550595337,"near [0,10)",0,0.602790456,107,100,93.457943925,100.000000000
nuscenes,scene-0103_036,yaw,-0.500000000,deg,9,Car,15.225047040,"middle [10,30)",0,0.077728562,74,74,100.000000000,100.000000000
nuscenes,scene-0103_036,yaw,-0.500000000,deg,14,Car,13.258016094,"middle [10,30)",0,0.000000000,38,38,100.000000000,100.000000000
nuscenes,scene-0103_036,yaw,0.000000000,deg,1,Car,27.931566566,"middle [10,30)",0,0.000000000,25,25,100.000000000,100.000000000
nuscenes,scene-0103_036,yaw,0.000000000,deg,3,Car,24.477254552,"middle [10,30)",0,0.000000000,16,16,100.000000000,100.000000000
nuscenes,scene-0103_036,yaw,0.000000000,deg,4,Car,17.575288684,"middle [10,30)",0,0.000000000,17,17,100.000000000,100.000000000
nuscenes,scene-0103_036,yaw,0.000000000,deg,7,Car,8.550595337,"near [0,10)",0,0.602790456,107,107,100.000000000,100.000000000
nuscenes,scene-0103_036,yaw,0.000000000,deg,9,Car,15.225047040,"middle [10,30)",0,0.077728562,74,74,100.000000000,100.000000000
nuscenes,scene-0103_036,yaw,0.000000000,deg,14,Car,13.258016094,"middle [10,30)",0,0.000000000,38,38,100.000000000,100.000000000
nuscenes,scene-0103_036,yaw,0.500000000,deg,1,Car,27.931566566,"middle [10,30)",0,0.000000000,25,25,100.000000000,100.000000000
nuscenes,scene-0103_036,yaw,0.500000000,deg,3,Car,24.477254552,"middle [10,30)",0,0.000000000,16,15,93.750000000,100.000000000
nuscenes,scene-0103_036,yaw,0.500000000,deg,4,Car,17.575288684,"middle [10,30)",0,0.000000000,17,17,100.000000000,100.000000000
nuscenes,scene-0103_036,yaw,0.500000000,deg,7,Car,8.550595337,"near [0,10)",0,0.602790456,107,107,100.000000000,100.000000000
nuscenes,scene-0103_036,yaw,0.500000000,deg,9,Car,15.225047040,"middle [10,30)",0,0.077728562,74,71,95.945945946,100.000000000
nuscenes,scene-0103_036,yaw,0.500000000,deg,14,Car,13.258016094,"middle [10,30)",0,0.000000000,38,38,100.000000000,100.000000000
nuscenes,scene-0103_036,yaw,1.000000000,deg,1,Car,27.931566566,"middle [10,30)",0,0.000000000,25,23,92.000000000,100.000000000
nuscenes,scene-0103_036,yaw,1.000000000,deg,3,Car,24.477254552,"middle [10,30)",0,0.000000000,16,15,93.750000000,100.000000000
nuscenes,scene-0103_036,yaw,1.000000000,deg,4,Car,17.575288684,"middle [10,30)",0,0.000000000,17,13,76.470588235,100.000000000
nuscenes,scene-0103_036,yaw,1.000000000,deg,7,Car,8.550595337,"near [0,10)",0,0.602790456,107,107,100.000000000,100.000000000
nuscenes,scene-0103_036,yaw,1.000000000,deg,9,Car,15.225047040,"middle [10,30)",0,0.077728562,74,69,93.243243243,100.000000000
nuscenes,scene-0103_036,yaw,1.000000000,deg,14,Car,13.258016094,"middle [10,30)",0,0.000000000,38,36,94.736842105,100.000000000
nuscenes,scene-0103_036,yaw,2.000000000,deg,1,Car,27.931566566,"middle [10,30)",0,0.000000000,25,16,64.000000000,100.000000000
nuscenes,scene-0103_036,yaw,2.000000000,deg,3,Car,24.477254552,"middle [10,30)",0,0.000000000,16,11,68.750000000,100.000000000
nuscenes,scene-0103_036,yaw,2.000000000,deg,4,Car,17.575288684,"middle [10,30)",0,0.000000000,17,11,64.705882353,100.000000000
nuscenes,scene-0103_036,yaw,2.000000000,deg,7,Car,8.550595337,"near [0,10)",0,0.602790456,107,101,94.392523364,100.000000000
nuscenes,scene-0103_036,yaw,2.000000000,deg,9,Car,15.225047040,"middle [10,30)",0,0.077728562,74,68,91.891891892,100.000000000
nuscenes,scene-0103_036,yaw,2.000000000,deg,14,Car,13.258016094,"middle [10,30)",0,0.000000000,38,32,84.210526316,100.000000000
nuscenes,scene-0103_036,yaw,3.000000000,deg,1,Car,27.931566566,"middle [10,30)",0,0.000000000,25,8,32.000000000,100.000000000
nuscenes,scene-0103_036,yaw,3.000000000,deg,3,Car,24.477254552,"middle [10,30)",0,0.000000000,16,8,50.000000000,100.000000000
nuscenes,scene-0103_036,yaw,3.000000000,deg,4,Car,17.575288684,"middle [10,30)",0,0.000000000,17,9,52.941176471,100.000000000
nuscenes,scene-0103_036,yaw,3.000000000,deg,7,Car,8.550595337,"near [0,10)",0,0.602790456,107,96,89.719626168,100.000000000
nuscenes,scene-0103_036,yaw,3.000000000,deg,9,Car,15.225047040,"middle [10,30)",0,0.077728562,74,60,81.081081081,100.000000000
nuscenes,scene-0103_036,yaw,3.000000000,deg,14,Car,13.258016094,"middle [10,30)",0,0.000000000,38,27,71.052631579,100.000000000
nuscenes,scene-0103_036,lateral,-0.100000000,m,1,Car,27.931566566,"middle [10,30)",0,0.000000000,25,25,100.000000000,100.000000000
nuscenes,scene-0103_036,lateral,-0.100000000,m,3,Car,24.477254552,"middle [10,30)",0,0.000000000,16,16,100.000000000,100.000000000
nuscenes,scene-0103_036,lateral,-0.100000000,m,4,Car,17.575288684,"middle [10,30)",0,0.000000000,17,17,100.000000000,100.000000000
nuscenes,scene-0103_036,lateral,-0.100000000,m,7,Car,8.550595337,"near [0,10)",0,0.602790456,107,107,100.000000000,100.000000000
nuscenes,scene-0103_036,lateral,-0.100000000,m,9,Car,15.225047040,"middle [10,30)",0,0.077728562,74,73,98.648648649,100.000000000
nuscenes,scene-0103_036,lateral,-0.100000000,m,14,Car,13.258016094,"middle [10,30)",0,0.000000000,38,38,100.000000000,100.000000000
nuscenes,scene-0103_036,lateral,-0.050000000,m,1,Car,27.931566566,"middle [10,30)",0,0.000000000,25,25,100.000000000,100.000000000
nuscenes,scene-0103_036,lateral,-0.050000000,m,3,Car,24.477254552,"middle [10,30)",0,0.000000000,16,16,100.000000000,100.000000000
nuscenes,scene-0103_036,lateral,-0.050000000,m,4,Car,17.575288684,"middle [10,30)",0,0.000000000,17,17,100.000000000,100.000000000
nuscenes,scene-0103_036,lateral,-0.050000000,m,7,Car,8.550595337,"near [0,10)",0,0.602790456,107,107,100.000000000,100.000000000
nuscenes,scene-0103_036,lateral,-0.050000000,m,9,Car,15.225047040,"middle [10,30)",0,0.077728562,74,73,98.648648649,100.000000000
nuscenes,scene-0103_036,lateral,-0.050000000,m,14,Car,13.258016094,"middle [10,30)",0,0.000000000,38,38,100.000000000,100.000000000
nuscenes,scene-0103_036,lateral,-0.020000000,m,1,Car,27.931566566,"middle [10,30)",0,0.000000000,25,25,100.000000000,100.000000000
nuscenes,scene-0103_036,lateral,-0.020000000,m,3,Car,24.477254552,"middle [10,30)",0,0.000000000,16,16,100.000000000,100.000000000
nuscenes,scene-0103_036,lateral,-0.020000000,m,4,Car,17.575288684,"middle [10,30)",0,0.000000000,17,17,100.000000000,100.000000000
nuscenes,scene-0103_036,lateral,-0.020000000,m,7,Car,8.550595337,"near [0,10)",0,0.602790456,107,107,100.000000000,100.000000000
nuscenes,scene-0103_036,lateral,-0.020000000,m,9,Car,15.225047040,"middle [10,30)",0,0.077728562,74,73,98.648648649,100.000000000
nuscenes,scene-0103_036,lateral,-0.020000000,m,14,Car,13.258016094,"middle [10,30)",0,0.000000000,38,38,100.000000000,100.000000000
nuscenes,scene-0103_036,lateral,0.000000000,m,1,Car,27.931566566,"middle [10,30)",0,0.000000000,25,25,100.000000000,100.000000000
nuscenes,scene-0103_036,lateral,0.000000000,m,3,Car,24.477254552,"middle [10,30)",0,0.000000000,16,16,100.000000000,100.000000000
nuscenes,scene-0103_036,lateral,0.000000000,m,4,Car,17.575288684,"middle [10,30)",0,0.000000000,17,17,100.000000000,100.000000000
nuscenes,scene-0103_036,lateral,0.000000000,m,7,Car,8.550595337,"near [0,10)",0,0.602790456,107,107,100.000000000,100.000000000
nuscenes,scene-0103_036,lateral,0.000000000,m,9,Car,15.225047040,"middle [10,30)",0,0.077728562,74,74,100.000000000,100.000000000
nuscenes,scene-0103_036,lateral,0.000000000,m,14,Car,13.258016094,"middle [10,30)",0,0.000000000,38,38,100.000000000,100.000000000
nuscenes,scene-0103_036,lateral,0.020000000,m,1,Car,27.931566566,"middle [10,30)",0,0.000000000,25,25,100.000000000,100.000000000
nuscenes,scene-0103_036,lateral,0.020000000,m,3,Car,24.477254552,"middle [10,30)",0,0.000000000,16,16,100.000000000,100.000000000
nuscenes,scene-0103_036,lateral,0.020000000,m,4,Car,17.575288684,"middle [10,30)",0,0.000000000,17,17,100.000000000,100.000000000
nuscenes,scene-0103_036,lateral,0.020000000,m,7,Car,8.550595337,"near [0,10)",0,0.602790456,107,106,99.065420561,100.000000000
nuscenes,scene-0103_036,lateral,0.020000000,m,9,Car,15.225047040,"middle [10,30)",0,0.077728562,74,74,100.000000000,100.000000000
nuscenes,scene-0103_036,lateral,0.020000000,m,14,Car,13.258016094,"middle [10,30)",0,0.000000000,38,38,100.000000000,100.000000000
nuscenes,scene-0103_036,lateral,0.050000000,m,1,Car,27.931566566,"middle [10,30)",0,0.000000000,25,25,100.000000000,100.000000000
nuscenes,scene-0103_036,lateral,0.050000000,m,3,Car,24.477254552,"middle [10,30)",0,0.000000000,16,16,100.000000000,100.000000000
nuscenes,scene-0103_036,lateral,0.050000000,m,4,Car,17.575288684,"middle [10,30)",0,0.000000000,17,17,100.000000000,100.000000000
nuscenes,scene-0103_036,lateral,0.050000000,m,7,Car,8.550595337,"near [0,10)",0,0.602790456,107,105,98.130841121,100.000000000
nuscenes,scene-0103_036,lateral,0.050000000,m,9,Car,15.225047040,"middle [10,30)",0,0.077728562,74,74,100.000000000,100.000000000
nuscenes,scene-0103_036,lateral,0.050000000,m,14,Car,13.258016094,"middle [10,30)",0,0.000000000,38,38,100.000000000,100.000000000
nuscenes,scene-0103_036,lateral,0.100000000,m,1,Car,27.931566566,"middle [10,30)",0,0.000000000,25,25,100.000000000,100.000000000
nuscenes,scene-0103_036,lateral,0.100000000,m,3,Car,24.477254552,"middle [10,30)",0,0.000000000,16,16,100.000000000,100.000000000
nuscenes,scene-0103_036,lateral,0.100000000,m,4,Car,17.575288684,"middle [10,30)",0,0.000000000,17,17,100.000000000,100.000000000
nuscenes,scene-0103_036,lateral,0.100000000,m,7,Car,8.550595337,"near [0,10)",0,0.602790456,107,100,93.457943925,100.000000000
nuscenes,scene-0103_036,lateral,0.100000000,m,9,Car,15.225047040,"middle [10,30)",0,0.077728562,74,74,100.000000000,100.000000000
nuscenes,scene-0103_036,lateral,0.100000000,m,14,Car,13.258016094,"middle [10,30)",0,0.000000000,38,38,100.000000000,100.000000000
nuscenes,scene-0103_037,yaw,-3.000000000,deg,3,Car,24.829624054,"middle [10,30)",0,0.000000000,29,19,65.517241379,100.000000000
nuscenes,scene-0103_037,yaw,-3.000000000,deg,5,Car,19.909675246,"middle [10,30)",0,0.000000000,21,13,61.904761905,100.000000000
nuscenes,scene-0103_037,yaw,-3.000000000,deg,6,Car,10.601842428,"middle [10,30)",0,0.000000000,105,88,83.809523810,100.000000000
nuscenes,scene-0103_037,yaw,-3.000000000,deg,11,Car,13.165269549,"middle [10,30)",0,0.648357150,49,34,69.387755102,100.000000000
nuscenes,scene-0103_037,yaw,-3.000000000,deg,14,Car,9.284686428,"near [0,10)",0,0.328541802,127,79,62.204724409,99.212598425
nuscenes,scene-0103_037,yaw,-2.000000000,deg,3,Car,24.829624054,"middle [10,30)",0,0.000000000,29,23,79.310344828,100.000000000
nuscenes,scene-0103_037,yaw,-2.000000000,deg,5,Car,19.909675246,"middle [10,30)",0,0.000000000,21,16,76.190476190,100.000000000
nuscenes,scene-0103_037,yaw,-2.000000000,deg,6,Car,10.601842428,"middle [10,30)",0,0.000000000,105,97,92.380952381,100.000000000
nuscenes,scene-0103_037,yaw,-2.000000000,deg,11,Car,13.165269549,"middle [10,30)",0,0.648357150,49,44,89.795918367,100.000000000
nuscenes,scene-0103_037,yaw,-2.000000000,deg,14,Car,9.284686428,"near [0,10)",0,0.328541802,127,93,73.228346457,99.212598425
nuscenes,scene-0103_037,yaw,-1.000000000,deg,3,Car,24.829624054,"middle [10,30)",0,0.000000000,29,28,96.551724138,100.000000000
nuscenes,scene-0103_037,yaw,-1.000000000,deg,5,Car,19.909675246,"middle [10,30)",0,0.000000000,21,19,90.476190476,100.000000000
nuscenes,scene-0103_037,yaw,-1.000000000,deg,6,Car,10.601842428,"middle [10,30)",0,0.000000000,105,104,99.047619048,100.000000000
nuscenes,scene-0103_037,yaw,-1.000000000,deg,11,Car,13.165269549,"middle [10,30)",0,0.648357150,49,48,97.959183673,100.000000000
nuscenes,scene-0103_037,yaw,-1.000000000,deg,14,Car,9.284686428,"near [0,10)",0,0.328541802,127,109,85.826771654,99.212598425
nuscenes,scene-0103_037,yaw,-0.500000000,deg,3,Car,24.829624054,"middle [10,30)",0,0.000000000,29,29,100.000000000,100.000000000
nuscenes,scene-0103_037,yaw,-0.500000000,deg,5,Car,19.909675246,"middle [10,30)",0,0.000000000,21,21,100.000000000,100.000000000
nuscenes,scene-0103_037,yaw,-0.500000000,deg,6,Car,10.601842428,"middle [10,30)",0,0.000000000,105,105,100.000000000,100.000000000
nuscenes,scene-0103_037,yaw,-0.500000000,deg,11,Car,13.165269549,"middle [10,30)",0,0.648357150,49,49,100.000000000,100.000000000
nuscenes,scene-0103_037,yaw,-0.500000000,deg,14,Car,9.284686428,"near [0,10)",0,0.328541802,127,117,92.125984252,99.212598425
nuscenes,scene-0103_037,yaw,0.000000000,deg,3,Car,24.829624054,"middle [10,30)",0,0.000000000,29,29,100.000000000,100.000000000
nuscenes,scene-0103_037,yaw,0.000000000,deg,5,Car,19.909675246,"middle [10,30)",0,0.000000000,21,21,100.000000000,100.000000000
nuscenes,scene-0103_037,yaw,0.000000000,deg,6,Car,10.601842428,"middle [10,30)",0,0.000000000,105,105,100.000000000,100.000000000
nuscenes,scene-0103_037,yaw,0.000000000,deg,11,Car,13.165269549,"middle [10,30)",0,0.648357150,49,49,100.000000000,100.000000000
nuscenes,scene-0103_037,yaw,0.000000000,deg,14,Car,9.284686428,"near [0,10)",0,0.328541802,127,126,99.212598425,99.212598425
nuscenes,scene-0103_037,yaw,0.500000000,deg,3,Car,24.829624054,"middle [10,30)",0,0.000000000,29,28,96.551724138,100.000000000
nuscenes,scene-0103_037,yaw,0.500000000,deg,5,Car,19.909675246,"middle [10,30)",0,0.000000000,21,20,95.238095238,100.000000000
nuscenes,scene-0103_037,yaw,0.500000000,deg,6,Car,10.601842428,"middle [10,30)",0,0.000000000,105,105,100.000000000,100.000000000
nuscenes,scene-0103_037,yaw,0.500000000,deg,11,Car,13.165269549,"middle [10,30)",0,0.648357150,49,44,89.795918367,100.000000000
nuscenes,scene-0103_037,yaw,0.500000000,deg,14,Car,9.284686428,"near [0,10)",0,0.328541802,127,127,100.000000000,99.212598425
nuscenes,scene-0103_037,yaw,1.000000000,deg,3,Car,24.829624054,"middle [10,30)",0,0.000000000,29,26,89.655172414,100.000000000
nuscenes,scene-0103_037,yaw,1.000000000,deg,5,Car,19.909675246,"middle [10,30)",0,0.000000000,21,18,85.714285714,100.000000000
nuscenes,scene-0103_037,yaw,1.000000000,deg,6,Car,10.601842428,"middle [10,30)",0,0.000000000,105,105,100.000000000,100.000000000
nuscenes,scene-0103_037,yaw,1.000000000,deg,11,Car,13.165269549,"middle [10,30)",0,0.648357150,49,39,79.591836735,100.000000000
nuscenes,scene-0103_037,yaw,1.000000000,deg,14,Car,9.284686428,"near [0,10)",0,0.328541802,127,125,98.425196850,99.212598425
nuscenes,scene-0103_037,yaw,2.000000000,deg,3,Car,24.829624054,"middle [10,30)",0,0.000000000,29,21,72.413793103,100.000000000
nuscenes,scene-0103_037,yaw,2.000000000,deg,5,Car,19.909675246,"middle [10,30)",0,0.000000000,21,16,76.190476190,100.000000000
nuscenes,scene-0103_037,yaw,2.000000000,deg,6,Car,10.601842428,"middle [10,30)",0,0.000000000,105,98,93.333333333,100.000000000
nuscenes,scene-0103_037,yaw,2.000000000,deg,11,Car,13.165269549,"middle [10,30)",0,0.648357150,49,33,67.346938776,100.000000000
nuscenes,scene-0103_037,yaw,2.000000000,deg,14,Car,9.284686428,"near [0,10)",0,0.328541802,127,118,92.913385827,99.212598425
nuscenes,scene-0103_037,yaw,3.000000000,deg,3,Car,24.829624054,"middle [10,30)",0,0.000000000,29,12,41.379310345,100.000000000
nuscenes,scene-0103_037,yaw,3.000000000,deg,5,Car,19.909675246,"middle [10,30)",0,0.000000000,21,14,66.666666667,100.000000000
nuscenes,scene-0103_037,yaw,3.000000000,deg,6,Car,10.601842428,"middle [10,30)",0,0.000000000,105,90,85.714285714,100.000000000
nuscenes,scene-0103_037,yaw,3.000000000,deg,11,Car,13.165269549,"middle [10,30)",0,0.648357150,49,25,51.020408163,100.000000000
nuscenes,scene-0103_037,yaw,3.000000000,deg,14,Car,9.284686428,"near [0,10)",0,0.328541802,127,114,89.763779528,99.212598425
nuscenes,scene-0103_037,lateral,-0.100000000,m,3,Car,24.829624054,"middle [10,30)",0,0.000000000,29,29,100.000000000,100.000000000
nuscenes,scene-0103_037,lateral,-0.100000000,m,5,Car,19.909675246,"middle [10,30)",0,0.000000000,21,20,95.238095238,100.000000000
nuscenes,scene-0103_037,lateral,-0.100000000,m,6,Car,10.601842428,"middle [10,30)",0,0.000000000,105,105,100.000000000,100.000000000
nuscenes,scene-0103_037,lateral,-0.100000000,m,11,Car,13.165269549,"middle [10,30)",0,0.648357150,49,44,89.795918367,100.000000000
nuscenes,scene-0103_037,lateral,-0.100000000,m,14,Car,9.284686428,"near [0,10)",0,0.328541802,127,127,100.000000000,99.212598425
nuscenes,scene-0103_037,lateral,-0.050000000,m,3,Car,24.829624054,"middle [10,30)",0,0.000000000,29,29,100.000000000,100.000000000
nuscenes,scene-0103_037,lateral,-0.050000000,m,5,Car,19.909675246,"middle [10,30)",0,0.000000000,21,21,100.000000000,100.000000000
nuscenes,scene-0103_037,lateral,-0.050000000,m,6,Car,10.601842428,"middle [10,30)",0,0.000000000,105,105,100.000000000,100.000000000
nuscenes,scene-0103_037,lateral,-0.050000000,m,11,Car,13.165269549,"middle [10,30)",0,0.648357150,49,47,95.918367347,100.000000000
nuscenes,scene-0103_037,lateral,-0.050000000,m,14,Car,9.284686428,"near [0,10)",0,0.328541802,127,127,100.000000000,99.212598425
nuscenes,scene-0103_037,lateral,-0.020000000,m,3,Car,24.829624054,"middle [10,30)",0,0.000000000,29,29,100.000000000,100.000000000
nuscenes,scene-0103_037,lateral,-0.020000000,m,5,Car,19.909675246,"middle [10,30)",0,0.000000000,21,21,100.000000000,100.000000000
nuscenes,scene-0103_037,lateral,-0.020000000,m,6,Car,10.601842428,"middle [10,30)",0,0.000000000,105,105,100.000000000,100.000000000
nuscenes,scene-0103_037,lateral,-0.020000000,m,11,Car,13.165269549,"middle [10,30)",0,0.648357150,49,49,100.000000000,100.000000000
nuscenes,scene-0103_037,lateral,-0.020000000,m,14,Car,9.284686428,"near [0,10)",0,0.328541802,127,127,100.000000000,99.212598425
nuscenes,scene-0103_037,lateral,0.000000000,m,3,Car,24.829624054,"middle [10,30)",0,0.000000000,29,29,100.000000000,100.000000000
nuscenes,scene-0103_037,lateral,0.000000000,m,5,Car,19.909675246,"middle [10,30)",0,0.000000000,21,21,100.000000000,100.000000000
nuscenes,scene-0103_037,lateral,0.000000000,m,6,Car,10.601842428,"middle [10,30)",0,0.000000000,105,105,100.000000000,100.000000000
nuscenes,scene-0103_037,lateral,0.000000000,m,11,Car,13.165269549,"middle [10,30)",0,0.648357150,49,49,100.000000000,100.000000000
nuscenes,scene-0103_037,lateral,0.000000000,m,14,Car,9.284686428,"near [0,10)",0,0.328541802,127,126,99.212598425,99.212598425
nuscenes,scene-0103_037,lateral,0.020000000,m,3,Car,24.829624054,"middle [10,30)",0,0.000000000,29,29,100.000000000,100.000000000
nuscenes,scene-0103_037,lateral,0.020000000,m,5,Car,19.909675246,"middle [10,30)",0,0.000000000,21,21,100.000000000,100.000000000
nuscenes,scene-0103_037,lateral,0.020000000,m,6,Car,10.601842428,"middle [10,30)",0,0.000000000,105,105,100.000000000,100.000000000
nuscenes,scene-0103_037,lateral,0.020000000,m,11,Car,13.165269549,"middle [10,30)",0,0.648357150,49,49,100.000000000,100.000000000
nuscenes,scene-0103_037,lateral,0.020000000,m,14,Car,9.284686428,"near [0,10)",0,0.328541802,127,123,96.850393701,99.212598425
nuscenes,scene-0103_037,lateral,0.050000000,m,3,Car,24.829624054,"middle [10,30)",0,0.000000000,29,29,100.000000000,100.000000000
nuscenes,scene-0103_037,lateral,0.050000000,m,5,Car,19.909675246,"middle [10,30)",0,0.000000000,21,21,100.000000000,100.000000000
nuscenes,scene-0103_037,lateral,0.050000000,m,6,Car,10.601842428,"middle [10,30)",0,0.000000000,105,105,100.000000000,100.000000000
nuscenes,scene-0103_037,lateral,0.050000000,m,11,Car,13.165269549,"middle [10,30)",0,0.648357150,49,49,100.000000000,100.000000000
nuscenes,scene-0103_037,lateral,0.050000000,m,14,Car,9.284686428,"near [0,10)",0,0.328541802,127,122,96.062992126,99.212598425
nuscenes,scene-0103_037,lateral,0.100000000,m,3,Car,24.829624054,"middle [10,30)",0,0.000000000,29,29,100.000000000,100.000000000
nuscenes,scene-0103_037,lateral,0.100000000,m,5,Car,19.909675246,"middle [10,30)",0,0.000000000,21,21,100.000000000,100.000000000
nuscenes,scene-0103_037,lateral,0.100000000,m,6,Car,10.601842428,"middle [10,30)",0,0.000000000,105,105,100.000000000,100.000000000
nuscenes,scene-0103_037,lateral,0.100000000,m,11,Car,13.165269549,"middle [10,30)",0,0.648357150,49,49,100.000000000,100.000000000
nuscenes,scene-0103_037,lateral,0.100000000,m,14,Car,9.284686428,"near [0,10)",0,0.328541802,127,117,92.125984252,99.212598425
nuscenes,scene-0103_038,yaw,-3.000000000,deg,1,Bicycle,14.476387499,"middle [10,30)",0,0.000000000,11,4,36.363636364,100.000000000
nuscenes,scene-0103_038,yaw,-3.000000000,deg,3,Car,20.792704414,"middle [10,30)",0,0.000000000,46,24,52.173913043,100.000000000
nuscenes,scene-0103_038,yaw,-3.000000000,deg,5,Car,15.888880386,"middle [10,30)",0,0.000000000,56,36,64.285714286,100.000000000
nuscenes,scene-0103_038,yaw,-3.000000000,deg,7,Car,4.924122529,"near [0,10)",0,0.892166740,225,216,96.000000000,99.555555556
nuscenes,scene-0103_038,yaw,-3.000000000,deg,8,Car,24.861473585,"middle [10,30)",0,0.000000000,11,5,45.454545455,100.000000000
nuscenes,scene-0103_038,yaw,-3.000000000,deg,11,Car,22.365312390,"middle [10,30)",0,0.000000000,14,7,50.000000000,100.000000000
nuscenes,scene-0103_038,yaw,-3.000000000,deg,12,Car,7.797044216,"near [0,10)",0,0.900350459,26,0,0.000000000,100.000000000
nuscenes,scene-0103_038,yaw,-2.000000000,deg,1,Bicycle,14.476387499,"middle [10,30)",0,0.000000000,11,7,63.636363636,100.000000000
nuscenes,scene-0103_038,yaw,-2.000000000,deg,3,Car,20.792704414,"middle [10,30)",0,0.000000000,46,33,71.739130435,100.000000000
nuscenes,scene-0103_038,yaw,-2.000000000,deg,5,Car,15.888880386,"middle [10,30)",0,0.000000000,56,46,82.142857143,100.000000000
nuscenes,scene-0103_038,yaw,-2.000000000,deg,7,Car,4.924122529,"near [0,10)",0,0.892166740,225,224,99.555555556,99.555555556
nuscenes,scene-0103_038,yaw,-2.000000000,deg,8,Car,24.861473585,"middle [10,30)",0,0.000000000,11,10,90.909090909,100.000000000
nuscenes,scene-0103_038,yaw,-2.000000000,deg,11,Car,22.365312390,"middle [10,30)",0,0.000000000,14,12,85.714285714,100.000000000
nuscenes,scene-0103_038,yaw,-2.000000000,deg,12,Car,7.797044216,"near [0,10)",0,0.900350459,26,4,15.384615385,100.000000000
nuscenes,scene-0103_038,yaw,-1.000000000,deg,1,Bicycle,14.476387499,"middle [10,30)",0,0.000000000,11,11,100.000000000,100.000000000
nuscenes,scene-0103_038,yaw,-1.000000000,deg,3,Car,20.792704414,"middle [10,30)",0,0.000000000,46,41,89.130434783,100.000000000
nuscenes,scene-0103_038,yaw,-1.000000000,deg,5,Car,15.888880386,"middle [10,30)",0,0.000000000,56,54,96.428571429,100.000000000
nuscenes,scene-0103_038,yaw,-1.000000000,deg,7,Car,4.924122529,"near [0,10)",0,0.892166740,225,225,100.000000000,99.555555556
nuscenes,scene-0103_038,yaw,-1.000000000,deg,8,Car,24.861473585,"middle [10,30)",0,0.000000000,11,10,90.909090909,100.000000000
nuscenes,scene-0103_038,yaw,-1.000000000,deg,11,Car,22.365312390,"middle [10,30)",0,0.000000000,14,14,100.000000000,100.000000000
nuscenes,scene-0103_038,yaw,-1.000000000,deg,12,Car,7.797044216,"near [0,10)",0,0.900350459,26,13,50.000000000,100.000000000
nuscenes,scene-0103_038,yaw,-0.500000000,deg,1,Bicycle,14.476387499,"middle [10,30)",0,0.000000000,11,11,100.000000000,100.000000000
nuscenes,scene-0103_038,yaw,-0.500000000,deg,3,Car,20.792704414,"middle [10,30)",0,0.000000000,46,45,97.826086957,100.000000000
nuscenes,scene-0103_038,yaw,-0.500000000,deg,5,Car,15.888880386,"middle [10,30)",0,0.000000000,56,56,100.000000000,100.000000000
nuscenes,scene-0103_038,yaw,-0.500000000,deg,7,Car,4.924122529,"near [0,10)",0,0.892166740,225,225,100.000000000,99.555555556
nuscenes,scene-0103_038,yaw,-0.500000000,deg,8,Car,24.861473585,"middle [10,30)",0,0.000000000,11,11,100.000000000,100.000000000
nuscenes,scene-0103_038,yaw,-0.500000000,deg,11,Car,22.365312390,"middle [10,30)",0,0.000000000,14,14,100.000000000,100.000000000
nuscenes,scene-0103_038,yaw,-0.500000000,deg,12,Car,7.797044216,"near [0,10)",0,0.900350459,26,20,76.923076923,100.000000000
nuscenes,scene-0103_038,yaw,0.000000000,deg,1,Bicycle,14.476387499,"middle [10,30)",0,0.000000000,11,11,100.000000000,100.000000000
nuscenes,scene-0103_038,yaw,0.000000000,deg,3,Car,20.792704414,"middle [10,30)",0,0.000000000,46,46,100.000000000,100.000000000
nuscenes,scene-0103_038,yaw,0.000000000,deg,5,Car,15.888880386,"middle [10,30)",0,0.000000000,56,56,100.000000000,100.000000000
nuscenes,scene-0103_038,yaw,0.000000000,deg,7,Car,4.924122529,"near [0,10)",0,0.892166740,225,224,99.555555556,99.555555556
nuscenes,scene-0103_038,yaw,0.000000000,deg,8,Car,24.861473585,"middle [10,30)",0,0.000000000,11,11,100.000000000,100.000000000
nuscenes,scene-0103_038,yaw,0.000000000,deg,11,Car,22.365312390,"middle [10,30)",0,0.000000000,14,14,100.000000000,100.000000000
nuscenes,scene-0103_038,yaw,0.000000000,deg,12,Car,7.797044216,"near [0,10)",0,0.900350459,26,26,100.000000000,100.000000000
nuscenes,scene-0103_038,yaw,0.500000000,deg,1,Bicycle,14.476387499,"middle [10,30)",0,0.000000000,11,11,100.000000000,100.000000000
nuscenes,scene-0103_038,yaw,0.500000000,deg,3,Car,20.792704414,"middle [10,30)",0,0.000000000,46,46,100.000000000,100.000000000
nuscenes,scene-0103_038,yaw,0.500000000,deg,5,Car,15.888880386,"middle [10,30)",0,0.000000000,56,56,100.000000000,100.000000000
nuscenes,scene-0103_038,yaw,0.500000000,deg,7,Car,4.924122529,"near [0,10)",0,0.892166740,225,215,95.555555556,99.555555556
nuscenes,scene-0103_038,yaw,0.500000000,deg,8,Car,24.861473585,"middle [10,30)",0,0.000000000,11,11,100.000000000,100.000000000
nuscenes,scene-0103_038,yaw,0.500000000,deg,11,Car,22.365312390,"middle [10,30)",0,0.000000000,14,14,100.000000000,100.000000000
nuscenes,scene-0103_038,yaw,0.500000000,deg,12,Car,7.797044216,"near [0,10)",0,0.900350459,26,26,100.000000000,100.000000000
nuscenes,scene-0103_038,yaw,1.000000000,deg,1,Bicycle,14.476387499,"middle [10,30)",0,0.000000000,11,10,90.909090909,100.000000000
nuscenes,scene-0103_038,yaw,1.000000000,deg,3,Car,20.792704414,"middle [10,30)",0,0.000000000,46,45,97.826086957,100.000000000
nuscenes,scene-0103_038,yaw,1.000000000,deg,5,Car,15.888880386,"middle [10,30)",0,0.000000000,56,54,96.428571429,100.000000000
nuscenes,scene-0103_038,yaw,1.000000000,deg,7,Car,4.924122529,"near [0,10)",0,0.892166740,225,197,87.555555556,99.555555556
nuscenes,scene-0103_038,yaw,1.000000000,deg,8,Car,24.861473585,"middle [10,30)",0,0.000000000,11,11,100.000000000,100.000000000
nuscenes,scene-0103_038,yaw,1.000000000,deg,11,Car,22.365312390,"middle [10,30)",0,0.000000000,14,14,100.000000000,100.000000000
nuscenes,scene-0103_038,yaw,1.000000000,deg,12,Car,7.797044216,"near [0,10)",0,0.900350459,26,26,100.000000000,100.000000000
nuscenes,scene-0103_038,yaw,2.000000000,deg,1,Bicycle,14.476387499,"middle [10,30)",0,0.000000000,11,5,45.454545455,100.000000000
nuscenes,scene-0103_038,yaw,2.000000000,deg,3,Car,20.792704414,"middle [10,30)",0,0.000000000,46,42,91.304347826,100.000000000
nuscenes,scene-0103_038,yaw,2.000000000,deg,5,Car,15.888880386,"middle [10,30)",0,0.000000000,56,52,92.857142857,100.000000000
nuscenes,scene-0103_038,yaw,2.000000000,deg,7,Car,4.924122529,"near [0,10)",0,0.892166740,225,174,77.333333333,99.555555556
nuscenes,scene-0103_038,yaw,2.000000000,deg,8,Car,24.861473585,"middle [10,30)",0,0.000000000,11,11,100.000000000,100.000000000
nuscenes,scene-0103_038,yaw,2.000000000,deg,11,Car,22.365312390,"middle [10,30)",0,0.000000000,14,9,64.285714286,100.000000000
nuscenes,scene-0103_038,yaw,2.000000000,deg,12,Car,7.797044216,"near [0,10)",0,0.900350459,26,18,69.230769231,100.000000000
nuscenes,scene-0103_038,yaw,3.000000000,deg,1,Bicycle,14.476387499,"middle [10,30)",0,0.000000000,11,1,9.090909091,100.000000000
nuscenes,scene-0103_038,yaw,3.000000000,deg,3,Car,20.792704414,"middle [10,30)",0,0.000000000,46,37,80.434782609,100.000000000
nuscenes,scene-0103_038,yaw,3.000000000,deg,5,Car,15.888880386,"middle [10,30)",0,0.000000000,56,48,85.714285714,100.000000000
nuscenes,scene-0103_038,yaw,3.000000000,deg,7,Car,4.924122529,"near [0,10)",0,0.892166740,225,149,66.222222222,99.555555556
nuscenes,scene-0103_038,yaw,3.000000000,deg,8,Car,24.861473585,"middle [10,30)",0,0.000000000,11,9,81.818181818,100.000000000
nuscenes,scene-0103_038,yaw,3.000000000,deg,11,Car,22.365312390,"middle [10,30)",0,0.000000000,14,6,42.857142857,100.000000000
nuscenes,scene-0103_038,yaw,3.000000000,deg,12,Car,7.797044216,"near [0,10)",0,0.900350459,26,9,34.615384615,100.000000000
nuscenes,scene-0103_038,lateral,-0.100000000,m,1,Bicycle,14.476387499,"middle [10,30)",0,0.000000000,11,11,100.000000000,100.000000000
nuscenes,scene-0103_038,lateral,-0.100000000,m,3,Car,20.792704414,"middle [10,30)",0,0.000000000,46,46,100.000000000,100.000000000
nuscenes,scene-0103_038,lateral,-0.100000000,m,5,Car,15.888880386,"middle [10,30)",0,0.000000000,56,56,100.000000000,100.000000000
nuscenes,scene-0103_038,lateral,-0.100000000,m,7,Car,4.924122529,"near [0,10)",0,0.892166740,225,206,91.555555556,99.555555556
nuscenes,scene-0103_038,lateral,-0.100000000,m,8,Car,24.861473585,"middle [10,30)",0,0.000000000,11,11,100.000000000,100.000000000
nuscenes,scene-0103_038,lateral,-0.100000000,m,11,Car,22.365312390,"middle [10,30)",0,0.000000000,14,14,100.000000000,100.000000000
nuscenes,scene-0103_038,lateral,-0.100000000,m,12,Car,7.797044216,"near [0,10)",0,0.900350459,26,26,100.000000000,100.000000000
nuscenes,scene-0103_038,lateral,-0.050000000,m,1,Bicycle,14.476387499,"middle [10,30)",0,0.000000000,11,11,100.000000000,100.000000000
nuscenes,scene-0103_038,lateral,-0.050000000,m,3,Car,20.792704414,"middle [10,30)",0,0.000000000,46,46,100.000000000,100.000000000
nuscenes,scene-0103_038,lateral,-0.050000000,m,5,Car,15.888880386,"middle [10,30)",0,0.000000000,56,56,100.000000000,100.000000000
nuscenes,scene-0103_038,lateral,-0.050000000,m,7,Car,4.924122529,"near [0,10)",0,0.892166740,225,216,96.000000000,99.555555556
nuscenes,scene-0103_038,lateral,-0.050000000,m,8,Car,24.861473585,"middle [10,30)",0,0.000000000,11,11,100.000000000,100.000000000
nuscenes,scene-0103_038,lateral,-0.050000000,m,11,Car,22.365312390,"middle [10,30)",0,0.000000000,14,14,100.000000000,100.000000000
nuscenes,scene-0103_038,lateral,-0.050000000,m,12,Car,7.797044216,"near [0,10)",0,0.900350459,26,26,100.000000000,100.000000000
nuscenes,scene-0103_038,lateral,-0.020000000,m,1,Bicycle,14.476387499,"middle [10,30)",0,0.000000000,11,11,100.000000000,100.000000000
nuscenes,scene-0103_038,lateral,-0.020000000,m,3,Car,20.792704414,"middle [10,30)",0,0.000000000,46,46,100.000000000,100.000000000
nuscenes,scene-0103_038,lateral,-0.020000000,m,5,Car,15.888880386,"middle [10,30)",0,0.000000000,56,56,100.000000000,100.000000000
nuscenes,scene-0103_038,lateral,-0.020000000,m,7,Car,4.924122529,"near [0,10)",0,0.892166740,225,222,98.666666667,99.555555556
nuscenes,scene-0103_038,lateral,-0.020000000,m,8,Car,24.861473585,"middle [10,30)",0,0.000000000,11,11,100.000000000,100.000000000
nuscenes,scene-0103_038,lateral,-0.020000000,m,11,Car,22.365312390,"middle [10,30)",0,0.000000000,14,14,100.000000000,100.000000000
nuscenes,scene-0103_038,lateral,-0.020000000,m,12,Car,7.797044216,"near [0,10)",0,0.900350459,26,26,100.000000000,100.000000000
nuscenes,scene-0103_038,lateral,0.000000000,m,1,Bicycle,14.476387499,"middle [10,30)",0,0.000000000,11,11,100.000000000,100.000000000
nuscenes,scene-0103_038,lateral,0.000000000,m,3,Car,20.792704414,"middle [10,30)",0,0.000000000,46,46,100.000000000,100.000000000
nuscenes,scene-0103_038,lateral,0.000000000,m,5,Car,15.888880386,"middle [10,30)",0,0.000000000,56,56,100.000000000,100.000000000
nuscenes,scene-0103_038,lateral,0.000000000,m,7,Car,4.924122529,"near [0,10)",0,0.892166740,225,224,99.555555556,99.555555556
nuscenes,scene-0103_038,lateral,0.000000000,m,8,Car,24.861473585,"middle [10,30)",0,0.000000000,11,11,100.000000000,100.000000000
nuscenes,scene-0103_038,lateral,0.000000000,m,11,Car,22.365312390,"middle [10,30)",0,0.000000000,14,14,100.000000000,100.000000000
nuscenes,scene-0103_038,lateral,0.000000000,m,12,Car,7.797044216,"near [0,10)",0,0.900350459,26,26,100.000000000,100.000000000
nuscenes,scene-0103_038,lateral,0.020000000,m,1,Bicycle,14.476387499,"middle [10,30)",0,0.000000000,11,11,100.000000000,100.000000000
nuscenes,scene-0103_038,lateral,0.020000000,m,3,Car,20.792704414,"middle [10,30)",0,0.000000000,46,46,100.000000000,100.000000000
nuscenes,scene-0103_038,lateral,0.020000000,m,5,Car,15.888880386,"middle [10,30)",0,0.000000000,56,56,100.000000000,100.000000000
nuscenes,scene-0103_038,lateral,0.020000000,m,7,Car,4.924122529,"near [0,10)",0,0.892166740,225,224,99.555555556,99.555555556
nuscenes,scene-0103_038,lateral,0.020000000,m,8,Car,24.861473585,"middle [10,30)",0,0.000000000,11,11,100.000000000,100.000000000
nuscenes,scene-0103_038,lateral,0.020000000,m,11,Car,22.365312390,"middle [10,30)",0,0.000000000,14,14,100.000000000,100.000000000
nuscenes,scene-0103_038,lateral,0.020000000,m,12,Car,7.797044216,"near [0,10)",0,0.900350459,26,25,96.153846154,100.000000000
nuscenes,scene-0103_038,lateral,0.050000000,m,1,Bicycle,14.476387499,"middle [10,30)",0,0.000000000,11,11,100.000000000,100.000000000
nuscenes,scene-0103_038,lateral,0.050000000,m,3,Car,20.792704414,"middle [10,30)",0,0.000000000,46,46,100.000000000,100.000000000
nuscenes,scene-0103_038,lateral,0.050000000,m,5,Car,15.888880386,"middle [10,30)",0,0.000000000,56,56,100.000000000,100.000000000
nuscenes,scene-0103_038,lateral,0.050000000,m,7,Car,4.924122529,"near [0,10)",0,0.892166740,225,224,99.555555556,99.555555556
nuscenes,scene-0103_038,lateral,0.050000000,m,8,Car,24.861473585,"middle [10,30)",0,0.000000000,11,11,100.000000000,100.000000000
nuscenes,scene-0103_038,lateral,0.050000000,m,11,Car,22.365312390,"middle [10,30)",0,0.000000000,14,14,100.000000000,100.000000000
nuscenes,scene-0103_038,lateral,0.050000000,m,12,Car,7.797044216,"near [0,10)",0,0.900350459,26,24,92.307692308,100.000000000
nuscenes,scene-0103_038,lateral,0.100000000,m,1,Bicycle,14.476387499,"middle [10,30)",0,0.000000000,11,11,100.000000000,100.000000000
nuscenes,scene-0103_038,lateral,0.100000000,m,3,Car,20.792704414,"middle [10,30)",0,0.000000000,46,46,100.000000000,100.000000000
nuscenes,scene-0103_038,lateral,0.100000000,m,5,Car,15.888880386,"middle [10,30)",0,0.000000000,56,56,100.000000000,100.000000000
nuscenes,scene-0103_038,lateral,0.100000000,m,7,Car,4.924122529,"near [0,10)",0,0.892166740,225,225,100.000000000,99.555555556
nuscenes,scene-0103_038,lateral,0.100000000,m,8,Car,24.861473585,"middle [10,30)",0,0.000000000,11,11,100.000000000,100.000000000
nuscenes,scene-0103_038,lateral,0.100000000,m,11,Car,22.365312390,"middle [10,30)",0,0.000000000,14,14,100.000000000,100.000000000
nuscenes,scene-0103_038,lateral,0.100000000,m,12,Car,7.797044216,"near [0,10)",0,0.900350459,26,20,76.923076923,100.000000000
nuscenes,scene-0103_039,yaw,-3.000000000,deg,0,Car,24.404355922,"middle [10,30)",1,0.000000000,10,9,90.000000000,100.000000000
nuscenes,scene-0103_039,yaw,-3.000000000,deg,2,Car,16.269651817,"middle [10,30)",0,0.008149288,80,60,75.000000000,100.000000000
nuscenes,scene-0103_039,yaw,-3.000000000,deg,3,Car,12.331943654,"middle [10,30)",0,0.000000000,113,97,85.840707965,100.000000000
nuscenes,scene-0103_039,yaw,-3.000000000,deg,5,Car,21.259859375,"middle [10,30)",0,0.000000000,22,13,59.090909091,100.000000000
nuscenes,scene-0103_039,yaw,-3.000000000,deg,7,Car,18.075624936,"middle [10,30)",0,0.000000000,40,22,55.000000000,100.000000000
nuscenes,scene-0103_039,yaw,-2.000000000,deg,0,Car,24.404355922,"middle [10,30)",1,0.000000000,10,10,100.000000000,100.000000000
nuscenes,scene-0103_039,yaw,-2.000000000,deg,2,Car,16.269651817,"middle [10,30)",0,0.008149288,80,67,83.750000000,100.000000000
nuscenes,scene-0103_039,yaw,-2.000000000,deg,3,Car,12.331943654,"middle [10,30)",0,0.000000000,113,108,95.575221239,100.000000000
nuscenes,scene-0103_039,yaw,-2.000000000,deg,5,Car,21.259859375,"middle [10,30)",0,0.000000000,22,14,63.636363636,100.000000000
nuscenes,scene-0103_039,yaw,-2.000000000,deg,7,Car,18.075624936,"middle [10,30)",0,0.000000000,40,32,80.000000000,100.000000000
nuscenes,scene-0103_039,yaw,-1.000000000,deg,0,Car,24.404355922,"middle [10,30)",1,0.000000000,10,10,100.000000000,100.000000000
nuscenes,scene-0103_039,yaw,-1.000000000,deg,2,Car,16.269651817,"middle [10,30)",0,0.008149288,80,77,96.250000000,100.000000000
nuscenes,scene-0103_039,yaw,-1.000000000,deg,3,Car,12.331943654,"middle [10,30)",0,0.000000000,113,113,100.000000000,100.000000000
nuscenes,scene-0103_039,yaw,-1.000000000,deg,5,Car,21.259859375,"middle [10,30)",0,0.000000000,22,19,86.363636364,100.000000000
nuscenes,scene-0103_039,yaw,-1.000000000,deg,7,Car,18.075624936,"middle [10,30)",0,0.000000000,40,38,95.000000000,100.000000000
nuscenes,scene-0103_039,yaw,-0.500000000,deg,0,Car,24.404355922,"middle [10,30)",1,0.000000000,10,10,100.000000000,100.000000000
nuscenes,scene-0103_039,yaw,-0.500000000,deg,2,Car,16.269651817,"middle [10,30)",0,0.008149288,80,80,100.000000000,100.000000000
nuscenes,scene-0103_039,yaw,-0.500000000,deg,3,Car,12.331943654,"middle [10,30)",0,0.000000000,113,113,100.000000000,100.000000000
nuscenes,scene-0103_039,yaw,-0.500000000,deg,5,Car,21.259859375,"middle [10,30)",0,0.000000000,22,21,95.454545455,100.000000000
nuscenes,scene-0103_039,yaw,-0.500000000,deg,7,Car,18.075624936,"middle [10,30)",0,0.000000000,40,39,97.500000000,100.000000000
nuscenes,scene-0103_039,yaw,0.000000000,deg,0,Car,24.404355922,"middle [10,30)",1,0.000000000,10,10,100.000000000,100.000000000
nuscenes,scene-0103_039,yaw,0.000000000,deg,2,Car,16.269651817,"middle [10,30)",0,0.008149288,80,80,100.000000000,100.000000000
nuscenes,scene-0103_039,yaw,0.000000000,deg,3,Car,12.331943654,"middle [10,30)",0,0.000000000,113,113,100.000000000,100.000000000
nuscenes,scene-0103_039,yaw,0.000000000,deg,5,Car,21.259859375,"middle [10,30)",0,0.000000000,22,22,100.000000000,100.000000000
nuscenes,scene-0103_039,yaw,0.000000000,deg,7,Car,18.075624936,"middle [10,30)",0,0.000000000,40,40,100.000000000,100.000000000
nuscenes,scene-0103_039,yaw,0.500000000,deg,0,Car,24.404355922,"middle [10,30)",1,0.000000000,10,9,90.000000000,100.000000000
nuscenes,scene-0103_039,yaw,0.500000000,deg,2,Car,16.269651817,"middle [10,30)",0,0.008149288,80,80,100.000000000,100.000000000
nuscenes,scene-0103_039,yaw,0.500000000,deg,3,Car,12.331943654,"middle [10,30)",0,0.000000000,113,112,99.115044248,100.000000000
nuscenes,scene-0103_039,yaw,0.500000000,deg,5,Car,21.259859375,"middle [10,30)",0,0.000000000,22,22,100.000000000,100.000000000
nuscenes,scene-0103_039,yaw,0.500000000,deg,7,Car,18.075624936,"middle [10,30)",0,0.000000000,40,40,100.000000000,100.000000000
nuscenes,scene-0103_039,yaw,1.000000000,deg,0,Car,24.404355922,"middle [10,30)",1,0.000000000,10,9,90.000000000,100.000000000
nuscenes,scene-0103_039,yaw,1.000000000,deg,2,Car,16.269651817,"middle [10,30)",0,0.008149288,80,78,97.500000000,100.000000000
nuscenes,scene-0103_039,yaw,1.000000000,deg,3,Car,12.331943654,"middle [10,30)",0,0.000000000,113,108,95.575221239,100.000000000
nuscenes,scene-0103_039,yaw,1.000000000,deg,5,Car,21.259859375,"middle [10,30)",0,0.000000000,22,22,100.000000000,100.000000000
nuscenes,scene-0103_039,yaw,1.000000000,deg,7,Car,18.075624936,"middle [10,30)",0,0.000000000,40,40,100.000000000,100.000000000
nuscenes,scene-0103_039,yaw,2.000000000,deg,0,Car,24.404355922,"middle [10,30)",1,0.000000000,10,3,30.000000000,100.000000000
nuscenes,scene-0103_039,yaw,2.000000000,deg,2,Car,16.269651817,"middle [10,30)",0,0.008149288,80,75,93.750000000,100.000000000
nuscenes,scene-0103_039,yaw,2.000000000,deg,3,Car,12.331943654,"middle [10,30)",0,0.000000000,113,102,90.265486726,100.000000000
nuscenes,scene-0103_039,yaw,2.000000000,deg,5,Car,21.259859375,"middle [10,30)",0,0.000000000,22,22,100.000000000,100.000000000
nuscenes,scene-0103_039,yaw,2.000000000,deg,7,Car,18.075624936,"middle [10,30)",0,0.000000000,40,35,87.500000000,100.000000000
nuscenes,scene-0103_039,yaw,3.000000000,deg,0,Car,24.404355922,"middle [10,30)",1,0.000000000,10,0,0.000000000,100.000000000
nuscenes,scene-0103_039,yaw,3.000000000,deg,2,Car,16.269651817,"middle [10,30)",0,0.008149288,80,66,82.500000000,100.000000000
nuscenes,scene-0103_039,yaw,3.000000000,deg,3,Car,12.331943654,"middle [10,30)",0,0.000000000,113,94,83.185840708,100.000000000
nuscenes,scene-0103_039,yaw,3.000000000,deg,5,Car,21.259859375,"middle [10,30)",0,0.000000000,22,21,95.454545455,100.000000000
nuscenes,scene-0103_039,yaw,3.000000000,deg,7,Car,18.075624936,"middle [10,30)",0,0.000000000,40,27,67.500000000,100.000000000
nuscenes,scene-0103_039,lateral,-0.100000000,m,0,Car,24.404355922,"middle [10,30)",1,0.000000000,10,9,90.000000000,100.000000000
nuscenes,scene-0103_039,lateral,-0.100000000,m,2,Car,16.269651817,"middle [10,30)",0,0.008149288,80,80,100.000000000,100.000000000
nuscenes,scene-0103_039,lateral,-0.100000000,m,3,Car,12.331943654,"middle [10,30)",0,0.000000000,113,112,99.115044248,100.000000000
nuscenes,scene-0103_039,lateral,-0.100000000,m,5,Car,21.259859375,"middle [10,30)",0,0.000000000,22,22,100.000000000,100.000000000
nuscenes,scene-0103_039,lateral,-0.100000000,m,7,Car,18.075624936,"middle [10,30)",0,0.000000000,40,40,100.000000000,100.000000000
nuscenes,scene-0103_039,lateral,-0.050000000,m,0,Car,24.404355922,"middle [10,30)",1,0.000000000,10,10,100.000000000,100.000000000
nuscenes,scene-0103_039,lateral,-0.050000000,m,2,Car,16.269651817,"middle [10,30)",0,0.008149288,80,80,100.000000000,100.000000000
nuscenes,scene-0103_039,lateral,-0.050000000,m,3,Car,12.331943654,"middle [10,30)",0,0.000000000,113,113,100.000000000,100.000000000
nuscenes,scene-0103_039,lateral,-0.050000000,m,5,Car,21.259859375,"middle [10,30)",0,0.000000000,22,22,100.000000000,100.000000000
nuscenes,scene-0103_039,lateral,-0.050000000,m,7,Car,18.075624936,"middle [10,30)",0,0.000000000,40,40,100.000000000,100.000000000
nuscenes,scene-0103_039,lateral,-0.020000000,m,0,Car,24.404355922,"middle [10,30)",1,0.000000000,10,10,100.000000000,100.000000000
nuscenes,scene-0103_039,lateral,-0.020000000,m,2,Car,16.269651817,"middle [10,30)",0,0.008149288,80,80,100.000000000,100.000000000
nuscenes,scene-0103_039,lateral,-0.020000000,m,3,Car,12.331943654,"middle [10,30)",0,0.000000000,113,113,100.000000000,100.000000000
nuscenes,scene-0103_039,lateral,-0.020000000,m,5,Car,21.259859375,"middle [10,30)",0,0.000000000,22,22,100.000000000,100.000000000
nuscenes,scene-0103_039,lateral,-0.020000000,m,7,Car,18.075624936,"middle [10,30)",0,0.000000000,40,40,100.000000000,100.000000000
nuscenes,scene-0103_039,lateral,0.000000000,m,0,Car,24.404355922,"middle [10,30)",1,0.000000000,10,10,100.000000000,100.000000000
nuscenes,scene-0103_039,lateral,0.000000000,m,2,Car,16.269651817,"middle [10,30)",0,0.008149288,80,80,100.000000000,100.000000000
nuscenes,scene-0103_039,lateral,0.000000000,m,3,Car,12.331943654,"middle [10,30)",0,0.000000000,113,113,100.000000000,100.000000000
nuscenes,scene-0103_039,lateral,0.000000000,m,5,Car,21.259859375,"middle [10,30)",0,0.000000000,22,22,100.000000000,100.000000000
nuscenes,scene-0103_039,lateral,0.000000000,m,7,Car,18.075624936,"middle [10,30)",0,0.000000000,40,40,100.000000000,100.000000000
nuscenes,scene-0103_039,lateral,0.020000000,m,0,Car,24.404355922,"middle [10,30)",1,0.000000000,10,10,100.000000000,100.000000000
nuscenes,scene-0103_039,lateral,0.020000000,m,2,Car,16.269651817,"middle [10,30)",0,0.008149288,80,80,100.000000000,100.000000000
nuscenes,scene-0103_039,lateral,0.020000000,m,3,Car,12.331943654,"middle [10,30)",0,0.000000000,113,113,100.000000000,100.000000000
nuscenes,scene-0103_039,lateral,0.020000000,m,5,Car,21.259859375,"middle [10,30)",0,0.000000000,22,22,100.000000000,100.000000000
nuscenes,scene-0103_039,lateral,0.020000000,m,7,Car,18.075624936,"middle [10,30)",0,0.000000000,40,40,100.000000000,100.000000000
nuscenes,scene-0103_039,lateral,0.050000000,m,0,Car,24.404355922,"middle [10,30)",1,0.000000000,10,10,100.000000000,100.000000000
nuscenes,scene-0103_039,lateral,0.050000000,m,2,Car,16.269651817,"middle [10,30)",0,0.008149288,80,80,100.000000000,100.000000000
nuscenes,scene-0103_039,lateral,0.050000000,m,3,Car,12.331943654,"middle [10,30)",0,0.000000000,113,113,100.000000000,100.000000000
nuscenes,scene-0103_039,lateral,0.050000000,m,5,Car,21.259859375,"middle [10,30)",0,0.000000000,22,22,100.000000000,100.000000000
nuscenes,scene-0103_039,lateral,0.050000000,m,7,Car,18.075624936,"middle [10,30)",0,0.000000000,40,40,100.000000000,100.000000000
nuscenes,scene-0103_039,lateral,0.100000000,m,0,Car,24.404355922,"middle [10,30)",1,0.000000000,10,10,100.000000000,100.000000000
nuscenes,scene-0103_039,lateral,0.100000000,m,2,Car,16.269651817,"middle [10,30)",0,0.008149288,80,80,100.000000000,100.000000000
nuscenes,scene-0103_039,lateral,0.100000000,m,3,Car,12.331943654,"middle [10,30)",0,0.000000000,113,113,100.000000000,100.000000000
nuscenes,scene-0103_039,lateral,0.100000000,m,5,Car,21.259859375,"middle [10,30)",0,0.000000000,22,22,100.000000000,100.000000000
nuscenes,scene-0103_039,lateral,0.100000000,m,7,Car,18.075624936,"middle [10,30)",0,0.000000000,40,40,100.000000000,100.000000000
nuscenes,scene-1094_000,yaw,-3.000000000,deg,1,Car,21.940509758,"middle [10,30)",0,0.000000000,33,22,66.666666667,100.000000000
nuscenes,scene-1094_000,yaw,-3.000000000,deg,3,Car,5.450936934,"near [0,10)",0,0.053766613,463,426,92.008639309,100.000000000
nuscenes,scene-1094_000,yaw,-3.000000000,deg,11,Car,27.919252578,"middle [10,30)",0,0.000000000,61,54,88.524590164,100.000000000
nuscenes,scene-1094_000,yaw,-3.000000000,deg,12,Pedestrian,13.381992843,"middle [10,30)",0,0.000000000,16,2,12.500000000,100.000000000
nuscenes,scene-1094_000,yaw,-2.000000000,deg,1,Car,21.940509758,"middle [10,30)",0,0.000000000,33,28,84.848484848,100.000000000
nuscenes,scene-1094_000,yaw,-2.000000000,deg,3,Car,5.450936934,"near [0,10)",0,0.053766613,463,452,97.624190065,100.000000000
nuscenes,scene-1094_000,yaw,-2.000000000,deg,11,Car,27.919252578,"middle [10,30)",0,0.000000000,61,60,98.360655738,100.000000000
nuscenes,scene-1094_000,yaw,-2.000000000,deg,12,Pedestrian,13.381992843,"middle [10,30)",0,0.000000000,16,10,62.500000000,100.000000000
nuscenes,scene-1094_000,yaw,-1.000000000,deg,1,Car,21.940509758,"middle [10,30)",0,0.000000000,33,32,96.969696970,100.000000000
nuscenes,scene-1094_000,yaw,-1.000000000,deg,3,Car,5.450936934,"near [0,10)",0,0.053766613,463,463,100.000000000,100.000000000
nuscenes,scene-1094_000,yaw,-1.000000000,deg,11,Car,27.919252578,"middle [10,30)",0,0.000000000,61,61,100.000000000,100.000000000
nuscenes,scene-1094_000,yaw,-1.000000000,deg,12,Pedestrian,13.381992843,"middle [10,30)",0,0.000000000,16,16,100.000000000,100.000000000
nuscenes,scene-1094_000,yaw,-0.500000000,deg,1,Car,21.940509758,"middle [10,30)",0,0.000000000,33,33,100.000000000,100.000000000
nuscenes,scene-1094_000,yaw,-0.500000000,deg,3,Car,5.450936934,"near [0,10)",0,0.053766613,463,463,100.000000000,100.000000000
nuscenes,scene-1094_000,yaw,-0.500000000,deg,11,Car,27.919252578,"middle [10,30)",0,0.000000000,61,61,100.000000000,100.000000000
nuscenes,scene-1094_000,yaw,-0.500000000,deg,12,Pedestrian,13.381992843,"middle [10,30)",0,0.000000000,16,16,100.000000000,100.000000000
nuscenes,scene-1094_000,yaw,0.000000000,deg,1,Car,21.940509758,"middle [10,30)",0,0.000000000,33,33,100.000000000,100.000000000
nuscenes,scene-1094_000,yaw,0.000000000,deg,3,Car,5.450936934,"near [0,10)",0,0.053766613,463,463,100.000000000,100.000000000
nuscenes,scene-1094_000,yaw,0.000000000,deg,11,Car,27.919252578,"middle [10,30)",0,0.000000000,61,61,100.000000000,100.000000000
nuscenes,scene-1094_000,yaw,0.000000000,deg,12,Pedestrian,13.381992843,"middle [10,30)",0,0.000000000,16,16,100.000000000,100.000000000
nuscenes,scene-1094_000,yaw,0.500000000,deg,1,Car,21.940509758,"middle [10,30)",0,0.000000000,33,32,96.969696970,100.000000000
nuscenes,scene-1094_000,yaw,0.500000000,deg,3,Car,5.450936934,"near [0,10)",0,0.053766613,463,461,99.568034557,100.000000000
nuscenes,scene-1094_000,yaw,0.500000000,deg,11,Car,27.919252578,"middle [10,30)",0,0.000000000,61,61,100.000000000,100.000000000
nuscenes,scene-1094_000,yaw,0.500000000,deg,12,Pedestrian,13.381992843,"middle [10,30)",0,0.000000000,16,16,100.000000000,100.000000000
nuscenes,scene-1094_000,yaw,1.000000000,deg,1,Car,21.940509758,"middle [10,30)",0,0.000000000,33,28,84.848484848,100.000000000
nuscenes,scene-1094_000,yaw,1.000000000,deg,3,Car,5.450936934,"near [0,10)",0,0.053766613,463,453,97.840172786,100.000000000
nuscenes,scene-1094_000,yaw,1.000000000,deg,11,Car,27.919252578,"middle [10,30)",0,0.000000000,61,61,100.000000000,100.000000000
nuscenes,scene-1094_000,yaw,1.000000000,deg,12,Pedestrian,13.381992843,"middle [10,30)",0,0.000000000,16,16,100.000000000,100.000000000
nuscenes,scene-1094_000,yaw,2.000000000,deg,1,Car,21.940509758,"middle [10,30)",0,0.000000000,33,20,60.606060606,100.000000000
nuscenes,scene-1094_000,yaw,2.000000000,deg,3,Car,5.450936934,"near [0,10)",0,0.053766613,463,424,91.576673866,100.000000000
nuscenes,scene-1094_000,yaw,2.000000000,deg,11,Car,27.919252578,"middle [10,30)",0,0.000000000,61,59,96.721311475,100.000000000
nuscenes,scene-1094_000,yaw,2.000000000,deg,12,Pedestrian,13.381992843,"middle [10,30)",0,0.000000000,16,14,87.500000000,100.000000000
nuscenes,scene-1094_000,yaw,3.000000000,deg,1,Car,21.940509758,"middle [10,30)",0,0.000000000,33,17,51.515151515,100.000000000
nuscenes,scene-1094_000,yaw,3.000000000,deg,3,Car,5.450936934,"near [0,10)",0,0.053766613,463,408,88.120950324,100.000000000
nuscenes,scene-1094_000,yaw,3.000000000,deg,11,Car,27.919252578,"middle [10,30)",0,0.000000000,61,56,91.803278689,100.000000000
nuscenes,scene-1094_000,yaw,3.000000000,deg,12,Pedestrian,13.381992843,"middle [10,30)",0,0.000000000,16,3,18.750000000,100.000000000
nuscenes,scene-1094_000,lateral,-0.100000000,m,1,Car,21.940509758,"middle [10,30)",0,0.000000000,33,33,100.000000000,100.000000000
nuscenes,scene-1094_000,lateral,-0.100000000,m,3,Car,5.450936934,"near [0,10)",0,0.053766613,463,459,99.136069114,100.000000000
nuscenes,scene-1094_000,lateral,-0.100000000,m,11,Car,27.919252578,"middle [10,30)",0,0.000000000,61,61,100.000000000,100.000000000
nuscenes,scene-1094_000,lateral,-0.100000000,m,12,Pedestrian,13.381992843,"middle [10,30)",0,0.000000000,16,16,100.000000000,100.000000000
nuscenes,scene-1094_000,lateral,-0.050000000,m,1,Car,21.940509758,"middle [10,30)",0,0.000000000,33,33,100.000000000,100.000000000
nuscenes,scene-1094_000,lateral,-0.050000000,m,3,Car,5.450936934,"near [0,10)",0,0.053766613,463,462,99.784017279,100.000000000
nuscenes,scene-1094_000,lateral,-0.050000000,m,11,Car,27.919252578,"middle [10,30)",0,0.000000000,61,61,100.000000000,100.000000000
nuscenes,scene-1094_000,lateral,-0.050000000,m,12,Pedestrian,13.381992843,"middle [10,30)",0,0.000000000,16,16,100.000000000,100.000000000
nuscenes,scene-1094_000,lateral,-0.020000000,m,1,Car,21.940509758,"middle [10,30)",0,0.000000000,33,33,100.000000000,100.000000000
nuscenes,scene-1094_000,lateral,-0.020000000,m,3,Car,5.450936934,"near [0,10)",0,0.053766613,463,463,100.000000000,100.000000000
nuscenes,scene-1094_000,lateral,-0.020000000,m,11,Car,27.919252578,"middle [10,30)",0,0.000000000,61,61,100.000000000,100.000000000
nuscenes,scene-1094_000,lateral,-0.020000000,m,12,Pedestrian,13.381992843,"middle [10,30)",0,0.000000000,16,16,100.000000000,100.000000000
nuscenes,scene-1094_000,lateral,0.000000000,m,1,Car,21.940509758,"middle [10,30)",0,0.000000000,33,33,100.000000000,100.000000000
nuscenes,scene-1094_000,lateral,0.000000000,m,3,Car,5.450936934,"near [0,10)",0,0.053766613,463,463,100.000000000,100.000000000
nuscenes,scene-1094_000,lateral,0.000000000,m,11,Car,27.919252578,"middle [10,30)",0,0.000000000,61,61,100.000000000,100.000000000
nuscenes,scene-1094_000,lateral,0.000000000,m,12,Pedestrian,13.381992843,"middle [10,30)",0,0.000000000,16,16,100.000000000,100.000000000
nuscenes,scene-1094_000,lateral,0.020000000,m,1,Car,21.940509758,"middle [10,30)",0,0.000000000,33,33,100.000000000,100.000000000
nuscenes,scene-1094_000,lateral,0.020000000,m,3,Car,5.450936934,"near [0,10)",0,0.053766613,463,463,100.000000000,100.000000000
nuscenes,scene-1094_000,lateral,0.020000000,m,11,Car,27.919252578,"middle [10,30)",0,0.000000000,61,61,100.000000000,100.000000000
nuscenes,scene-1094_000,lateral,0.020000000,m,12,Pedestrian,13.381992843,"middle [10,30)",0,0.000000000,16,16,100.000000000,100.000000000
nuscenes,scene-1094_000,lateral,0.050000000,m,1,Car,21.940509758,"middle [10,30)",0,0.000000000,33,33,100.000000000,100.000000000
nuscenes,scene-1094_000,lateral,0.050000000,m,3,Car,5.450936934,"near [0,10)",0,0.053766613,463,463,100.000000000,100.000000000
nuscenes,scene-1094_000,lateral,0.050000000,m,11,Car,27.919252578,"middle [10,30)",0,0.000000000,61,61,100.000000000,100.000000000
nuscenes,scene-1094_000,lateral,0.050000000,m,12,Pedestrian,13.381992843,"middle [10,30)",0,0.000000000,16,16,100.000000000,100.000000000
nuscenes,scene-1094_000,lateral,0.100000000,m,1,Car,21.940509758,"middle [10,30)",0,0.000000000,33,33,100.000000000,100.000000000
nuscenes,scene-1094_000,lateral,0.100000000,m,3,Car,5.450936934,"near [0,10)",0,0.053766613,463,463,100.000000000,100.000000000
nuscenes,scene-1094_000,lateral,0.100000000,m,11,Car,27.919252578,"middle [10,30)",0,0.000000000,61,61,100.000000000,100.000000000
nuscenes,scene-1094_000,lateral,0.100000000,m,12,Pedestrian,13.381992843,"middle [10,30)",0,0.000000000,16,16,100.000000000,100.000000000
nuscenes,scene-1094_001,yaw,-3.000000000,deg,0,personal_mobility,8.720604446,"near [0,10)",0,0.316537766,39,23,58.974358974,100.000000000
nuscenes,scene-1094_001,yaw,-3.000000000,deg,1,Car,21.531705431,"middle [10,30)",0,0.000000000,26,15,57.692307692,100.000000000
nuscenes,scene-1094_001,yaw,-3.000000000,deg,3,Car,5.818950701,"near [0,10)",0,0.019102827,420,374,89.047619048,100.000000000
nuscenes,scene-1094_001,yaw,-3.000000000,deg,12,Car,27.845266000,"middle [10,30)",0,0.000000000,63,52,82.539682540,100.000000000
nuscenes,scene-1094_001,yaw,-3.000000000,deg,13,Pedestrian,13.780164021,"middle [10,30)",0,0.000000000,12,3,25.000000000,100.000000000
nuscenes,scene-1094_001,yaw,-2.000000000,deg,0,personal_mobility,8.720604446,"near [0,10)",0,0.316537766,39,34,87.179487179,100.000000000
nuscenes,scene-1094_001,yaw,-2.000000000,deg,1,Car,21.531705431,"middle [10,30)",0,0.000000000,26,20,76.923076923,100.000000000
nuscenes,scene-1094_001,yaw,-2.000000000,deg,3,Car,5.818950701,"near [0,10)",0,0.019102827,420,399,95.000000000,100.000000000
nuscenes,scene-1094_001,yaw,-2.000000000,deg,12,Car,27.845266000,"middle [10,30)",0,0.000000000,63,57,90.476190476,100.000000000
nuscenes,scene-1094_001,yaw,-2.000000000,deg,13,Pedestrian,13.780164021,"middle [10,30)",0,0.000000000,12,10,83.333333333,100.000000000
nuscenes,scene-1094_001,yaw,-1.000000000,deg,0,personal_mobility,8.720604446,"near [0,10)",0,0.316537766,39,38,97.435897436,100.000000000
nuscenes,scene-1094_001,yaw,-1.000000000,deg,1,Car,21.531705431,"middle [10,30)",0,0.000000000,26,25,96.153846154,100.000000000
nuscenes,scene-1094_001,yaw,-1.000000000,deg,3,Car,5.818950701,"near [0,10)",0,0.019102827,420,419,99.761904762,100.000000000
nuscenes,scene-1094_001,yaw,-1.000000000,deg,12,Car,27.845266000,"middle [10,30)",0,0.000000000,63,62,98.412698413,100.000000000
nuscenes,scene-1094_001,yaw,-1.000000000,deg,13,Pedestrian,13.780164021,"middle [10,30)",0,0.000000000,12,12,100.000000000,100.000000000
nuscenes,scene-1094_001,yaw,-0.500000000,deg,0,personal_mobility,8.720604446,"near [0,10)",0,0.316537766,39,39,100.000000000,100.000000000
nuscenes,scene-1094_001,yaw,-0.500000000,deg,1,Car,21.531705431,"middle [10,30)",0,0.000000000,26,26,100.000000000,100.000000000
nuscenes,scene-1094_001,yaw,-0.500000000,deg,3,Car,5.818950701,"near [0,10)",0,0.019102827,420,420,100.000000000,100.000000000
nuscenes,scene-1094_001,yaw,-0.500000000,deg,12,Car,27.845266000,"middle [10,30)",0,0.000000000,63,63,100.000000000,100.000000000
nuscenes,scene-1094_001,yaw,-0.500000000,deg,13,Pedestrian,13.780164021,"middle [10,30)",0,0.000000000,12,12,100.000000000,100.000000000
nuscenes,scene-1094_001,yaw,0.000000000,deg,0,personal_mobility,8.720604446,"near [0,10)",0,0.316537766,39,39,100.000000000,100.000000000
nuscenes,scene-1094_001,yaw,0.000000000,deg,1,Car,21.531705431,"middle [10,30)",0,0.000000000,26,26,100.000000000,100.000000000
nuscenes,scene-1094_001,yaw,0.000000000,deg,3,Car,5.818950701,"near [0,10)",0,0.019102827,420,420,100.000000000,100.000000000
nuscenes,scene-1094_001,yaw,0.000000000,deg,12,Car,27.845266000,"middle [10,30)",0,0.000000000,63,63,100.000000000,100.000000000
nuscenes,scene-1094_001,yaw,0.000000000,deg,13,Pedestrian,13.780164021,"middle [10,30)",0,0.000000000,12,12,100.000000000,100.000000000
nuscenes,scene-1094_001,yaw,0.500000000,deg,0,personal_mobility,8.720604446,"near [0,10)",0,0.316537766,39,38,97.435897436,100.000000000
nuscenes,scene-1094_001,yaw,0.500000000,deg,1,Car,21.531705431,"middle [10,30)",0,0.000000000,26,26,100.000000000,100.000000000
nuscenes,scene-1094_001,yaw,0.500000000,deg,3,Car,5.818950701,"near [0,10)",0,0.019102827,420,419,99.761904762,100.000000000
nuscenes,scene-1094_001,yaw,0.500000000,deg,12,Car,27.845266000,"middle [10,30)",0,0.000000000,63,63,100.000000000,100.000000000
nuscenes,scene-1094_001,yaw,0.500000000,deg,13,Pedestrian,13.780164021,"middle [10,30)",0,0.000000000,12,12,100.000000000,100.000000000
nuscenes,scene-1094_001,yaw,1.000000000,deg,0,personal_mobility,8.720604446,"near [0,10)",0,0.316537766,39,35,89.743589744,100.000000000
nuscenes,scene-1094_001,yaw,1.000000000,deg,1,Car,21.531705431,"middle [10,30)",0,0.000000000,26,26,100.000000000,100.000000000
nuscenes,scene-1094_001,yaw,1.000000000,deg,3,Car,5.818950701,"near [0,10)",0,0.019102827,420,417,99.285714286,100.000000000
nuscenes,scene-1094_001,yaw,1.000000000,deg,12,Car,27.845266000,"middle [10,30)",0,0.000000000,63,63,100.000000000,100.000000000
nuscenes,scene-1094_001,yaw,1.000000000,deg,13,Pedestrian,13.780164021,"middle [10,30)",0,0.000000000,12,12,100.000000000,100.000000000
nuscenes,scene-1094_001,yaw,2.000000000,deg,0,personal_mobility,8.720604446,"near [0,10)",0,0.316537766,39,24,61.538461538,100.000000000
nuscenes,scene-1094_001,yaw,2.000000000,deg,1,Car,21.531705431,"middle [10,30)",0,0.000000000,26,26,100.000000000,100.000000000
nuscenes,scene-1094_001,yaw,2.000000000,deg,3,Car,5.818950701,"near [0,10)",0,0.019102827,420,397,94.523809524,100.000000000
nuscenes,scene-1094_001,yaw,2.000000000,deg,12,Car,27.845266000,"middle [10,30)",0,0.000000000,63,60,95.238095238,100.000000000
nuscenes,scene-1094_001,yaw,2.000000000,deg,13,Pedestrian,13.780164021,"middle [10,30)",0,0.000000000,12,9,75.000000000,100.000000000
nuscenes,scene-1094_001,yaw,3.000000000,deg,0,personal_mobility,8.720604446,"near [0,10)",0,0.316537766,39,9,23.076923077,100.000000000
nuscenes,scene-1094_001,yaw,3.000000000,deg,1,Car,21.531705431,"middle [10,30)",0,0.000000000,26,21,80.769230769,100.000000000
nuscenes,scene-1094_001,yaw,3.000000000,deg,3,Car,5.818950701,"near [0,10)",0,0.019102827,420,370,88.095238095,100.000000000
nuscenes,scene-1094_001,yaw,3.000000000,deg,12,Car,27.845266000,"middle [10,30)",0,0.000000000,63,56,88.888888889,100.000000000
nuscenes,scene-1094_001,yaw,3.000000000,deg,13,Pedestrian,13.780164021,"middle [10,30)",0,0.000000000,12,2,16.666666667,100.000000000
nuscenes,scene-1094_001,lateral,-0.100000000,m,0,personal_mobility,8.720604446,"near [0,10)",0,0.316537766,39,38,97.435897436,100.000000000
nuscenes,scene-1094_001,lateral,-0.100000000,m,1,Car,21.531705431,"middle [10,30)",0,0.000000000,26,26,100.000000000,100.000000000
nuscenes,scene-1094_001,lateral,-0.100000000,m,3,Car,5.818950701,"near [0,10)",0,0.019102827,420,419,99.761904762,100.000000000
nuscenes,scene-1094_001,lateral,-0.100000000,m,12,Car,27.845266000,"middle [10,30)",0,0.000000000,63,63,100.000000000,100.000000000
nuscenes,scene-1094_001,lateral,-0.100000000,m,13,Pedestrian,13.780164021,"middle [10,30)",0,0.000000000,12,12,100.000000000,100.000000000
nuscenes,scene-1094_001,lateral,-0.050000000,m,0,personal_mobility,8.720604446,"near [0,10)",0,0.316537766,39,38,97.435897436,100.000000000
nuscenes,scene-1094_001,lateral,-0.050000000,m,1,Car,21.531705431,"middle [10,30)",0,0.000000000,26,26,100.000000000,100.000000000
nuscenes,scene-1094_001,lateral,-0.050000000,m,3,Car,5.818950701,"near [0,10)",0,0.019102827,420,420,100.000000000,100.000000000
nuscenes,scene-1094_001,lateral,-0.050000000,m,12,Car,27.845266000,"middle [10,30)",0,0.000000000,63,63,100.000000000,100.000000000
nuscenes,scene-1094_001,lateral,-0.050000000,m,13,Pedestrian,13.780164021,"middle [10,30)",0,0.000000000,12,12,100.000000000,100.000000000
nuscenes,scene-1094_001,lateral,-0.020000000,m,0,personal_mobility,8.720604446,"near [0,10)",0,0.316537766,39,39,100.000000000,100.000000000
nuscenes,scene-1094_001,lateral,-0.020000000,m,1,Car,21.531705431,"middle [10,30)",0,0.000000000,26,26,100.000000000,100.000000000
nuscenes,scene-1094_001,lateral,-0.020000000,m,3,Car,5.818950701,"near [0,10)",0,0.019102827,420,420,100.000000000,100.000000000
nuscenes,scene-1094_001,lateral,-0.020000000,m,12,Car,27.845266000,"middle [10,30)",0,0.000000000,63,63,100.000000000,100.000000000
nuscenes,scene-1094_001,lateral,-0.020000000,m,13,Pedestrian,13.780164021,"middle [10,30)",0,0.000000000,12,12,100.000000000,100.000000000
nuscenes,scene-1094_001,lateral,0.000000000,m,0,personal_mobility,8.720604446,"near [0,10)",0,0.316537766,39,39,100.000000000,100.000000000
nuscenes,scene-1094_001,lateral,0.000000000,m,1,Car,21.531705431,"middle [10,30)",0,0.000000000,26,26,100.000000000,100.000000000
nuscenes,scene-1094_001,lateral,0.000000000,m,3,Car,5.818950701,"near [0,10)",0,0.019102827,420,420,100.000000000,100.000000000
nuscenes,scene-1094_001,lateral,0.000000000,m,12,Car,27.845266000,"middle [10,30)",0,0.000000000,63,63,100.000000000,100.000000000
nuscenes,scene-1094_001,lateral,0.000000000,m,13,Pedestrian,13.780164021,"middle [10,30)",0,0.000000000,12,12,100.000000000,100.000000000
nuscenes,scene-1094_001,lateral,0.020000000,m,0,personal_mobility,8.720604446,"near [0,10)",0,0.316537766,39,39,100.000000000,100.000000000
nuscenes,scene-1094_001,lateral,0.020000000,m,1,Car,21.531705431,"middle [10,30)",0,0.000000000,26,26,100.000000000,100.000000000
nuscenes,scene-1094_001,lateral,0.020000000,m,3,Car,5.818950701,"near [0,10)",0,0.019102827,420,420,100.000000000,100.000000000
nuscenes,scene-1094_001,lateral,0.020000000,m,12,Car,27.845266000,"middle [10,30)",0,0.000000000,63,63,100.000000000,100.000000000
nuscenes,scene-1094_001,lateral,0.020000000,m,13,Pedestrian,13.780164021,"middle [10,30)",0,0.000000000,12,12,100.000000000,100.000000000
nuscenes,scene-1094_001,lateral,0.050000000,m,0,personal_mobility,8.720604446,"near [0,10)",0,0.316537766,39,39,100.000000000,100.000000000
nuscenes,scene-1094_001,lateral,0.050000000,m,1,Car,21.531705431,"middle [10,30)",0,0.000000000,26,26,100.000000000,100.000000000
nuscenes,scene-1094_001,lateral,0.050000000,m,3,Car,5.818950701,"near [0,10)",0,0.019102827,420,420,100.000000000,100.000000000
nuscenes,scene-1094_001,lateral,0.050000000,m,12,Car,27.845266000,"middle [10,30)",0,0.000000000,63,63,100.000000000,100.000000000
nuscenes,scene-1094_001,lateral,0.050000000,m,13,Pedestrian,13.780164021,"middle [10,30)",0,0.000000000,12,12,100.000000000,100.000000000
nuscenes,scene-1094_001,lateral,0.100000000,m,0,personal_mobility,8.720604446,"near [0,10)",0,0.316537766,39,39,100.000000000,100.000000000
nuscenes,scene-1094_001,lateral,0.100000000,m,1,Car,21.531705431,"middle [10,30)",0,0.000000000,26,26,100.000000000,100.000000000
nuscenes,scene-1094_001,lateral,0.100000000,m,3,Car,5.818950701,"near [0,10)",0,0.019102827,420,420,100.000000000,100.000000000
nuscenes,scene-1094_001,lateral,0.100000000,m,12,Car,27.845266000,"middle [10,30)",0,0.000000000,63,63,100.000000000,100.000000000
nuscenes,scene-1094_001,lateral,0.100000000,m,13,Pedestrian,13.780164021,"middle [10,30)",0,0.000000000,12,12,100.000000000,100.000000000
nuscenes,scene-1094_002,yaw,-3.000000000,deg,0,personal_mobility,8.505088163,"near [0,10)",0,0.089232059,42,32,76.190476190,100.000000000
nuscenes,scene-1094_002,yaw,-3.000000000,deg,1,Car,21.159577402,"middle [10,30)",0,0.000000000,20,7,35.000000000,100.000000000
nuscenes,scene-1094_002,yaw,-3.000000000,deg,4,Car,6.148208521,"near [0,10)",0,0.000199766,381,338,88.713910761,100.000000000
nuscenes,scene-1094_002,yaw,-3.000000000,deg,11,Pedestrian,11.409278033,"middle [10,30)",0,0.032139558,13,0,0.000000000,100.000000000
nuscenes,scene-1094_002,yaw,-3.000000000,deg,14,Car,27.731240407,"middle [10,30)",0,0.000000000,64,53,82.812500000,100.000000000
nuscenes,scene-1094_002,yaw,-3.000000000,deg,15,Pedestrian,14.064489993,"middle [10,30)",0,0.000000000,18,7,38.888888889,100.000000000
nuscenes,scene-1094_002,yaw,-2.000000000,deg,0,personal_mobility,8.505088163,"near [0,10)",0,0.089232059,42,36,85.714285714,100.000000000
nuscenes,scene-1094_002,yaw,-2.000000000,deg,1,Car,21.159577402,"middle [10,30)",0,0.000000000,20,13,65.000000000,100.000000000
nuscenes,scene-1094_002,yaw,-2.000000000,deg,4,Car,6.148208521,"near [0,10)",0,0.000199766,381,364,95.538057743,100.000000000
nuscenes,scene-1094_002,yaw,-2.000000000,deg,11,Pedestrian,11.409278033,"middle [10,30)",0,0.032139558,13,3,23.076923077,100.000000000
nuscenes,scene-1094_002,yaw,-2.000000000,deg,14,Car,27.731240407,"middle [10,30)",0,0.000000000,64,59,92.187500000,100.000000000
nuscenes,scene-1094_002,yaw,-2.000000000,deg,15,Pedestrian,14.064489993,"middle [10,30)",0,0.000000000,18,13,72.222222222,100.000000000
nuscenes,scene-1094_002,yaw,-1.000000000,deg,0,personal_mobility,8.505088163,"near [0,10)",0,0.089232059,42,39,92.857142857,100.000000000
nuscenes,scene-1094_002,yaw,-1.000000000,deg,1,Car,21.159577402,"middle [10,30)",0,0.000000000,20,20,100.000000000,100.000000000
nuscenes,scene-1094_002,yaw,-1.000000000,deg,4,Car,6.148208521,"near [0,10)",0,0.000199766,381,380,99.737532808,100.000000000
nuscenes,scene-1094_002,yaw,-1.000000000,deg,11,Pedestrian,11.409278033,"middle [10,30)",0,0.032139558,13,11,84.615384615,100.000000000
nuscenes,scene-1094_002,yaw,-1.000000000,deg,14,Car,27.731240407,"middle [10,30)",0,0.000000000,64,63,98.437500000,100.000000000
nuscenes,scene-1094_002,yaw,-1.000000000,deg,15,Pedestrian,14.064489993,"middle [10,30)",0,0.000000000,18,16,88.888888889,100.000000000
nuscenes,scene-1094_002,yaw,-0.500000000,deg,0,personal_mobility,8.505088163,"near [0,10)",0,0.089232059,42,41,97.619047619,100.000000000
nuscenes,scene-1094_002,yaw,-0.500000000,deg,1,Car,21.159577402,"middle [10,30)",0,0.000000000,20,20,100.000000000,100.000000000
nuscenes,scene-1094_002,yaw,-0.500000000,deg,4,Car,6.148208521,"near [0,10)",0,0.000199766,381,381,100.000000000,100.000000000
nuscenes,scene-1094_002,yaw,-0.500000000,deg,11,Pedestrian,11.409278033,"middle [10,30)",0,0.032139558,13,12,92.307692308,100.000000000
nuscenes,scene-1094_002,yaw,-0.500000000,deg,14,Car,27.731240407,"middle [10,30)",0,0.000000000,64,64,100.000000000,100.000000000
nuscenes,scene-1094_002,yaw,-0.500000000,deg,15,Pedestrian,14.064489993,"middle [10,30)",0,0.000000000,18,17,94.444444444,100.000000000
nuscenes,scene-1094_002,yaw,0.000000000,deg,0,personal_mobility,8.505088163,"near [0,10)",0,0.089232059,42,42,100.000000000,100.000000000
nuscenes,scene-1094_002,yaw,0.000000000,deg,1,Car,21.159577402,"middle [10,30)",0,0.000000000,20,20,100.000000000,100.000000000
nuscenes,scene-1094_002,yaw,0.000000000,deg,4,Car,6.148208521,"near [0,10)",0,0.000199766,381,381,100.000000000,100.000000000
nuscenes,scene-1094_002,yaw,0.000000000,deg,11,Pedestrian,11.409278033,"middle [10,30)",0,0.032139558,13,13,100.000000000,100.000000000
nuscenes,scene-1094_002,yaw,0.000000000,deg,14,Car,27.731240407,"middle [10,30)",0,0.000000000,64,64,100.000000000,100.000000000
nuscenes,scene-1094_002,yaw,0.000000000,deg,15,Pedestrian,14.064489993,"middle [10,30)",0,0.000000000,18,18,100.000000000,100.000000000
nuscenes,scene-1094_002,yaw,0.500000000,deg,0,personal_mobility,8.505088163,"near [0,10)",0,0.089232059,42,42,100.000000000,100.000000000
nuscenes,scene-1094_002,yaw,0.500000000,deg,1,Car,21.159577402,"middle [10,30)",0,0.000000000,20,20,100.000000000,100.000000000
nuscenes,scene-1094_002,yaw,0.500000000,deg,4,Car,6.148208521,"near [0,10)",0,0.000199766,381,380,99.737532808,100.000000000
nuscenes,scene-1094_002,yaw,0.500000000,deg,11,Pedestrian,11.409278033,"middle [10,30)",0,0.032139558,13,13,100.000000000,100.000000000
nuscenes,scene-1094_002,yaw,0.500000000,deg,14,Car,27.731240407,"middle [10,30)",0,0.000000000,64,64,100.000000000,100.000000000
nuscenes,scene-1094_002,yaw,0.500000000,deg,15,Pedestrian,14.064489993,"middle [10,30)",0,0.000000000,18,18,100.000000000,100.000000000
nuscenes,scene-1094_002,yaw,1.000000000,deg,0,personal_mobility,8.505088163,"near [0,10)",0,0.089232059,42,42,100.000000000,100.000000000
nuscenes,scene-1094_002,yaw,1.000000000,deg,1,Car,21.159577402,"middle [10,30)",0,0.000000000,20,19,95.000000000,100.000000000
nuscenes,scene-1094_002,yaw,1.000000000,deg,4,Car,6.148208521,"near [0,10)",0,0.000199766,381,379,99.475065617,100.000000000
nuscenes,scene-1094_002,yaw,1.000000000,deg,11,Pedestrian,11.409278033,"middle [10,30)",0,0.032139558,13,11,84.615384615,100.000000000
nuscenes,scene-1094_002,yaw,1.000000000,deg,14,Car,27.731240407,"middle [10,30)",0,0.000000000,64,63,98.437500000,100.000000000
nuscenes,scene-1094_002,yaw,1.000000000,deg,15,Pedestrian,14.064489993,"middle [10,30)",0,0.000000000,18,16,88.888888889,100.000000000
nuscenes,scene-1094_002,yaw,2.000000000,deg,0,personal_mobility,8.505088163,"near [0,10)",0,0.089232059,42,39,92.857142857,100.000000000
nuscenes,scene-1094_002,yaw,2.000000000,deg,1,Car,21.159577402,"middle [10,30)",0,0.000000000,20,19,95.000000000,100.000000000
nuscenes,scene-1094_002,yaw,2.000000000,deg,4,Car,6.148208521,"near [0,10)",0,0.000199766,381,363,95.275590551,100.000000000
nuscenes,scene-1094_002,yaw,2.000000000,deg,11,Pedestrian,11.409278033,"middle [10,30)",0,0.032139558,13,4,30.769230769,100.000000000
nuscenes,scene-1094_002,yaw,2.000000000,deg,14,Car,27.731240407,"middle [10,30)",0,0.000000000,64,60,93.750000000,100.000000000
nuscenes,scene-1094_002,yaw,2.000000000,deg,15,Pedestrian,14.064489993,"middle [10,30)",0,0.000000000,18,10,55.555555556,100.000000000
nuscenes,scene-1094_002,yaw,3.000000000,deg,0,personal_mobility,8.505088163,"near [0,10)",0,0.089232059,42,34,80.952380952,100.000000000
nuscenes,scene-1094_002,yaw,3.000000000,deg,1,Car,21.159577402,"middle [10,30)",0,0.000000000,20,19,95.000000000,100.000000000
nuscenes,scene-1094_002,yaw,3.000000000,deg,4,Car,6.148208521,"near [0,10)",0,0.000199766,381,336,88.188976378,100.000000000
nuscenes,scene-1094_002,yaw,3.000000000,deg,11,Pedestrian,11.409278033,"middle [10,30)",0,0.032139558,13,0,0.000000000,100.000000000
nuscenes,scene-1094_002,yaw,3.000000000,deg,14,Car,27.731240407,"middle [10,30)",0,0.000000000,64,57,89.062500000,100.000000000
nuscenes,scene-1094_002,yaw,3.000000000,deg,15,Pedestrian,14.064489993,"middle [10,30)",0,0.000000000,18,4,22.222222222,100.000000000
nuscenes,scene-1094_002,lateral,-0.100000000,m,0,personal_mobility,8.505088163,"near [0,10)",0,0.089232059,42,42,100.000000000,100.000000000
nuscenes,scene-1094_002,lateral,-0.100000000,m,1,Car,21.159577402,"middle [10,30)",0,0.000000000,20,20,100.000000000,100.000000000
nuscenes,scene-1094_002,lateral,-0.100000000,m,4,Car,6.148208521,"near [0,10)",0,0.000199766,381,380,99.737532808,100.000000000
nuscenes,scene-1094_002,lateral,-0.100000000,m,11,Pedestrian,11.409278033,"middle [10,30)",0,0.032139558,13,13,100.000000000,100.000000000
nuscenes,scene-1094_002,lateral,-0.100000000,m,14,Car,27.731240407,"middle [10,30)",0,0.000000000,64,64,100.000000000,100.000000000
nuscenes,scene-1094_002,lateral,-0.100000000,m,15,Pedestrian,14.064489993,"middle [10,30)",0,0.000000000,18,18,100.000000000,100.000000000
nuscenes,scene-1094_002,lateral,-0.050000000,m,0,personal_mobility,8.505088163,"near [0,10)",0,0.089232059,42,42,100.000000000,100.000000000
nuscenes,scene-1094_002,lateral,-0.050000000,m,1,Car,21.159577402,"middle [10,30)",0,0.000000000,20,20,100.000000000,100.000000000
nuscenes,scene-1094_002,lateral,-0.050000000,m,4,Car,6.148208521,"near [0,10)",0,0.000199766,381,381,100.000000000,100.000000000
nuscenes,scene-1094_002,lateral,-0.050000000,m,11,Pedestrian,11.409278033,"middle [10,30)",0,0.032139558,13,13,100.000000000,100.000000000
nuscenes,scene-1094_002,lateral,-0.050000000,m,14,Car,27.731240407,"middle [10,30)",0,0.000000000,64,64,100.000000000,100.000000000
nuscenes,scene-1094_002,lateral,-0.050000000,m,15,Pedestrian,14.064489993,"middle [10,30)",0,0.000000000,18,18,100.000000000,100.000000000
nuscenes,scene-1094_002,lateral,-0.020000000,m,0,personal_mobility,8.505088163,"near [0,10)",0,0.089232059,42,42,100.000000000,100.000000000
nuscenes,scene-1094_002,lateral,-0.020000000,m,1,Car,21.159577402,"middle [10,30)",0,0.000000000,20,20,100.000000000,100.000000000
nuscenes,scene-1094_002,lateral,-0.020000000,m,4,Car,6.148208521,"near [0,10)",0,0.000199766,381,381,100.000000000,100.000000000
nuscenes,scene-1094_002,lateral,-0.020000000,m,11,Pedestrian,11.409278033,"middle [10,30)",0,0.032139558,13,13,100.000000000,100.000000000
nuscenes,scene-1094_002,lateral,-0.020000000,m,14,Car,27.731240407,"middle [10,30)",0,0.000000000,64,64,100.000000000,100.000000000
nuscenes,scene-1094_002,lateral,-0.020000000,m,15,Pedestrian,14.064489993,"middle [10,30)",0,0.000000000,18,18,100.000000000,100.000000000
nuscenes,scene-1094_002,lateral,0.000000000,m,0,personal_mobility,8.505088163,"near [0,10)",0,0.089232059,42,42,100.000000000,100.000000000
nuscenes,scene-1094_002,lateral,0.000000000,m,1,Car,21.159577402,"middle [10,30)",0,0.000000000,20,20,100.000000000,100.000000000
nuscenes,scene-1094_002,lateral,0.000000000,m,4,Car,6.148208521,"near [0,10)",0,0.000199766,381,381,100.000000000,100.000000000
nuscenes,scene-1094_002,lateral,0.000000000,m,11,Pedestrian,11.409278033,"middle [10,30)",0,0.032139558,13,13,100.000000000,100.000000000
nuscenes,scene-1094_002,lateral,0.000000000,m,14,Car,27.731240407,"middle [10,30)",0,0.000000000,64,64,100.000000000,100.000000000
nuscenes,scene-1094_002,lateral,0.000000000,m,15,Pedestrian,14.064489993,"middle [10,30)",0,0.000000000,18,18,100.000000000,100.000000000
nuscenes,scene-1094_002,lateral,0.020000000,m,0,personal_mobility,8.505088163,"near [0,10)",0,0.089232059,42,42,100.000000000,100.000000000
nuscenes,scene-1094_002,lateral,0.020000000,m,1,Car,21.159577402,"middle [10,30)",0,0.000000000,20,20,100.000000000,100.000000000
nuscenes,scene-1094_002,lateral,0.020000000,m,4,Car,6.148208521,"near [0,10)",0,0.000199766,381,381,100.000000000,100.000000000
nuscenes,scene-1094_002,lateral,0.020000000,m,11,Pedestrian,11.409278033,"middle [10,30)",0,0.032139558,13,13,100.000000000,100.000000000
nuscenes,scene-1094_002,lateral,0.020000000,m,14,Car,27.731240407,"middle [10,30)",0,0.000000000,64,64,100.000000000,100.000000000
nuscenes,scene-1094_002,lateral,0.020000000,m,15,Pedestrian,14.064489993,"middle [10,30)",0,0.000000000,18,18,100.000000000,100.000000000
nuscenes,scene-1094_002,lateral,0.050000000,m,0,personal_mobility,8.505088163,"near [0,10)",0,0.089232059,42,42,100.000000000,100.000000000
nuscenes,scene-1094_002,lateral,0.050000000,m,1,Car,21.159577402,"middle [10,30)",0,0.000000000,20,20,100.000000000,100.000000000
nuscenes,scene-1094_002,lateral,0.050000000,m,4,Car,6.148208521,"near [0,10)",0,0.000199766,381,381,100.000000000,100.000000000
nuscenes,scene-1094_002,lateral,0.050000000,m,11,Pedestrian,11.409278033,"middle [10,30)",0,0.032139558,13,13,100.000000000,100.000000000
nuscenes,scene-1094_002,lateral,0.050000000,m,14,Car,27.731240407,"middle [10,30)",0,0.000000000,64,64,100.000000000,100.000000000
nuscenes,scene-1094_002,lateral,0.050000000,m,15,Pedestrian,14.064489993,"middle [10,30)",0,0.000000000,18,18,100.000000000,100.000000000
nuscenes,scene-1094_002,lateral,0.100000000,m,0,personal_mobility,8.505088163,"near [0,10)",0,0.089232059,42,41,97.619047619,100.000000000
nuscenes,scene-1094_002,lateral,0.100000000,m,1,Car,21.159577402,"middle [10,30)",0,0.000000000,20,20,100.000000000,100.000000000
nuscenes,scene-1094_002,lateral,0.100000000,m,4,Car,6.148208521,"near [0,10)",0,0.000199766,381,381,100.000000000,100.000000000
nuscenes,scene-1094_002,lateral,0.100000000,m,11,Pedestrian,11.409278033,"middle [10,30)",0,0.032139558,13,13,100.000000000,100.000000000
nuscenes,scene-1094_002,lateral,0.100000000,m,14,Car,27.731240407,"middle [10,30)",0,0.000000000,64,64,100.000000000,100.000000000
nuscenes,scene-1094_002,lateral,0.100000000,m,15,Pedestrian,14.064489993,"middle [10,30)",0,0.000000000,18,18,100.000000000,100.000000000
nuscenes,scene-1094_003,yaw,-3.000000000,deg,0,personal_mobility,8.238530012,"near [0,10)",0,0.000000000,34,19,55.882352941,100.000000000
nuscenes,scene-1094_003,yaw,-3.000000000,deg,1,Car,21.800518691,"middle [10,30)",0,0.000000000,28,17,60.714285714,100.000000000
nuscenes,scene-1094_003,yaw,-3.000000000,deg,5,Car,6.438336543,"near [0,10)",0,0.000000000,373,340,91.152815013,100.000000000
nuscenes,scene-1094_003,yaw,-3.000000000,deg,12,Car,6.723428859,"near [0,10)",0,0.969286055,10,0,0.000000000,100.000000000
nuscenes,scene-1094_003,yaw,-3.000000000,deg,17,Car,27.439457159,"middle [10,30)",0,0.000000000,67,55,82.089552239,100.000000000
nuscenes,scene-1094_003,yaw,-3.000000000,deg,18,Pedestrian,14.223667619,"middle [10,30)",2,0.000000000,12,3,25.000000000,100.000000000
nuscenes,scene-1094_003,yaw,-2.000000000,deg,0,personal_mobility,8.238530012,"near [0,10)",0,0.000000000,34,27,79.411764706,100.000000000
nuscenes,scene-1094_003,yaw,-2.000000000,deg,1,Car,21.800518691,"middle [10,30)",0,0.000000000,28,22,78.571428571,100.000000000
nuscenes,scene-1094_003,yaw,-2.000000000,deg,5,Car,6.438336543,"near [0,10)",0,0.000000000,373,362,97.050938338,100.000000000
nuscenes,scene-1094_003,yaw,-2.000000000,deg,12,Car,6.723428859,"near [0,10)",0,0.969286055,10,0,0.000000000,100.000000000
nuscenes,scene-1094_003,yaw,-2.000000000,deg,17,Car,27.439457159,"middle [10,30)",0,0.000000000,67,62,92.537313433,100.000000000
nuscenes,scene-1094_003,yaw,-2.000000000,deg,18,Pedestrian,14.223667619,"middle [10,30)",2,0.000000000,12,8,66.666666667,100.000000000
nuscenes,scene-1094_003,yaw,-1.000000000,deg,0,personal_mobility,8.238530012,"near [0,10)",0,0.000000000,34,33,97.058823529,100.000000000
nuscenes,scene-1094_003,yaw,-1.000000000,deg,1,Car,21.800518691,"middle [10,30)",0,0.000000000,28,28,100.000000000,100.000000000
nuscenes,scene-1094_003,yaw,-1.000000000,deg,5,Car,6.438336543,"near [0,10)",0,0.000000000,373,373,100.000000000,100.000000000
nuscenes,scene-1094_003,yaw,-1.000000000,deg,12,Car,6.723428859,"near [0,10)",0,0.969286055,10,1,10.000000000,100.000000000
nuscenes,scene-1094_003,yaw,-1.000000000,deg,17,Car,27.439457159,"middle [10,30)",0,0.000000000,67,66,98.507462687,100.000000000
nuscenes,scene-1094_003,yaw,-1.000000000,deg,18,Pedestrian,14.223667619,"middle [10,30)",2,0.000000000,12,11,91.666666667,100.000000000
nuscenes,scene-1094_003,yaw,-0.500000000,deg,0,personal_mobility,8.238530012,"near [0,10)",0,0.000000000,34,34,100.000000000,100.000000000
nuscenes,scene-1094_003,yaw,-0.500000000,deg,1,Car,21.800518691,"middle [10,30)",0,0.000000000,28,28,100.000000000,100.000000000
nuscenes,scene-1094_003,yaw,-0.500000000,deg,5,Car,6.438336543,"near [0,10)",0,0.000000000,373,373,100.000000000,100.000000000
nuscenes,scene-1094_003,yaw,-0.500000000,deg,12,Car,6.723428859,"near [0,10)",0,0.969286055,10,4,40.000000000,100.000000000
nuscenes,scene-1094_003,yaw,-0.500000000,deg,17,Car,27.439457159,"middle [10,30)",0,0.000000000,67,67,100.000000000,100.000000000
nuscenes,scene-1094_003,yaw,-0.500000000,deg,18,Pedestrian,14.223667619,"middle [10,30)",2,0.000000000,12,12,100.000000000,100.000000000
nuscenes,scene-1094_003,yaw,0.000000000,deg,0,personal_mobility,8.238530012,"near [0,10)",0,0.000000000,34,34,100.000000000,100.000000000
nuscenes,scene-1094_003,yaw,0.000000000,deg,1,Car,21.800518691,"middle [10,30)",0,0.000000000,28,28,100.000000000,100.000000000
nuscenes,scene-1094_003,yaw,0.000000000,deg,5,Car,6.438336543,"near [0,10)",0,0.000000000,373,373,100.000000000,100.000000000
nuscenes,scene-1094_003,yaw,0.000000000,deg,12,Car,6.723428859,"near [0,10)",0,0.969286055,10,10,100.000000000,100.000000000
nuscenes,scene-1094_003,yaw,0.000000000,deg,17,Car,27.439457159,"middle [10,30)",0,0.000000000,67,67,100.000000000,100.000000000
nuscenes,scene-1094_003,yaw,0.000000000,deg,18,Pedestrian,14.223667619,"middle [10,30)",2,0.000000000,12,12,100.000000000,100.000000000
nuscenes,scene-1094_003,yaw,0.500000000,deg,0,personal_mobility,8.238530012,"near [0,10)",0,0.000000000,34,34,100.000000000,100.000000000
nuscenes,scene-1094_003,yaw,0.500000000,deg,1,Car,21.800518691,"middle [10,30)",0,0.000000000,28,27,96.428571429,100.000000000
nuscenes,scene-1094_003,yaw,0.500000000,deg,5,Car,6.438336543,"near [0,10)",0,0.000000000,373,372,99.731903485,100.000000000
nuscenes,scene-1094_003,yaw,0.500000000,deg,12,Car,6.723428859,"near [0,10)",0,0.969286055,10,10,100.000000000,100.000000000
nuscenes,scene-1094_003,yaw,0.500000000,deg,17,Car,27.439457159,"middle [10,30)",0,0.000000000,67,67,100.000000000,100.000000000
nuscenes,scene-1094_003,yaw,0.500000000,deg,18,Pedestrian,14.223667619,"middle [10,30)",2,0.000000000,12,12,100.000000000,100.000000000
nuscenes,scene-1094_003,yaw,1.000000000,deg,0,personal_mobility,8.238530012,"near [0,10)",0,0.000000000,34,34,100.000000000,100.000000000
nuscenes,scene-1094_003,yaw,1.000000000,deg,1,Car,21.800518691,"middle [10,30)",0,0.000000000,28,21,75.000000000,100.000000000
nuscenes,scene-1094_003,yaw,1.000000000,deg,5,Car,6.438336543,"near [0,10)",0,0.000000000,373,371,99.463806971,100.000000000
nuscenes,scene-1094_003,yaw,1.000000000,deg,12,Car,6.723428859,"near [0,10)",0,0.969286055,10,9,90.000000000,100.000000000
nuscenes,scene-1094_003,yaw,1.000000000,deg,17,Car,27.439457159,"middle [10,30)",0,0.000000000,67,65,97.014925373,100.000000000
nuscenes,scene-1094_003,yaw,1.000000000,deg,18,Pedestrian,14.223667619,"middle [10,30)",2,0.000000000,12,12,100.000000000,100.000000000
nuscenes,scene-1094_003,yaw,2.000000000,deg,0,personal_mobility,8.238530012,"near [0,10)",0,0.000000000,34,30,88.235294118,100.000000000
nuscenes,scene-1094_003,yaw,2.000000000,deg,1,Car,21.800518691,"middle [10,30)",0,0.000000000,28,14,50.000000000,100.000000000
nuscenes,scene-1094_003,yaw,2.000000000,deg,5,Car,6.438336543,"near [0,10)",0,0.000000000,373,357,95.710455764,100.000000000
nuscenes,scene-1094_003,yaw,2.000000000,deg,12,Car,6.723428859,"near [0,10)",0,0.969286055,10,2,20.000000000,100.000000000
nuscenes,scene-1094_003,yaw,2.000000000,deg,17,Car,27.439457159,"middle [10,30)",0,0.000000000,67,62,92.537313433,100.000000000
nuscenes,scene-1094_003,yaw,2.000000000,deg,18,Pedestrian,14.223667619,"middle [10,30)",2,0.000000000,12,7,58.333333333,100.000000000
nuscenes,scene-1094_003,yaw,3.000000000,deg,0,personal_mobility,8.238530012,"near [0,10)",0,0.000000000,34,25,73.529411765,100.000000000
nuscenes,scene-1094_003,yaw,3.000000000,deg,1,Car,21.800518691,"middle [10,30)",0,0.000000000,28,14,50.000000000,100.000000000
nuscenes,scene-1094_003,yaw,3.000000000,deg,5,Car,6.438336543,"near [0,10)",0,0.000000000,373,335,89.812332440,100.000000000
nuscenes,scene-1094_003,yaw,3.000000000,deg,12,Car,6.723428859,"near [0,10)",0,0.969286055,10,0,0.000000000,100.000000000
nuscenes,scene-1094_003,yaw,3.000000000,deg,17,Car,27.439457159,"middle [10,30)",0,0.000000000,67,59,88.059701493,100.000000000
nuscenes,scene-1094_003,yaw,3.000000000,deg,18,Pedestrian,14.223667619,"middle [10,30)",2,0.000000000,12,3,25.000000000,100.000000000
nuscenes,scene-1094_003,lateral,-0.100000000,m,0,personal_mobility,8.238530012,"near [0,10)",0,0.000000000,34,34,100.000000000,100.000000000
nuscenes,scene-1094_003,lateral,-0.100000000,m,1,Car,21.800518691,"middle [10,30)",0,0.000000000,28,28,100.000000000,100.000000000
nuscenes,scene-1094_003,lateral,-0.100000000,m,5,Car,6.438336543,"near [0,10)",0,0.000000000,373,372,99.731903485,100.000000000
nuscenes,scene-1094_003,lateral,-0.100000000,m,12,Car,6.723428859,"near [0,10)",0,0.969286055,10,10,100.000000000,100.000000000
nuscenes,scene-1094_003,lateral,-0.100000000,m,17,Car,27.439457159,"middle [10,30)",0,0.000000000,67,67,100.000000000,100.000000000
nuscenes,scene-1094_003,lateral,-0.100000000,m,18,Pedestrian,14.223667619,"middle [10,30)",2,0.000000000,12,12,100.000000000,100.000000000
nuscenes,scene-1094_003,lateral,-0.050000000,m,0,personal_mobility,8.238530012,"near [0,10)",0,0.000000000,34,34,100.000000000,100.000000000
nuscenes,scene-1094_003,lateral,-0.050000000,m,1,Car,21.800518691,"middle [10,30)",0,0.000000000,28,28,100.000000000,100.000000000
nuscenes,scene-1094_003,lateral,-0.050000000,m,5,Car,6.438336543,"near [0,10)",0,0.000000000,373,373,100.000000000,100.000000000
nuscenes,scene-1094_003,lateral,-0.050000000,m,12,Car,6.723428859,"near [0,10)",0,0.969286055,10,10,100.000000000,100.000000000
nuscenes,scene-1094_003,lateral,-0.050000000,m,17,Car,27.439457159,"middle [10,30)",0,0.000000000,67,67,100.000000000,100.000000000
nuscenes,scene-1094_003,lateral,-0.050000000,m,18,Pedestrian,14.223667619,"middle [10,30)",2,0.000000000,12,12,100.000000000,100.000000000
nuscenes,scene-1094_003,lateral,-0.020000000,m,0,personal_mobility,8.238530012,"near [0,10)",0,0.000000000,34,34,100.000000000,100.000000000
nuscenes,scene-1094_003,lateral,-0.020000000,m,1,Car,21.800518691,"middle [10,30)",0,0.000000000,28,28,100.000000000,100.000000000
nuscenes,scene-1094_003,lateral,-0.020000000,m,5,Car,6.438336543,"near [0,10)",0,0.000000000,373,373,100.000000000,100.000000000
nuscenes,scene-1094_003,lateral,-0.020000000,m,12,Car,6.723428859,"near [0,10)",0,0.969286055,10,10,100.000000000,100.000000000
nuscenes,scene-1094_003,lateral,-0.020000000,m,17,Car,27.439457159,"middle [10,30)",0,0.000000000,67,67,100.000000000,100.000000000
nuscenes,scene-1094_003,lateral,-0.020000000,m,18,Pedestrian,14.223667619,"middle [10,30)",2,0.000000000,12,12,100.000000000,100.000000000
nuscenes,scene-1094_003,lateral,0.000000000,m,0,personal_mobility,8.238530012,"near [0,10)",0,0.000000000,34,34,100.000000000,100.000000000
nuscenes,scene-1094_003,lateral,0.000000000,m,1,Car,21.800518691,"middle [10,30)",0,0.000000000,28,28,100.000000000,100.000000000
nuscenes,scene-1094_003,lateral,0.000000000,m,5,Car,6.438336543,"near [0,10)",0,0.000000000,373,373,100.000000000,100.000000000
nuscenes,scene-1094_003,lateral,0.000000000,m,12,Car,6.723428859,"near [0,10)",0,0.969286055,10,10,100.000000000,100.000000000
nuscenes,scene-1094_003,lateral,0.000000000,m,17,Car,27.439457159,"middle [10,30)",0,0.000000000,67,67,100.000000000,100.000000000
nuscenes,scene-1094_003,lateral,0.000000000,m,18,Pedestrian,14.223667619,"middle [10,30)",2,0.000000000,12,12,100.000000000,100.000000000
nuscenes,scene-1094_003,lateral,0.020000000,m,0,personal_mobility,8.238530012,"near [0,10)",0,0.000000000,34,34,100.000000000,100.000000000
nuscenes,scene-1094_003,lateral,0.020000000,m,1,Car,21.800518691,"middle [10,30)",0,0.000000000,28,28,100.000000000,100.000000000
nuscenes,scene-1094_003,lateral,0.020000000,m,5,Car,6.438336543,"near [0,10)",0,0.000000000,373,373,100.000000000,100.000000000
nuscenes,scene-1094_003,lateral,0.020000000,m,12,Car,6.723428859,"near [0,10)",0,0.969286055,10,8,80.000000000,100.000000000
nuscenes,scene-1094_003,lateral,0.020000000,m,17,Car,27.439457159,"middle [10,30)",0,0.000000000,67,67,100.000000000,100.000000000
nuscenes,scene-1094_003,lateral,0.020000000,m,18,Pedestrian,14.223667619,"middle [10,30)",2,0.000000000,12,12,100.000000000,100.000000000
nuscenes,scene-1094_003,lateral,0.050000000,m,0,personal_mobility,8.238530012,"near [0,10)",0,0.000000000,34,34,100.000000000,100.000000000
nuscenes,scene-1094_003,lateral,0.050000000,m,1,Car,21.800518691,"middle [10,30)",0,0.000000000,28,28,100.000000000,100.000000000
nuscenes,scene-1094_003,lateral,0.050000000,m,5,Car,6.438336543,"near [0,10)",0,0.000000000,373,373,100.000000000,100.000000000
nuscenes,scene-1094_003,lateral,0.050000000,m,12,Car,6.723428859,"near [0,10)",0,0.969286055,10,7,70.000000000,100.000000000
nuscenes,scene-1094_003,lateral,0.050000000,m,17,Car,27.439457159,"middle [10,30)",0,0.000000000,67,67,100.000000000,100.000000000
nuscenes,scene-1094_003,lateral,0.050000000,m,18,Pedestrian,14.223667619,"middle [10,30)",2,0.000000000,12,12,100.000000000,100.000000000
nuscenes,scene-1094_003,lateral,0.100000000,m,0,personal_mobility,8.238530012,"near [0,10)",0,0.000000000,34,34,100.000000000,100.000000000
nuscenes,scene-1094_003,lateral,0.100000000,m,1,Car,21.800518691,"middle [10,30)",0,0.000000000,28,28,100.000000000,100.000000000
nuscenes,scene-1094_003,lateral,0.100000000,m,5,Car,6.438336543,"near [0,10)",0,0.000000000,373,373,100.000000000,100.000000000
nuscenes,scene-1094_003,lateral,0.100000000,m,12,Car,6.723428859,"near [0,10)",0,0.969286055,10,4,40.000000000,100.000000000
nuscenes,scene-1094_003,lateral,0.100000000,m,17,Car,27.439457159,"middle [10,30)",0,0.000000000,67,67,100.000000000,100.000000000
nuscenes,scene-1094_003,lateral,0.100000000,m,18,Pedestrian,14.223667619,"middle [10,30)",2,0.000000000,12,12,100.000000000,100.000000000
nuscenes,scene-1094_004,yaw,-3.000000000,deg,0,personal_mobility,7.908584931,"near [0,10)",0,0.140365795,37,26,70.270270270,100.000000000
nuscenes,scene-1094_004,yaw,-3.000000000,deg,1,Car,20.436339815,"middle [10,30)",0,0.000000000,27,15,55.555555556,100.000000000
nuscenes,scene-1094_004,yaw,-3.000000000,deg,5,Car,6.688116170,"near [0,10)",0,0.000000000,367,329,89.645776567,100.000000000
nuscenes,scene-1094_004,yaw,-3.000000000,deg,12,Car,7.935875421,"near [0,10)",0,0.946658031,11,0,0.000000000,100.000000000
nuscenes,scene-1094_004,yaw,-3.000000000,deg,16,Car,26.947359296,"middle [10,30)",0,0.000000000,68,57,83.823529412,100.000000000
nuscenes,scene-1094_004,yaw,-2.000000000,deg,0,personal_mobility,7.908584931,"near [0,10)",0,0.140365795,37,34,91.891891892,100.000000000
nuscenes,scene-1094_004,yaw,-2.000000000,deg,1,Car,20.436339815,"middle [10,30)",0,0.000000000,27,21,77.777777778,100.000000000
nuscenes,scene-1094_004,yaw,-2.000000000,deg,5,Car,6.688116170,"near [0,10)",0,0.000000000,367,353,96.185286104,100.000000000
nuscenes,scene-1094_004,yaw,-2.000000000,deg,12,Car,7.935875421,"near [0,10)",0,0.946658031,11,0,0.000000000,100.000000000
nuscenes,scene-1094_004,yaw,-2.000000000,deg,16,Car,26.947359296,"middle [10,30)",0,0.000000000,68,63,92.647058824,100.000000000
nuscenes,scene-1094_004,yaw,-1.000000000,deg,0,personal_mobility,7.908584931,"near [0,10)",0,0.140365795,37,37,100.000000000,100.000000000
nuscenes,scene-1094_004,yaw,-1.000000000,deg,1,Car,20.436339815,"middle [10,30)",0,0.000000000,27,27,100.000000000,100.000000000
nuscenes,scene-1094_004,yaw,-1.000000000,deg,5,Car,6.688116170,"near [0,10)",0,0.000000000,367,367,100.000000000,100.000000000
nuscenes,scene-1094_004,yaw,-1.000000000,deg,12,Car,7.935875421,"near [0,10)",0,0.946658031,11,2,18.181818182,100.000000000
nuscenes,scene-1094_004,yaw,-1.000000000,deg,16,Car,26.947359296,"middle [10,30)",0,0.000000000,68,67,98.529411765,100.000000000
nuscenes,scene-1094_004,yaw,-0.500000000,deg,0,personal_mobility,7.908584931,"near [0,10)",0,0.140365795,37,37,100.000000000,100.000000000
nuscenes,scene-1094_004,yaw,-0.500000000,deg,1,Car,20.436339815,"middle [10,30)",0,0.000000000,27,27,100.000000000,100.000000000
nuscenes,scene-1094_004,yaw,-0.500000000,deg,5,Car,6.688116170,"near [0,10)",0,0.000000000,367,367,100.000000000,100.000000000
nuscenes,scene-1094_004,yaw,-0.500000000,deg,12,Car,7.935875421,"near [0,10)",0,0.946658031,11,5,45.454545455,100.000000000
nuscenes,scene-1094_004,yaw,-0.500000000,deg,16,Car,26.947359296,"middle [10,30)",0,0.000000000,68,68,100.000000000,100.000000000
nuscenes,scene-1094_004,yaw,0.000000000,deg,0,personal_mobility,7.908584931,"near [0,10)",0,0.140365795,37,37,100.000000000,100.000000000
nuscenes,scene-1094_004,yaw,0.000000000,deg,1,Car,20.436339815,"middle [10,30)",0,0.000000000,27,27,100.000000000,100.000000000
nuscenes,scene-1094_004,yaw,0.000000000,deg,5,Car,6.688116170,"near [0,10)",0,0.000000000,367,367,100.000000000,100.000000000
nuscenes,scene-1094_004,yaw,0.000000000,deg,12,Car,7.935875421,"near [0,10)",0,0.946658031,11,11,100.000000000,100.000000000
nuscenes,scene-1094_004,yaw,0.000000000,deg,16,Car,26.947359296,"middle [10,30)",0,0.000000000,68,68,100.000000000,100.000000000
nuscenes,scene-1094_004,yaw,0.500000000,deg,0,personal_mobility,7.908584931,"near [0,10)",0,0.140365795,37,36,97.297297297,100.000000000
nuscenes,scene-1094_004,yaw,0.500000000,deg,1,Car,20.436339815,"middle [10,30)",0,0.000000000,27,26,96.296296296,100.000000000
nuscenes,scene-1094_004,yaw,0.500000000,deg,5,Car,6.688116170,"near [0,10)",0,0.000000000,367,367,100.000000000,100.000000000
nuscenes,scene-1094_004,yaw,0.500000000,deg,12,Car,7.935875421,"near [0,10)",0,0.946658031,11,9,81.818181818,100.000000000
nuscenes,scene-1094_004,yaw,0.500000000,deg,16,Car,26.947359296,"middle [10,30)",0,0.000000000,68,68,100.000000000,100.000000000
nuscenes,scene-1094_004,yaw,1.000000000,deg,0,personal_mobility,7.908584931,"near [0,10)",0,0.140365795,37,36,97.297297297,100.000000000
nuscenes,scene-1094_004,yaw,1.000000000,deg,1,Car,20.436339815,"middle [10,30)",0,0.000000000,27,22,81.481481481,100.000000000
nuscenes,scene-1094_004,yaw,1.000000000,deg,5,Car,6.688116170,"near [0,10)",0,0.000000000,367,362,98.637602180,100.000000000
nuscenes,scene-1094_004,yaw,1.000000000,deg,12,Car,7.935875421,"near [0,10)",0,0.946658031,11,5,45.454545455,100.000000000
nuscenes,scene-1094_004,yaw,1.000000000,deg,16,Car,26.947359296,"middle [10,30)",0,0.000000000,68,66,97.058823529,100.000000000
nuscenes,scene-1094_004,yaw,2.000000000,deg,0,personal_mobility,7.908584931,"near [0,10)",0,0.140365795,37,36,97.297297297,100.000000000
nuscenes,scene-1094_004,yaw,2.000000000,deg,1,Car,20.436339815,"middle [10,30)",0,0.000000000,27,21,77.777777778,100.000000000
nuscenes,scene-1094_004,yaw,2.000000000,deg,5,Car,6.688116170,"near [0,10)",0,0.000000000,367,347,94.550408719,100.000000000
nuscenes,scene-1094_004,yaw,2.000000000,deg,12,Car,7.935875421,"near [0,10)",0,0.946658031,11,0,0.000000000,100.000000000
nuscenes,scene-1094_004,yaw,2.000000000,deg,16,Car,26.947359296,"middle [10,30)",0,0.000000000,68,63,92.647058824,100.000000000
nuscenes,scene-1094_004,yaw,3.000000000,deg,0,personal_mobility,7.908584931,"near [0,10)",0,0.140365795,37,36,97.297297297,100.000000000
nuscenes,scene-1094_004,yaw,3.000000000,deg,1,Car,20.436339815,"middle [10,30)",0,0.000000000,27,21,77.777777778,100.000000000
nuscenes,scene-1094_004,yaw,3.000000000,deg,5,Car,6.688116170,"near [0,10)",0,0.000000000,367,322,87.738419619,100.000000000
nuscenes,scene-1094_004,yaw,3.000000000,deg,12,Car,7.935875421,"near [0,10)",0,0.946658031,11,0,0.000000000,100.000000000
nuscenes,scene-1094_004,yaw,3.000000000,deg,16,Car,26.947359296,"middle [10,30)",0,0.000000000,68,60,88.235294118,100.000000000
nuscenes,scene-1094_004,lateral,-0.100000000,m,0,personal_mobility,7.908584931,"near [0,10)",0,0.140365795,37,36,97.297297297,100.000000000
nuscenes,scene-1094_004,lateral,-0.100000000,m,1,Car,20.436339815,"middle [10,30)",0,0.000000000,27,27,100.000000000,100.000000000
nuscenes,scene-1094_004,lateral,-0.100000000,m,5,Car,6.688116170,"near [0,10)",0,0.000000000,367,367,100.000000000,100.000000000
nuscenes,scene-1094_004,lateral,-0.100000000,m,12,Car,7.935875421,"near [0,10)",0,0.946658031,11,9,81.818181818,100.000000000
nuscenes,scene-1094_004,lateral,-0.100000000,m,16,Car,26.947359296,"middle [10,30)",0,0.000000000,68,68,100.000000000,100.000000000
nuscenes,scene-1094_004,lateral,-0.050000000,m,0,personal_mobility,7.908584931,"near [0,10)",0,0.140365795,37,36,97.297297297,100.000000000
nuscenes,scene-1094_004,lateral,-0.050000000,m,1,Car,20.436339815,"middle [10,30)",0,0.000000000,27,27,100.000000000,100.000000000
nuscenes,scene-1094_004,lateral,-0.050000000,m,5,Car,6.688116170,"near [0,10)",0,0.000000000,367,367,100.000000000,100.000000000
nuscenes,scene-1094_004,lateral,-0.050000000,m,12,Car,7.935875421,"near [0,10)",0,0.946658031,11,9,81.818181818,100.000000000
nuscenes,scene-1094_004,lateral,-0.050000000,m,16,Car,26.947359296,"middle [10,30)",0,0.000000000,68,68,100.000000000,100.000000000
nuscenes,scene-1094_004,lateral,-0.020000000,m,0,personal_mobility,7.908584931,"near [0,10)",0,0.140365795,37,37,100.000000000,100.000000000
nuscenes,scene-1094_004,lateral,-0.020000000,m,1,Car,20.436339815,"middle [10,30)",0,0.000000000,27,27,100.000000000,100.000000000
nuscenes,scene-1094_004,lateral,-0.020000000,m,5,Car,6.688116170,"near [0,10)",0,0.000000000,367,367,100.000000000,100.000000000
nuscenes,scene-1094_004,lateral,-0.020000000,m,12,Car,7.935875421,"near [0,10)",0,0.946658031,11,11,100.000000000,100.000000000
nuscenes,scene-1094_004,lateral,-0.020000000,m,16,Car,26.947359296,"middle [10,30)",0,0.000000000,68,68,100.000000000,100.000000000
nuscenes,scene-1094_004,lateral,0.000000000,m,0,personal_mobility,7.908584931,"near [0,10)",0,0.140365795,37,37,100.000000000,100.000000000
nuscenes,scene-1094_004,lateral,0.000000000,m,1,Car,20.436339815,"middle [10,30)",0,0.000000000,27,27,100.000000000,100.000000000
nuscenes,scene-1094_004,lateral,0.000000000,m,5,Car,6.688116170,"near [0,10)",0,0.000000000,367,367,100.000000000,100.000000000
nuscenes,scene-1094_004,lateral,0.000000000,m,12,Car,7.935875421,"near [0,10)",0,0.946658031,11,11,100.000000000,100.000000000
nuscenes,scene-1094_004,lateral,0.000000000,m,16,Car,26.947359296,"middle [10,30)",0,0.000000000,68,68,100.000000000,100.000000000
nuscenes,scene-1094_004,lateral,0.020000000,m,0,personal_mobility,7.908584931,"near [0,10)",0,0.140365795,37,37,100.000000000,100.000000000
nuscenes,scene-1094_004,lateral,0.020000000,m,1,Car,20.436339815,"middle [10,30)",0,0.000000000,27,27,100.000000000,100.000000000
nuscenes,scene-1094_004,lateral,0.020000000,m,5,Car,6.688116170,"near [0,10)",0,0.000000000,367,367,100.000000000,100.000000000
nuscenes,scene-1094_004,lateral,0.020000000,m,12,Car,7.935875421,"near [0,10)",0,0.946658031,11,9,81.818181818,100.000000000
nuscenes,scene-1094_004,lateral,0.020000000,m,16,Car,26.947359296,"middle [10,30)",0,0.000000000,68,68,100.000000000,100.000000000
nuscenes,scene-1094_004,lateral,0.050000000,m,0,personal_mobility,7.908584931,"near [0,10)",0,0.140365795,37,37,100.000000000,100.000000000
nuscenes,scene-1094_004,lateral,0.050000000,m,1,Car,20.436339815,"middle [10,30)",0,0.000000000,27,27,100.000000000,100.000000000
nuscenes,scene-1094_004,lateral,0.050000000,m,5,Car,6.688116170,"near [0,10)",0,0.000000000,367,367,100.000000000,100.000000000
nuscenes,scene-1094_004,lateral,0.050000000,m,12,Car,7.935875421,"near [0,10)",0,0.946658031,11,9,81.818181818,100.000000000
nuscenes,scene-1094_004,lateral,0.050000000,m,16,Car,26.947359296,"middle [10,30)",0,0.000000000,68,68,100.000000000,100.000000000
nuscenes,scene-1094_004,lateral,0.100000000,m,0,personal_mobility,7.908584931,"near [0,10)",0,0.140365795,37,37,100.000000000,100.000000000
nuscenes,scene-1094_004,lateral,0.100000000,m,1,Car,20.436339815,"middle [10,30)",0,0.000000000,27,27,100.000000000,100.000000000
nuscenes,scene-1094_004,lateral,0.100000000,m,5,Car,6.688116170,"near [0,10)",0,0.000000000,367,367,100.000000000,100.000000000
nuscenes,scene-1094_004,lateral,0.100000000,m,12,Car,7.935875421,"near [0,10)",0,0.946658031,11,6,54.545454545,100.000000000
nuscenes,scene-1094_004,lateral,0.100000000,m,16,Car,26.947359296,"middle [10,30)",0,0.000000000,68,68,100.000000000,100.000000000
nuscenes,scene-1094_005,yaw,-3.000000000,deg,0,personal_mobility,7.168193609,"near [0,10)",0,0.520786728,50,27,54.000000000,100.000000000
nuscenes,scene-1094_005,yaw,-3.000000000,deg,1,Car,19.751766758,"middle [10,30)",0,0.000000000,30,19,63.333333333,100.000000000
nuscenes,scene-1094_005,yaw,-3.000000000,deg,5,Car,6.664265021,"near [0,10)",0,0.000000000,379,348,91.820580475,100.000000000
nuscenes,scene-1094_005,yaw,-3.000000000,deg,15,Car,23.490531562,"middle [10,30)",2,0.000000000,15,6,40.000000000,100.000000000
nuscenes,scene-1094_005,yaw,-3.000000000,deg,16,Car,26.230633426,"middle [10,30)",0,0.000000000,74,64,86.486486486,100.000000000
nuscenes,scene-1094_005,yaw,-2.000000000,deg,0,personal_mobility,7.168193609,"near [0,10)",0,0.520786728,50,40,80.000000000,100.000000000
nuscenes,scene-1094_005,yaw,-2.000000000,deg,1,Car,19.751766758,"middle [10,30)",0,0.000000000,30,26,86.666666667,100.000000000
nuscenes,scene-1094_005,yaw,-2.000000000,deg,5,Car,6.664265021,"near [0,10)",0,0.000000000,379,366,96.569920844,100.000000000
nuscenes,scene-1094_005,yaw,-2.000000000,deg,15,Car,23.490531562,"middle [10,30)",2,0.000000000,15,12,80.000000000,100.000000000
nuscenes,scene-1094_005,yaw,-2.000000000,deg,16,Car,26.230633426,"middle [10,30)",0,0.000000000,74,69,93.243243243,100.000000000
nuscenes,scene-1094_005,yaw,-1.000000000,deg,0,personal_mobility,7.168193609,"near [0,10)",0,0.520786728,50,49,98.000000000,100.000000000
nuscenes,scene-1094_005,yaw,-1.000000000,deg,1,Car,19.751766758,"middle [10,30)",0,0.000000000,30,30,100.000000000,100.000000000
nuscenes,scene-1094_005,yaw,-1.000000000,deg,5,Car,6.664265021,"near [0,10)",0,0.000000000,379,379,100.000000000,100.000000000
nuscenes,scene-1094_005,yaw,-1.000000000,deg,15,Car,23.490531562,"middle [10,30)",2,0.000000000,15,15,100.000000000,100.000000000
nuscenes,scene-1094_005,yaw,-1.000000000,deg,16,Car,26.230633426,"middle [10,30)",0,0.000000000,74,73,98.648648649,100.000000000
nuscenes,scene-1094_005,yaw,-0.500000000,deg,0,personal_mobility,7.168193609,"near [0,10)",0,0.520786728,50,50,100.000000000,100.000000000
nuscenes,scene-1094_005,yaw,-0.500000000,deg,1,Car,19.751766758,"middle [10,30)",0,0.000000000,30,30,100.000000000,100.000000000
nuscenes,scene-1094_005,yaw,-0.500000000,deg,5,Car,6.664265021,"near [0,10)",0,0.000000000,379,379,100.000000000,100.000000000
nuscenes,scene-1094_005,yaw,-0.500000000,deg,15,Car,23.490531562,"middle [10,30)",2,0.000000000,15,15,100.000000000,100.000000000
nuscenes,scene-1094_005,yaw,-0.500000000,deg,16,Car,26.230633426,"middle [10,30)",0,0.000000000,74,74,100.000000000,100.000000000
nuscenes,scene-1094_005,yaw,0.000000000,deg,0,personal_mobility,7.168193609,"near [0,10)",0,0.520786728,50,50,100.000000000,100.000000000
nuscenes,scene-1094_005,yaw,0.000000000,deg,1,Car,19.751766758,"middle [10,30)",0,0.000000000,30,30,100.000000000,100.000000000
nuscenes,scene-1094_005,yaw,0.000000000,deg,5,Car,6.664265021,"near [0,10)",0,0.000000000,379,379,100.000000000,100.000000000
nuscenes,scene-1094_005,yaw,0.000000000,deg,15,Car,23.490531562,"middle [10,30)",2,0.000000000,15,15,100.000000000,100.000000000
nuscenes,scene-1094_005,yaw,0.000000000,deg,16,Car,26.230633426,"middle [10,30)",0,0.000000000,74,74,100.000000000,100.000000000
nuscenes,scene-1094_005,yaw,0.500000000,deg,0,personal_mobility,7.168193609,"near [0,10)",0,0.520786728,50,45,90.000000000,100.000000000
nuscenes,scene-1094_005,yaw,0.500000000,deg,1,Car,19.751766758,"middle [10,30)",0,0.000000000,30,30,100.000000000,100.000000000
nuscenes,scene-1094_005,yaw,0.500000000,deg,5,Car,6.664265021,"near [0,10)",0,0.000000000,379,377,99.472295515,100.000000000
nuscenes,scene-1094_005,yaw,0.500000000,deg,15,Car,23.490531562,"middle [10,30)",2,0.000000000,15,15,100.000000000,100.000000000
nuscenes,scene-1094_005,yaw,0.500000000,deg,16,Car,26.230633426,"middle [10,30)",0,0.000000000,74,74,100.000000000,100.000000000
nuscenes,scene-1094_005,yaw,1.000000000,deg,0,personal_mobility,7.168193609,"near [0,10)",0,0.520786728,50,38,76.000000000,100.000000000
nuscenes,scene-1094_005,yaw,1.000000000,deg,1,Car,19.751766758,"middle [10,30)",0,0.000000000,30,30,100.000000000,100.000000000
nuscenes,scene-1094_005,yaw,1.000000000,deg,5,Car,6.664265021,"near [0,10)",0,0.000000000,379,370,97.625329815,100.000000000
nuscenes,scene-1094_005,yaw,1.000000000,deg,15,Car,23.490531562,"middle [10,30)",2,0.000000000,15,15,100.000000000,100.000000000
nuscenes,scene-1094_005,yaw,1.000000000,deg,16,Car,26.230633426,"middle [10,30)",0,0.000000000,74,73,98.648648649,100.000000000
nuscenes,scene-1094_005,yaw,2.000000000,deg,0,personal_mobility,7.168193609,"near [0,10)",0,0.520786728,50,20,40.000000000,100.000000000
nuscenes,scene-1094_005,yaw,2.000000000,deg,1,Car,19.751766758,"middle [10,30)",0,0.000000000,30,30,100.000000000,100.000000000
nuscenes,scene-1094_005,yaw,2.000000000,deg,5,Car,6.664265021,"near [0,10)",0,0.000000000,379,352,92.875989446,100.000000000
nuscenes,scene-1094_005,yaw,2.000000000,deg,15,Car,23.490531562,"middle [10,30)",2,0.000000000,15,15,100.000000000,100.000000000
nuscenes,scene-1094_005,yaw,2.000000000,deg,16,Car,26.230633426,"middle [10,30)",0,0.000000000,74,70,94.594594595,100.000000000
nuscenes,scene-1094_005,yaw,3.000000000,deg,0,personal_mobility,7.168193609,"near [0,10)",0,0.520786728,50,9,18.000000000,100.000000000
nuscenes,scene-1094_005,yaw,3.000000000,deg,1,Car,19.751766758,"middle [10,30)",0,0.000000000,30,30,100.000000000,100.000000000
nuscenes,scene-1094_005,yaw,3.000000000,deg,5,Car,6.664265021,"near [0,10)",0,0.000000000,379,332,87.598944591,100.000000000
nuscenes,scene-1094_005,yaw,3.000000000,deg,15,Car,23.490531562,"middle [10,30)",2,0.000000000,15,15,100.000000000,100.000000000
nuscenes,scene-1094_005,yaw,3.000000000,deg,16,Car,26.230633426,"middle [10,30)",0,0.000000000,74,65,87.837837838,100.000000000
nuscenes,scene-1094_005,lateral,-0.100000000,m,0,personal_mobility,7.168193609,"near [0,10)",0,0.520786728,50,44,88.000000000,100.000000000
nuscenes,scene-1094_005,lateral,-0.100000000,m,1,Car,19.751766758,"middle [10,30)",0,0.000000000,30,30,100.000000000,100.000000000
nuscenes,scene-1094_005,lateral,-0.100000000,m,5,Car,6.664265021,"near [0,10)",0,0.000000000,379,377,99.472295515,100.000000000
nuscenes,scene-1094_005,lateral,-0.100000000,m,15,Car,23.490531562,"middle [10,30)",2,0.000000000,15,15,100.000000000,100.000000000
nuscenes,scene-1094_005,lateral,-0.100000000,m,16,Car,26.230633426,"middle [10,30)",0,0.000000000,74,74,100.000000000,100.000000000
nuscenes,scene-1094_005,lateral,-0.050000000,m,0,personal_mobility,7.168193609,"near [0,10)",0,0.520786728,50,48,96.000000000,100.000000000
nuscenes,scene-1094_005,lateral,-0.050000000,m,1,Car,19.751766758,"middle [10,30)",0,0.000000000,30,30,100.000000000,100.000000000
nuscenes,scene-1094_005,lateral,-0.050000000,m,5,Car,6.664265021,"near [0,10)",0,0.000000000,379,379,100.000000000,100.000000000
nuscenes,scene-1094_005,lateral,-0.050000000,m,15,Car,23.490531562,"middle [10,30)",2,0.000000000,15,15,100.000000000,100.000000000
nuscenes,scene-1094_005,lateral,-0.050000000,m,16,Car,26.230633426,"middle [10,30)",0,0.000000000,74,74,100.000000000,100.000000000
nuscenes,scene-1094_005,lateral,-0.020000000,m,0,personal_mobility,7.168193609,"near [0,10)",0,0.520786728,50,48,96.000000000,100.000000000
nuscenes,scene-1094_005,lateral,-0.020000000,m,1,Car,19.751766758,"middle [10,30)",0,0.000000000,30,30,100.000000000,100.000000000
nuscenes,scene-1094_005,lateral,-0.020000000,m,5,Car,6.664265021,"near [0,10)",0,0.000000000,379,379,100.000000000,100.000000000
nuscenes,scene-1094_005,lateral,-0.020000000,m,15,Car,23.490531562,"middle [10,30)",2,0.000000000,15,15,100.000000000,100.000000000
nuscenes,scene-1094_005,lateral,-0.020000000,m,16,Car,26.230633426,"middle [10,30)",0,0.000000000,74,74,100.000000000,100.000000000
nuscenes,scene-1094_005,lateral,0.000000000,m,0,personal_mobility,7.168193609,"near [0,10)",0,0.520786728,50,50,100.000000000,100.000000000
nuscenes,scene-1094_005,lateral,0.000000000,m,1,Car,19.751766758,"middle [10,30)",0,0.000000000,30,30,100.000000000,100.000000000
nuscenes,scene-1094_005,lateral,0.000000000,m,5,Car,6.664265021,"near [0,10)",0,0.000000000,379,379,100.000000000,100.000000000
nuscenes,scene-1094_005,lateral,0.000000000,m,15,Car,23.490531562,"middle [10,30)",2,0.000000000,15,15,100.000000000,100.000000000
nuscenes,scene-1094_005,lateral,0.000000000,m,16,Car,26.230633426,"middle [10,30)",0,0.000000000,74,74,100.000000000,100.000000000
nuscenes,scene-1094_005,lateral,0.020000000,m,0,personal_mobility,7.168193609,"near [0,10)",0,0.520786728,50,50,100.000000000,100.000000000
nuscenes,scene-1094_005,lateral,0.020000000,m,1,Car,19.751766758,"middle [10,30)",0,0.000000000,30,30,100.000000000,100.000000000
nuscenes,scene-1094_005,lateral,0.020000000,m,5,Car,6.664265021,"near [0,10)",0,0.000000000,379,379,100.000000000,100.000000000
nuscenes,scene-1094_005,lateral,0.020000000,m,15,Car,23.490531562,"middle [10,30)",2,0.000000000,15,15,100.000000000,100.000000000
nuscenes,scene-1094_005,lateral,0.020000000,m,16,Car,26.230633426,"middle [10,30)",0,0.000000000,74,74,100.000000000,100.000000000
nuscenes,scene-1094_005,lateral,0.050000000,m,0,personal_mobility,7.168193609,"near [0,10)",0,0.520786728,50,50,100.000000000,100.000000000
nuscenes,scene-1094_005,lateral,0.050000000,m,1,Car,19.751766758,"middle [10,30)",0,0.000000000,30,30,100.000000000,100.000000000
nuscenes,scene-1094_005,lateral,0.050000000,m,5,Car,6.664265021,"near [0,10)",0,0.000000000,379,379,100.000000000,100.000000000
nuscenes,scene-1094_005,lateral,0.050000000,m,15,Car,23.490531562,"middle [10,30)",2,0.000000000,15,15,100.000000000,100.000000000
nuscenes,scene-1094_005,lateral,0.050000000,m,16,Car,26.230633426,"middle [10,30)",0,0.000000000,74,74,100.000000000,100.000000000
nuscenes,scene-1094_005,lateral,0.100000000,m,0,personal_mobility,7.168193609,"near [0,10)",0,0.520786728,50,50,100.000000000,100.000000000
nuscenes,scene-1094_005,lateral,0.100000000,m,1,Car,19.751766758,"middle [10,30)",0,0.000000000,30,30,100.000000000,100.000000000
nuscenes,scene-1094_005,lateral,0.100000000,m,5,Car,6.664265021,"near [0,10)",0,0.000000000,379,379,100.000000000,100.000000000
nuscenes,scene-1094_005,lateral,0.100000000,m,15,Car,23.490531562,"middle [10,30)",2,0.000000000,15,15,100.000000000,100.000000000
nuscenes,scene-1094_005,lateral,0.100000000,m,16,Car,26.230633426,"middle [10,30)",0,0.000000000,74,74,100.000000000,100.000000000
nuscenes,scene-1094_006,yaw,-3.000000000,deg,1,Car,18.826331415,"middle [10,30)",0,0.045069046,50,36,72.000000000,100.000000000
nuscenes,scene-1094_006,yaw,-3.000000000,deg,5,Car,6.505890102,"near [0,10)",0,0.000029481,415,384,92.530120482,100.000000000
nuscenes,scene-1094_006,yaw,-3.000000000,deg,14,Car,22.451602329,"middle [10,30)",2,0.000000000,10,5,50.000000000,100.000000000
nuscenes,scene-1094_006,yaw,-3.000000000,deg,15,Car,25.167123970,"middle [10,30)",0,0.000000000,64,57,89.062500000,100.000000000
nuscenes,scene-1094_006,yaw,-3.000000000,deg,18,Bicycle,27.512987525,"middle [10,30)",0,0.000000000,11,1,9.090909091,100.000000000
nuscenes,scene-1094_006,yaw,-2.000000000,deg,1,Car,18.826331415,"middle [10,30)",0,0.045069046,50,46,92.000000000,100.000000000
nuscenes,scene-1094_006,yaw,-2.000000000,deg,5,Car,6.505890102,"near [0,10)",0,0.000029481,415,406,97.831325301,100.000000000
nuscenes,scene-1094_006,yaw,-2.000000000,deg,14,Car,22.451602329,"middle [10,30)",2,0.000000000,10,8,80.000000000,100.000000000
nuscenes,scene-1094_006,yaw,-2.000000000,deg,15,Car,25.167123970,"middle [10,30)",0,0.000000000,64,62,96.875000000,100.000000000
nuscenes,scene-1094_006,yaw,-2.000000000,deg,18,Bicycle,27.512987525,"middle [10,30)",0,0.000000000,11,4,36.363636364,100.000000000
nuscenes,scene-1094_006,yaw,-1.000000000,deg,1,Car,18.826331415,"middle [10,30)",0,0.045069046,50,50,100.000000000,100.000000000
nuscenes,scene-1094_006,yaw,-1.000000000,deg,5,Car,6.505890102,"near [0,10)",0,0.000029481,415,415,100.000000000,100.000000000
nuscenes,scene-1094_006,yaw,-1.000000000,deg,14,Car,22.451602329,"middle [10,30)",2,0.000000000,10,10,100.000000000,100.000000000
nuscenes,scene-1094_006,yaw,-1.000000000,deg,15,Car,25.167123970,"middle [10,30)",0,0.000000000,64,64,100.000000000,100.000000000
nuscenes,scene-1094_006,yaw,-1.000000000,deg,18,Bicycle,27.512987525,"middle [10,30)",0,0.000000000,11,6,54.545454545,100.000000000
nuscenes,scene-1094_006,yaw,-0.500000000,deg,1,Car,18.826331415,"middle [10,30)",0,0.045069046,50,50,100.000000000,100.000000000
nuscenes,scene-1094_006,yaw,-0.500000000,deg,5,Car,6.505890102,"near [0,10)",0,0.000029481,415,415,100.000000000,100.000000000
nuscenes,scene-1094_006,yaw,-0.500000000,deg,14,Car,22.451602329,"middle [10,30)",2,0.000000000,10,10,100.000000000,100.000000000
nuscenes,scene-1094_006,yaw,-0.500000000,deg,15,Car,25.167123970,"middle [10,30)",0,0.000000000,64,64,100.000000000,100.000000000
nuscenes,scene-1094_006,yaw,-0.500000000,deg,18,Bicycle,27.512987525,"middle [10,30)",0,0.000000000,11,10,90.909090909,100.000000000
nuscenes,scene-1094_006,yaw,0.000000000,deg,1,Car,18.826331415,"middle [10,30)",0,0.045069046,50,50,100.000000000,100.000000000
nuscenes,scene-1094_006,yaw,0.000000000,deg,5,Car,6.505890102,"near [0,10)",0,0.000029481,415,415,100.000000000,100.000000000
nuscenes,scene-1094_006,yaw,0.000000000,deg,14,Car,22.451602329,"middle [10,30)",2,0.000000000,10,10,100.000000000,100.000000000
nuscenes,scene-1094_006,yaw,0.000000000,deg,15,Car,25.167123970,"middle [10,30)",0,0.000000000,64,64,100.000000000,100.000000000
nuscenes,scene-1094_006,yaw,0.000000000,deg,18,Bicycle,27.512987525,"middle [10,30)",0,0.000000000,11,11,100.000000000,100.000000000
nuscenes,scene-1094_006,yaw,0.500000000,deg,1,Car,18.826331415,"middle [10,30)",0,0.045069046,50,50,100.000000000,100.000000000
nuscenes,scene-1094_006,yaw,0.500000000,deg,5,Car,6.505890102,"near [0,10)",0,0.000029481,415,413,99.518072289,100.000000000
nuscenes,scene-1094_006,yaw,0.500000000,deg,14,Car,22.451602329,"middle [10,30)",2,0.000000000,10,10,100.000000000,100.000000000
nuscenes,scene-1094_006,yaw,0.500000000,deg,15,Car,25.167123970,"middle [10,30)",0,0.000000000,64,64,100.000000000,100.000000000
nuscenes,scene-1094_006,yaw,0.500000000,deg,18,Bicycle,27.512987525,"middle [10,30)",0,0.000000000,11,10,90.909090909,100.000000000
nuscenes,scene-1094_006,yaw,1.000000000,deg,1,Car,18.826331415,"middle [10,30)",0,0.045069046,50,49,98.000000000,100.000000000
nuscenes,scene-1094_006,yaw,1.000000000,deg,5,Car,6.505890102,"near [0,10)",0,0.000029481,415,407,98.072289157,100.000000000
nuscenes,scene-1094_006,yaw,1.000000000,deg,14,Car,22.451602329,"middle [10,30)",2,0.000000000,10,10,100.000000000,100.000000000
nuscenes,scene-1094_006,yaw,1.000000000,deg,15,Car,25.167123970,"middle [10,30)",0,0.000000000,64,63,98.437500000,100.000000000
nuscenes,scene-1094_006,yaw,1.000000000,deg,18,Bicycle,27.512987525,"middle [10,30)",0,0.000000000,11,9,81.818181818,100.000000000
nuscenes,scene-1094_006,yaw,2.000000000,deg,1,Car,18.826331415,"middle [10,30)",0,0.045069046,50,43,86.000000000,100.000000000
nuscenes,scene-1094_006,yaw,2.000000000,deg,5,Car,6.505890102,"near [0,10)",0,0.000029481,415,391,94.216867470,100.000000000
nuscenes,scene-1094_006,yaw,2.000000000,deg,14,Car,22.451602329,"middle [10,30)",2,0.000000000,10,10,100.000000000,100.000000000
nuscenes,scene-1094_006,yaw,2.000000000,deg,15,Car,25.167123970,"middle [10,30)",0,0.000000000,64,61,95.312500000,100.000000000
nuscenes,scene-1094_006,yaw,2.000000000,deg,18,Bicycle,27.512987525,"middle [10,30)",0,0.000000000,11,7,63.636363636,100.000000000
nuscenes,scene-1094_006,yaw,3.000000000,deg,1,Car,18.826331415,"middle [10,30)",0,0.045069046,50,35,70.000000000,100.000000000
nuscenes,scene-1094_006,yaw,3.000000000,deg,5,Car,6.505890102,"near [0,10)",0,0.000029481,415,370,89.156626506,100.000000000
nuscenes,scene-1094_006,yaw,3.000000000,deg,14,Car,22.451602329,"middle [10,30)",2,0.000000000,10,10,100.000000000,100.000000000
nuscenes,scene-1094_006,yaw,3.000000000,deg,15,Car,25.167123970,"middle [10,30)",0,0.000000000,64,58,90.625000000,100.000000000
nuscenes,scene-1094_006,yaw,3.000000000,deg,18,Bicycle,27.512987525,"middle [10,30)",0,0.000000000,11,3,27.272727273,100.000000000
nuscenes,scene-1094_006,lateral,-0.100000000,m,1,Car,18.826331415,"middle [10,30)",0,0.045069046,50,50,100.000000000,100.000000000
nuscenes,scene-1094_006,lateral,-0.100000000,m,5,Car,6.505890102,"near [0,10)",0,0.000029481,415,413,99.518072289,100.000000000
nuscenes,scene-1094_006,lateral,-0.100000000,m,14,Car,22.451602329,"middle [10,30)",2,0.000000000,10,10,100.000000000,100.000000000
nuscenes,scene-1094_006,lateral,-0.100000000,m,15,Car,25.167123970,"middle [10,30)",0,0.000000000,64,64,100.000000000,100.000000000
nuscenes,scene-1094_006,lateral,-0.100000000,m,18,Bicycle,27.512987525,"middle [10,30)",0,0.000000000,11,11,100.000000000,100.000000000
nuscenes,scene-1094_006,lateral,-0.050000000,m,1,Car,18.826331415,"middle [10,30)",0,0.045069046,50,50,100.000000000,100.000000000
nuscenes,scene-1094_006,lateral,-0.050000000,m,5,Car,6.505890102,"near [0,10)",0,0.000029481,415,415,100.000000000,100.000000000
nuscenes,scene-1094_006,lateral,-0.050000000,m,14,Car,22.451602329,"middle [10,30)",2,0.000000000,10,10,100.000000000,100.000000000
nuscenes,scene-1094_006,lateral,-0.050000000,m,15,Car,25.167123970,"middle [10,30)",0,0.000000000,64,64,100.000000000,100.000000000
nuscenes,scene-1094_006,lateral,-0.050000000,m,18,Bicycle,27.512987525,"middle [10,30)",0,0.000000000,11,11,100.000000000,100.000000000
nuscenes,scene-1094_006,lateral,-0.020000000,m,1,Car,18.826331415,"middle [10,30)",0,0.045069046,50,50,100.000000000,100.000000000
nuscenes,scene-1094_006,lateral,-0.020000000,m,5,Car,6.505890102,"near [0,10)",0,0.000029481,415,415,100.000000000,100.000000000
nuscenes,scene-1094_006,lateral,-0.020000000,m,14,Car,22.451602329,"middle [10,30)",2,0.000000000,10,10,100.000000000,100.000000000
nuscenes,scene-1094_006,lateral,-0.020000000,m,15,Car,25.167123970,"middle [10,30)",0,0.000000000,64,64,100.000000000,100.000000000
nuscenes,scene-1094_006,lateral,-0.020000000,m,18,Bicycle,27.512987525,"middle [10,30)",0,0.000000000,11,11,100.000000000,100.000000000
nuscenes,scene-1094_006,lateral,0.000000000,m,1,Car,18.826331415,"middle [10,30)",0,0.045069046,50,50,100.000000000,100.000000000
nuscenes,scene-1094_006,lateral,0.000000000,m,5,Car,6.505890102,"near [0,10)",0,0.000029481,415,415,100.000000000,100.000000000
nuscenes,scene-1094_006,lateral,0.000000000,m,14,Car,22.451602329,"middle [10,30)",2,0.000000000,10,10,100.000000000,100.000000000
nuscenes,scene-1094_006,lateral,0.000000000,m,15,Car,25.167123970,"middle [10,30)",0,0.000000000,64,64,100.000000000,100.000000000
nuscenes,scene-1094_006,lateral,0.000000000,m,18,Bicycle,27.512987525,"middle [10,30)",0,0.000000000,11,11,100.000000000,100.000000000
nuscenes,scene-1094_006,lateral,0.020000000,m,1,Car,18.826331415,"middle [10,30)",0,0.045069046,50,50,100.000000000,100.000000000
nuscenes,scene-1094_006,lateral,0.020000000,m,5,Car,6.505890102,"near [0,10)",0,0.000029481,415,415,100.000000000,100.000000000
nuscenes,scene-1094_006,lateral,0.020000000,m,14,Car,22.451602329,"middle [10,30)",2,0.000000000,10,10,100.000000000,100.000000000
nuscenes,scene-1094_006,lateral,0.020000000,m,15,Car,25.167123970,"middle [10,30)",0,0.000000000,64,64,100.000000000,100.000000000
nuscenes,scene-1094_006,lateral,0.020000000,m,18,Bicycle,27.512987525,"middle [10,30)",0,0.000000000,11,11,100.000000000,100.000000000
nuscenes,scene-1094_006,lateral,0.050000000,m,1,Car,18.826331415,"middle [10,30)",0,0.045069046,50,50,100.000000000,100.000000000
nuscenes,scene-1094_006,lateral,0.050000000,m,5,Car,6.505890102,"near [0,10)",0,0.000029481,415,415,100.000000000,100.000000000
nuscenes,scene-1094_006,lateral,0.050000000,m,14,Car,22.451602329,"middle [10,30)",2,0.000000000,10,10,100.000000000,100.000000000
nuscenes,scene-1094_006,lateral,0.050000000,m,15,Car,25.167123970,"middle [10,30)",0,0.000000000,64,64,100.000000000,100.000000000
nuscenes,scene-1094_006,lateral,0.050000000,m,18,Bicycle,27.512987525,"middle [10,30)",0,0.000000000,11,11,100.000000000,100.000000000
nuscenes,scene-1094_006,lateral,0.100000000,m,1,Car,18.826331415,"middle [10,30)",0,0.045069046,50,50,100.000000000,100.000000000
nuscenes,scene-1094_006,lateral,0.100000000,m,5,Car,6.505890102,"near [0,10)",0,0.000029481,415,415,100.000000000,100.000000000
nuscenes,scene-1094_006,lateral,0.100000000,m,14,Car,22.451602329,"middle [10,30)",2,0.000000000,10,10,100.000000000,100.000000000
nuscenes,scene-1094_006,lateral,0.100000000,m,15,Car,25.167123970,"middle [10,30)",0,0.000000000,64,64,100.000000000,100.000000000
nuscenes,scene-1094_006,lateral,0.100000000,m,18,Bicycle,27.512987525,"middle [10,30)",0,0.000000000,11,11,100.000000000,100.000000000
nuscenes,scene-1094_007,yaw,-3.000000000,deg,0,Car,17.603949382,"middle [10,30)",0,0.240500495,48,32,66.666666667,100.000000000
nuscenes,scene-1094_007,yaw,-3.000000000,deg,4,Car,6.268369514,"near [0,10)",0,0.018973210,462,427,92.424242424,100.000000000
nuscenes,scene-1094_007,yaw,-3.000000000,deg,13,Car,24.048308136,"middle [10,30)",2,0.000000000,62,61,98.387096774,100.000000000
nuscenes,scene-1094_007,yaw,-2.000000000,deg,0,Car,17.603949382,"middle [10,30)",0,0.240500495,48,40,83.333333333,100.000000000
nuscenes,scene-1094_007,yaw,-2.000000000,deg,4,Car,6.268369514,"near [0,10)",0,0.018973210,462,449,97.186147186,100.000000000
nuscenes,scene-1094_007,yaw,-2.000000000,deg,13,Car,24.048308136,"middle [10,30)",2,0.000000000,62,62,100.000000000,100.000000000
nuscenes,scene-1094_007,yaw,-1.000000000,deg,0,Car,17.603949382,"middle [10,30)",0,0.240500495,48,47,97.916666667,100.000000000
nuscenes,scene-1094_007,yaw,-1.000000000,deg,4,Car,6.268369514,"near [0,10)",0,0.018973210,462,462,100.000000000,100.000000000
nuscenes,scene-1094_007,yaw,-1.000000000,deg,13,Car,24.048308136,"middle [10,30)",2,0.000000000,62,62,100.000000000,100.000000000
nuscenes,scene-1094_007,yaw,-0.500000000,deg,0,Car,17.603949382,"middle [10,30)",0,0.240500495,48,48,100.000000000,100.000000000
nuscenes,scene-1094_007,yaw,-0.500000000,deg,4,Car,6.268369514,"near [0,10)",0,0.018973210,462,462,100.000000000,100.000000000
nuscenes,scene-1094_007,yaw,-0.500000000,deg,13,Car,24.048308136,"middle [10,30)",2,0.000000000,62,62,100.000000000,100.000000000
nuscenes,scene-1094_007,yaw,0.000000000,deg,0,Car,17.603949382,"middle [10,30)",0,0.240500495,48,48,100.000000000,100.000000000
nuscenes,scene-1094_007,yaw,0.000000000,deg,4,Car,6.268369514,"near [0,10)",0,0.018973210,462,462,100.000000000,100.000000000
nuscenes,scene-1094_007,yaw,0.000000000,deg,13,Car,24.048308136,"middle [10,30)",2,0.000000000,62,62,100.000000000,100.000000000
nuscenes,scene-1094_007,yaw,0.500000000,deg,0,Car,17.603949382,"middle [10,30)",0,0.240500495,48,44,91.666666667,100.000000000
nuscenes,scene-1094_007,yaw,0.500000000,deg,4,Car,6.268369514,"near [0,10)",0,0.018973210,462,460,99.567099567,100.000000000
nuscenes,scene-1094_007,yaw,0.500000000,deg,13,Car,24.048308136,"middle [10,30)",2,0.000000000,62,62,100.000000000,100.000000000
nuscenes,scene-1094_007,yaw,1.000000000,deg,0,Car,17.603949382,"middle [10,30)",0,0.240500495,48,38,79.166666667,100.000000000
nuscenes,scene-1094_007,yaw,1.000000000,deg,4,Car,6.268369514,"near [0,10)",0,0.018973210,462,454,98.268398268,100.000000000
nuscenes,scene-1094_007,yaw,1.000000000,deg,13,Car,24.048308136,"middle [10,30)",2,0.000000000,62,59,95.161290323,100.000000000
nuscenes,scene-1094_007,yaw,2.000000000,deg,0,Car,17.603949382,"middle [10,30)",0,0.240500495,48,31,64.583333333,100.000000000
nuscenes,scene-1094_007,yaw,2.000000000,deg,4,Car,6.268369514,"near [0,10)",0,0.018973210,462,434,93.939393939,100.000000000
nuscenes,scene-1094_007,yaw,2.000000000,deg,13,Car,24.048308136,"middle [10,30)",2,0.000000000,62,53,85.483870968,100.000000000
nuscenes,scene-1094_007,yaw,3.000000000,deg,0,Car,17.603949382,"middle [10,30)",0,0.240500495,48,25,52.083333333,100.000000000
nuscenes,scene-1094_007,yaw,3.000000000,deg,4,Car,6.268369514,"near [0,10)",0,0.018973210,462,414,89.610389610,100.000000000
nuscenes,scene-1094_007,yaw,3.000000000,deg,13,Car,24.048308136,"middle [10,30)",2,0.000000000,62,47,75.806451613,100.000000000
nuscenes,scene-1094_007,lateral,-0.100000000,m,0,Car,17.603949382,"middle [10,30)",0,0.240500495,48,47,97.916666667,100.000000000
nuscenes,scene-1094_007,lateral,-0.100000000,m,4,Car,6.268369514,"near [0,10)",0,0.018973210,462,459,99.350649351,100.000000000
nuscenes,scene-1094_007,lateral,-0.100000000,m,13,Car,24.048308136,"middle [10,30)",2,0.000000000,62,62,100.000000000,100.000000000
nuscenes,scene-1094_007,lateral,-0.050000000,m,0,Car,17.603949382,"middle [10,30)",0,0.240500495,48,47,97.916666667,100.000000000
nuscenes,scene-1094_007,lateral,-0.050000000,m,4,Car,6.268369514,"near [0,10)",0,0.018973210,462,462,100.000000000,100.000000000
nuscenes,scene-1094_007,lateral,-0.050000000,m,13,Car,24.048308136,"middle [10,30)",2,0.000000000,62,62,100.000000000,100.000000000
nuscenes,scene-1094_007,lateral,-0.020000000,m,0,Car,17.603949382,"middle [10,30)",0,0.240500495,48,47,97.916666667,100.000000000
nuscenes,scene-1094_007,lateral,-0.020000000,m,4,Car,6.268369514,"near [0,10)",0,0.018973210,462,462,100.000000000,100.000000000
nuscenes,scene-1094_007,lateral,-0.020000000,m,13,Car,24.048308136,"middle [10,30)",2,0.000000000,62,62,100.000000000,100.000000000
nuscenes,scene-1094_007,lateral,0.000000000,m,0,Car,17.603949382,"middle [10,30)",0,0.240500495,48,48,100.000000000,100.000000000
nuscenes,scene-1094_007,lateral,0.000000000,m,4,Car,6.268369514,"near [0,10)",0,0.018973210,462,462,100.000000000,100.000000000
nuscenes,scene-1094_007,lateral,0.000000000,m,13,Car,24.048308136,"middle [10,30)",2,0.000000000,62,62,100.000000000,100.000000000
nuscenes,scene-1094_007,lateral,0.020000000,m,0,Car,17.603949382,"middle [10,30)",0,0.240500495,48,48,100.000000000,100.000000000
nuscenes,scene-1094_007,lateral,0.020000000,m,4,Car,6.268369514,"near [0,10)",0,0.018973210,462,462,100.000000000,100.000000000
nuscenes,scene-1094_007,lateral,0.020000000,m,13,Car,24.048308136,"middle [10,30)",2,0.000000000,62,62,100.000000000,100.000000000
nuscenes,scene-1094_007,lateral,0.050000000,m,0,Car,17.603949382,"middle [10,30)",0,0.240500495,48,48,100.000000000,100.000000000
nuscenes,scene-1094_007,lateral,0.050000000,m,4,Car,6.268369514,"near [0,10)",0,0.018973210,462,462,100.000000000,100.000000000
nuscenes,scene-1094_007,lateral,0.050000000,m,13,Car,24.048308136,"middle [10,30)",2,0.000000000,62,62,100.000000000,100.000000000
nuscenes,scene-1094_007,lateral,0.100000000,m,0,Car,17.603949382,"middle [10,30)",0,0.240500495,48,48,100.000000000,100.000000000
nuscenes,scene-1094_007,lateral,0.100000000,m,4,Car,6.268369514,"near [0,10)",0,0.018973210,462,462,100.000000000,100.000000000
nuscenes,scene-1094_007,lateral,0.100000000,m,13,Car,24.048308136,"middle [10,30)",2,0.000000000,62,62,100.000000000,100.000000000
nuscenes,scene-1094_008,yaw,-3.000000000,deg,0,Car,16.123701197,"middle [10,30)",0,0.426550816,31,26,83.870967742,100.000000000
nuscenes,scene-1094_008,yaw,-3.000000000,deg,4,Car,5.953289726,"near [0,10)",0,0.033728580,481,464,96.465696466,100.000000000
nuscenes,scene-1094_008,yaw,-3.000000000,deg,8,Car,28.508630520,"middle [10,30)",1,0.000000000,18,17,94.444444444,100.000000000
nuscenes,scene-1094_008,yaw,-3.000000000,deg,12,Car,22.798012483,"middle [10,30)",2,0.000000000,62,57,91.935483871,100.000000000
nuscenes,scene-1094_008,yaw,-3.000000000,deg,13,Pedestrian,11.928907524,"middle [10,30)",0,0.000000000,20,6,30.000000000,100.000000000
nuscenes,scene-1094_008,yaw,-2.000000000,deg,0,Car,16.123701197,"middle [10,30)",0,0.426550816,31,31,100.000000000,100.000000000
nuscenes,scene-1094_008,yaw,-2.000000000,deg,4,Car,5.953289726,"near [0,10)",0,0.033728580,481,479,99.584199584,100.000000000
nuscenes,scene-1094_008,yaw,-2.000000000,deg,8,Car,28.508630520,"middle [10,30)",1,0.000000000,18,17,94.444444444,100.000000000
nuscenes,scene-1094_008,yaw,-2.000000000,deg,12,Car,22.798012483,"middle [10,30)",2,0.000000000,62,60,96.774193548,100.000000000
nuscenes,scene-1094_008,yaw,-2.000000000,deg,13,Pedestrian,11.928907524,"middle [10,30)",0,0.000000000,20,17,85.000000000,100.000000000
nuscenes,scene-1094_008,yaw,-1.000000000,deg,0,Car,16.123701197,"middle [10,30)",0,0.426550816,31,31,100.000000000,100.000000000
nuscenes,scene-1094_008,yaw,-1.000000000,deg,4,Car,5.953289726,"near [0,10)",0,0.033728580,481,481,100.000000000,100.000000000
nuscenes,scene-1094_008,yaw,-1.000000000,deg,8,Car,28.508630520,"middle [10,30)",1,0.000000000,18,18,100.000000000,100.000000000
nuscenes,scene-1094_008,yaw,-1.000000000,deg,12,Car,22.798012483,"middle [10,30)",2,0.000000000,62,62,100.000000000,100.000000000
nuscenes,scene-1094_008,yaw,-1.000000000,deg,13,Pedestrian,11.928907524,"middle [10,30)",0,0.000000000,20,20,100.000000000,100.000000000
nuscenes,scene-1094_008,yaw,-0.500000000,deg,0,Car,16.123701197,"middle [10,30)",0,0.426550816,31,31,100.000000000,100.000000000
nuscenes,scene-1094_008,yaw,-0.500000000,deg,4,Car,5.953289726,"near [0,10)",0,0.033728580,481,481,100.000000000,100.000000000
nuscenes,scene-1094_008,yaw,-0.500000000,deg,8,Car,28.508630520,"middle [10,30)",1,0.000000000,18,18,100.000000000,100.000000000
nuscenes,scene-1094_008,yaw,-0.500000000,deg,12,Car,22.798012483,"middle [10,30)",2,0.000000000,62,62,100.000000000,100.000000000
nuscenes,scene-1094_008,yaw,-0.500000000,deg,13,Pedestrian,11.928907524,"middle [10,30)",0,0.000000000,20,20,100.000000000,100.000000000
nuscenes,scene-1094_008,yaw,0.000000000,deg,0,Car,16.123701197,"middle [10,30)",0,0.426550816,31,31,100.000000000,100.000000000
nuscenes,scene-1094_008,yaw,0.000000000,deg,4,Car,5.953289726,"near [0,10)",0,0.033728580,481,481,100.000000000,100.000000000
nuscenes,scene-1094_008,yaw,0.000000000,deg,8,Car,28.508630520,"middle [10,30)",1,0.000000000,18,18,100.000000000,100.000000000
nuscenes,scene-1094_008,yaw,0.000000000,deg,12,Car,22.798012483,"middle [10,30)",2,0.000000000,62,62,100.000000000,100.000000000
nuscenes,scene-1094_008,yaw,0.000000000,deg,13,Pedestrian,11.928907524,"middle [10,30)",0,0.000000000,20,20,100.000000000,100.000000000
nuscenes,scene-1094_008,yaw,0.500000000,deg,0,Car,16.123701197,"middle [10,30)",0,0.426550816,31,26,83.870967742,100.000000000
nuscenes,scene-1094_008,yaw,0.500000000,deg,4,Car,5.953289726,"near [0,10)",0,0.033728580,481,480,99.792099792,100.000000000
nuscenes,scene-1094_008,yaw,0.500000000,deg,8,Car,28.508630520,"middle [10,30)",1,0.000000000,18,18,100.000000000,100.000000000
nuscenes,scene-1094_008,yaw,0.500000000,deg,12,Car,22.798012483,"middle [10,30)",2,0.000000000,62,62,100.000000000,100.000000000
nuscenes,scene-1094_008,yaw,0.500000000,deg,13,Pedestrian,11.928907524,"middle [10,30)",0,0.000000000,20,20,100.000000000,100.000000000
nuscenes,scene-1094_008,yaw,1.000000000,deg,0,Car,16.123701197,"middle [10,30)",0,0.426550816,31,23,74.193548387,100.000000000
nuscenes,scene-1094_008,yaw,1.000000000,deg,4,Car,5.953289726,"near [0,10)",0,0.033728580,481,474,98.544698545,100.000000000
nuscenes,scene-1094_008,yaw,1.000000000,deg,8,Car,28.508630520,"middle [10,30)",1,0.000000000,18,16,88.888888889,100.000000000
nuscenes,scene-1094_008,yaw,1.000000000,deg,12,Car,22.798012483,"middle [10,30)",2,0.000000000,62,61,98.387096774,100.000000000
nuscenes,scene-1094_008,yaw,1.000000000,deg,13,Pedestrian,11.928907524,"middle [10,30)",0,0.000000000,20,20,100.000000000,100.000000000
nuscenes,scene-1094_008,yaw,2.000000000,deg,0,Car,16.123701197,"middle [10,30)",0,0.426550816,31,14,45.161290323,100.000000000
nuscenes,scene-1094_008,yaw,2.000000000,deg,4,Car,5.953289726,"near [0,10)",0,0.033728580,481,455,94.594594595,100.000000000
nuscenes,scene-1094_008,yaw,2.000000000,deg,8,Car,28.508630520,"middle [10,30)",1,0.000000000,18,11,61.111111111,100.000000000
nuscenes,scene-1094_008,yaw,2.000000000,deg,12,Car,22.798012483,"middle [10,30)",2,0.000000000,62,58,93.548387097,100.000000000
nuscenes,scene-1094_008,yaw,2.000000000,deg,13,Pedestrian,11.928907524,"middle [10,30)",0,0.000000000,20,18,90.000000000,100.000000000
nuscenes,scene-1094_008,yaw,3.000000000,deg,0,Car,16.123701197,"middle [10,30)",0,0.426550816,31,7,22.580645161,100.000000000
nuscenes,scene-1094_008,yaw,3.000000000,deg,4,Car,5.953289726,"near [0,10)",0,0.033728580,481,436,90.644490644,100.000000000
nuscenes,scene-1094_008,yaw,3.000000000,deg,8,Car,28.508630520,"middle [10,30)",1,0.000000000,18,6,33.333333333,100.000000000
nuscenes,scene-1094_008,yaw,3.000000000,deg,12,Car,22.798012483,"middle [10,30)",2,0.000000000,62,52,83.870967742,100.000000000
nuscenes,scene-1094_008,yaw,3.000000000,deg,13,Pedestrian,11.928907524,"middle [10,30)",0,0.000000000,20,8,40.000000000,100.000000000
nuscenes,scene-1094_008,lateral,-0.100000000,m,0,Car,16.123701197,"middle [10,30)",0,0.426550816,31,29,93.548387097,100.000000000
nuscenes,scene-1094_008,lateral,-0.100000000,m,4,Car,5.953289726,"near [0,10)",0,0.033728580,481,480,99.792099792,100.000000000
nuscenes,scene-1094_008,lateral,-0.100000000,m,8,Car,28.508630520,"middle [10,30)",1,0.000000000,18,18,100.000000000,100.000000000
nuscenes,scene-1094_008,lateral,-0.100000000,m,12,Car,22.798012483,"middle [10,30)",2,0.000000000,62,62,100.000000000,100.000000000
nuscenes,scene-1094_008,lateral,-0.100000000,m,13,Pedestrian,11.928907524,"middle [10,30)",0,0.000000000,20,20,100.000000000,100.000000000
nuscenes,scene-1094_008,lateral,-0.050000000,m,0,Car,16.123701197,"middle [10,30)",0,0.426550816,31,29,93.548387097,100.000000000
nuscenes,scene-1094_008,lateral,-0.050000000,m,4,Car,5.953289726,"near [0,10)",0,0.033728580,481,481,100.000000000,100.000000000
nuscenes,scene-1094_008,lateral,-0.050000000,m,8,Car,28.508630520,"middle [10,30)",1,0.000000000,18,18,100.000000000,100.000000000
nuscenes,scene-1094_008,lateral,-0.050000000,m,12,Car,22.798012483,"middle [10,30)",2,0.000000000,62,62,100.000000000,100.000000000
nuscenes,scene-1094_008,lateral,-0.050000000,m,13,Pedestrian,11.928907524,"middle [10,30)",0,0.000000000,20,20,100.000000000,100.000000000
nuscenes,scene-1094_008,lateral,-0.020000000,m,0,Car,16.123701197,"middle [10,30)",0,0.426550816,31,30,96.774193548,100.000000000
nuscenes,scene-1094_008,lateral,-0.020000000,m,4,Car,5.953289726,"near [0,10)",0,0.033728580,481,481,100.000000000,100.000000000
nuscenes,scene-1094_008,lateral,-0.020000000,m,8,Car,28.508630520,"middle [10,30)",1,0.000000000,18,18,100.000000000,100.000000000
nuscenes,scene-1094_008,lateral,-0.020000000,m,12,Car,22.798012483,"middle [10,30)",2,0.000000000,62,62,100.000000000,100.000000000
nuscenes,scene-1094_008,lateral,-0.020000000,m,13,Pedestrian,11.928907524,"middle [10,30)",0,0.000000000,20,20,100.000000000,100.000000000
nuscenes,scene-1094_008,lateral,0.000000000,m,0,Car,16.123701197,"middle [10,30)",0,0.426550816,31,31,100.000000000,100.000000000
nuscenes,scene-1094_008,lateral,0.000000000,m,4,Car,5.953289726,"near [0,10)",0,0.033728580,481,481,100.000000000,100.000000000
nuscenes,scene-1094_008,lateral,0.000000000,m,8,Car,28.508630520,"middle [10,30)",1,0.000000000,18,18,100.000000000,100.000000000
nuscenes,scene-1094_008,lateral,0.000000000,m,12,Car,22.798012483,"middle [10,30)",2,0.000000000,62,62,100.000000000,100.000000000
nuscenes,scene-1094_008,lateral,0.000000000,m,13,Pedestrian,11.928907524,"middle [10,30)",0,0.000000000,20,20,100.000000000,100.000000000
nuscenes,scene-1094_008,lateral,0.020000000,m,0,Car,16.123701197,"middle [10,30)",0,0.426550816,31,31,100.000000000,100.000000000
nuscenes,scene-1094_008,lateral,0.020000000,m,4,Car,5.953289726,"near [0,10)",0,0.033728580,481,481,100.000000000,100.000000000
nuscenes,scene-1094_008,lateral,0.020000000,m,8,Car,28.508630520,"middle [10,30)",1,0.000000000,18,18,100.000000000,100.000000000
nuscenes,scene-1094_008,lateral,0.020000000,m,12,Car,22.798012483,"middle [10,30)",2,0.000000000,62,62,100.000000000,100.000000000
nuscenes,scene-1094_008,lateral,0.020000000,m,13,Pedestrian,11.928907524,"middle [10,30)",0,0.000000000,20,20,100.000000000,100.000000000
nuscenes,scene-1094_008,lateral,0.050000000,m,0,Car,16.123701197,"middle [10,30)",0,0.426550816,31,31,100.000000000,100.000000000
nuscenes,scene-1094_008,lateral,0.050000000,m,4,Car,5.953289726,"near [0,10)",0,0.033728580,481,481,100.000000000,100.000000000
nuscenes,scene-1094_008,lateral,0.050000000,m,8,Car,28.508630520,"middle [10,30)",1,0.000000000,18,18,100.000000000,100.000000000
nuscenes,scene-1094_008,lateral,0.050000000,m,12,Car,22.798012483,"middle [10,30)",2,0.000000000,62,62,100.000000000,100.000000000
nuscenes,scene-1094_008,lateral,0.050000000,m,13,Pedestrian,11.928907524,"middle [10,30)",0,0.000000000,20,20,100.000000000,100.000000000
nuscenes,scene-1094_008,lateral,0.100000000,m,0,Car,16.123701197,"middle [10,30)",0,0.426550816,31,31,100.000000000,100.000000000
nuscenes,scene-1094_008,lateral,0.100000000,m,4,Car,5.953289726,"near [0,10)",0,0.033728580,481,481,100.000000000,100.000000000
nuscenes,scene-1094_008,lateral,0.100000000,m,8,Car,28.508630520,"middle [10,30)",1,0.000000000,18,18,100.000000000,100.000000000
nuscenes,scene-1094_008,lateral,0.100000000,m,12,Car,22.798012483,"middle [10,30)",2,0.000000000,62,62,100.000000000,100.000000000
nuscenes,scene-1094_008,lateral,0.100000000,m,13,Pedestrian,11.928907524,"middle [10,30)",0,0.000000000,20,20,100.000000000,100.000000000
nuscenes,scene-1094_009,yaw,-3.000000000,deg,4,Car,5.699225138,"near [0,10)",0,0.401763713,300,262,87.333333333,100.000000000
nuscenes,scene-1094_009,yaw,-3.000000000,deg,9,Car,27.336615245,"middle [10,30)",1,0.000000000,11,11,100.000000000,100.000000000
nuscenes,scene-1094_009,yaw,-3.000000000,deg,13,Car,21.673218751,"middle [10,30)",2,0.000000000,84,71,84.523809524,100.000000000
nuscenes,scene-1094_009,yaw,-3.000000000,deg,14,Pedestrian,11.046439651,"middle [10,30)",0,0.000000000,26,17,65.384615385,100.000000000
nuscenes,scene-1094_009,yaw,-2.000000000,deg,4,Car,5.699225138,"near [0,10)",0,0.401763713,300,282,94.000000000,100.000000000
nuscenes,scene-1094_009,yaw,-2.000000000,deg,9,Car,27.336615245,"middle [10,30)",1,0.000000000,11,11,100.000000000,100.000000000
nuscenes,scene-1094_009,yaw,-2.000000000,deg,13,Car,21.673218751,"middle [10,30)",2,0.000000000,84,76,90.476190476,100.000000000
nuscenes,scene-1094_009,yaw,-2.000000000,deg,14,Pedestrian,11.046439651,"middle [10,30)",0,0.000000000,26,23,88.461538462,100.000000000
nuscenes,scene-1094_009,yaw,-1.000000000,deg,4,Car,5.699225138,"near [0,10)",0,0.401763713,300,298,99.333333333,100.000000000
nuscenes,scene-1094_009,yaw,-1.000000000,deg,9,Car,27.336615245,"middle [10,30)",1,0.000000000,11,11,100.000000000,100.000000000
nuscenes,scene-1094_009,yaw,-1.000000000,deg,13,Car,21.673218751,"middle [10,30)",2,0.000000000,84,82,97.619047619,100.000000000
nuscenes,scene-1094_009,yaw,-1.000000000,deg,14,Pedestrian,11.046439651,"middle [10,30)",0,0.000000000,26,25,96.153846154,100.000000000
nuscenes,scene-1094_009,yaw,-0.500000000,deg,4,Car,5.699225138,"near [0,10)",0,0.401763713,300,300,100.000000000,100.000000000
nuscenes,scene-1094_009,yaw,-0.500000000,deg,9,Car,27.336615245,"middle [10,30)",1,0.000000000,11,11,100.000000000,100.000000000
nuscenes,scene-1094_009,yaw,-0.500000000,deg,13,Car,21.673218751,"middle [10,30)",2,0.000000000,84,84,100.000000000,100.000000000
nuscenes,scene-1094_009,yaw,-0.500000000,deg,14,Pedestrian,11.046439651,"middle [10,30)",0,0.000000000,26,26,100.000000000,100.000000000
nuscenes,scene-1094_009,yaw,0.000000000,deg,4,Car,5.699225138,"near [0,10)",0,0.401763713,300,300,100.000000000,100.000000000
nuscenes,scene-1094_009,yaw,0.000000000,deg,9,Car,27.336615245,"middle [10,30)",1,0.000000000,11,11,100.000000000,100.000000000
nuscenes,scene-1094_009,yaw,0.000000000,deg,13,Car,21.673218751,"middle [10,30)",2,0.000000000,84,84,100.000000000,100.000000000
nuscenes,scene-1094_009,yaw,0.000000000,deg,14,Pedestrian,11.046439651,"middle [10,30)",0,0.000000000,26,26,100.000000000,100.000000000
nuscenes,scene-1094_009,yaw,0.500000000,deg,4,Car,5.699225138,"near [0,10)",0,0.401763713,300,288,96.000000000,100.000000000
nuscenes,scene-1094_009,yaw,0.500000000,deg,9,Car,27.336615245,"middle [10,30)",1,0.000000000,11,11,100.000000000,100.000000000
nuscenes,scene-1094_009,yaw,0.500000000,deg,13,Car,21.673218751,"middle [10,30)",2,0.000000000,84,84,100.000000000,100.000000000
nuscenes,scene-1094_009,yaw,0.500000000,deg,14,Pedestrian,11.046439651,"middle [10,30)",0,0.000000000,26,26,100.000000000,100.000000000
nuscenes,scene-1094_009,yaw,1.000000000,deg,4,Car,5.699225138,"near [0,10)",0,0.401763713,300,279,93.000000000,100.000000000
nuscenes,scene-1094_009,yaw,1.000000000,deg,9,Car,27.336615245,"middle [10,30)",1,0.000000000,11,10,90.909090909,100.000000000
nuscenes,scene-1094_009,yaw,1.000000000,deg,13,Car,21.673218751,"middle [10,30)",2,0.000000000,84,83,98.809523810,100.000000000
nuscenes,scene-1094_009,yaw,1.000000000,deg,14,Pedestrian,11.046439651,"middle [10,30)",0,0.000000000,26,26,100.000000000,100.000000000
nuscenes,scene-1094_009,yaw,2.000000000,deg,4,Car,5.699225138,"near [0,10)",0,0.401763713,300,248,82.666666667,100.000000000
nuscenes,scene-1094_009,yaw,2.000000000,deg,9,Car,27.336615245,"middle [10,30)",1,0.000000000,11,7,63.636363636,100.000000000
nuscenes,scene-1094_009,yaw,2.000000000,deg,13,Car,21.673218751,"middle [10,30)",2,0.000000000,84,77,91.666666667,100.000000000
nuscenes,scene-1094_009,yaw,2.000000000,deg,14,Pedestrian,11.046439651,"middle [10,30)",0,0.000000000,26,24,92.307692308,100.000000000
nuscenes,scene-1094_009,yaw,3.000000000,deg,4,Car,5.699225138,"near [0,10)",0,0.401763713,300,217,72.333333333,100.000000000
nuscenes,scene-1094_009,yaw,3.000000000,deg,9,Car,27.336615245,"middle [10,30)",1,0.000000000,11,4,36.363636364,100.000000000
nuscenes,scene-1094_009,yaw,3.000000000,deg,13,Car,21.673218751,"middle [10,30)",2,0.000000000,84,71,84.523809524,100.000000000
nuscenes,scene-1094_009,yaw,3.000000000,deg,14,Pedestrian,11.046439651,"middle [10,30)",0,0.000000000,26,10,38.461538462,100.000000000
nuscenes,scene-1094_009,lateral,-0.100000000,m,4,Car,5.699225138,"near [0,10)",0,0.401763713,300,288,96.000000000,100.000000000
nuscenes,scene-1094_009,lateral,-0.100000000,m,9,Car,27.336615245,"middle [10,30)",1,0.000000000,11,11,100.000000000,100.000000000
nuscenes,scene-1094_009,lateral,-0.100000000,m,13,Car,21.673218751,"middle [10,30)",2,0.000000000,84,84,100.000000000,100.000000000
nuscenes,scene-1094_009,lateral,-0.100000000,m,14,Pedestrian,11.046439651,"middle [10,30)",0,0.000000000,26,26,100.000000000,100.000000000
nuscenes,scene-1094_009,lateral,-0.050000000,m,4,Car,5.699225138,"near [0,10)",0,0.401763713,300,291,97.000000000,100.000000000
nuscenes,scene-1094_009,lateral,-0.050000000,m,9,Car,27.336615245,"middle [10,30)",1,0.000000000,11,11,100.000000000,100.000000000
nuscenes,scene-1094_009,lateral,-0.050000000,m,13,Car,21.673218751,"middle [10,30)",2,0.000000000,84,84,100.000000000,100.000000000
nuscenes,scene-1094_009,lateral,-0.050000000,m,14,Pedestrian,11.046439651,"middle [10,30)",0,0.000000000,26,26,100.000000000,100.000000000
nuscenes,scene-1094_009,lateral,-0.020000000,m,4,Car,5.699225138,"near [0,10)",0,0.401763713,300,294,98.000000000,100.000000000
nuscenes,scene-1094_009,lateral,-0.020000000,m,9,Car,27.336615245,"middle [10,30)",1,0.000000000,11,11,100.000000000,100.000000000
nuscenes,scene-1094_009,lateral,-0.020000000,m,13,Car,21.673218751,"middle [10,30)",2,0.000000000,84,84,100.000000000,100.000000000
nuscenes,scene-1094_009,lateral,-0.020000000,m,14,Pedestrian,11.046439651,"middle [10,30)",0,0.000000000,26,26,100.000000000,100.000000000
nuscenes,scene-1094_009,lateral,0.000000000,m,4,Car,5.699225138,"near [0,10)",0,0.401763713,300,300,100.000000000,100.000000000
nuscenes,scene-1094_009,lateral,0.000000000,m,9,Car,27.336615245,"middle [10,30)",1,0.000000000,11,11,100.000000000,100.000000000
nuscenes,scene-1094_009,lateral,0.000000000,m,13,Car,21.673218751,"middle [10,30)",2,0.000000000,84,84,100.000000000,100.000000000
nuscenes,scene-1094_009,lateral,0.000000000,m,14,Pedestrian,11.046439651,"middle [10,30)",0,0.000000000,26,26,100.000000000,100.000000000
nuscenes,scene-1094_009,lateral,0.020000000,m,4,Car,5.699225138,"near [0,10)",0,0.401763713,300,300,100.000000000,100.000000000
nuscenes,scene-1094_009,lateral,0.020000000,m,9,Car,27.336615245,"middle [10,30)",1,0.000000000,11,11,100.000000000,100.000000000
nuscenes,scene-1094_009,lateral,0.020000000,m,13,Car,21.673218751,"middle [10,30)",2,0.000000000,84,84,100.000000000,100.000000000
nuscenes,scene-1094_009,lateral,0.020000000,m,14,Pedestrian,11.046439651,"middle [10,30)",0,0.000000000,26,26,100.000000000,100.000000000
nuscenes,scene-1094_009,lateral,0.050000000,m,4,Car,5.699225138,"near [0,10)",0,0.401763713,300,300,100.000000000,100.000000000
nuscenes,scene-1094_009,lateral,0.050000000,m,9,Car,27.336615245,"middle [10,30)",1,0.000000000,11,11,100.000000000,100.000000000
nuscenes,scene-1094_009,lateral,0.050000000,m,13,Car,21.673218751,"middle [10,30)",2,0.000000000,84,84,100.000000000,100.000000000
nuscenes,scene-1094_009,lateral,0.050000000,m,14,Pedestrian,11.046439651,"middle [10,30)",0,0.000000000,26,26,100.000000000,100.000000000
nuscenes,scene-1094_009,lateral,0.100000000,m,4,Car,5.699225138,"near [0,10)",0,0.401763713,300,300,100.000000000,100.000000000
nuscenes,scene-1094_009,lateral,0.100000000,m,9,Car,27.336615245,"middle [10,30)",1,0.000000000,11,11,100.000000000,100.000000000
nuscenes,scene-1094_009,lateral,0.100000000,m,13,Car,21.673218751,"middle [10,30)",2,0.000000000,84,84,100.000000000,100.000000000
nuscenes,scene-1094_009,lateral,0.100000000,m,14,Pedestrian,11.046439651,"middle [10,30)",0,0.000000000,26,26,100.000000000,100.000000000
nuscenes,scene-1094_010,yaw,-3.000000000,deg,4,Car,6.101349710,"near [0,10)",0,0.711070155,114,87,76.315789474,100.000000000
nuscenes,scene-1094_010,yaw,-3.000000000,deg,8,Car,26.036336639,"middle [10,30)",0,0.000000000,24,22,91.666666667,100.000000000
nuscenes,scene-1094_010,yaw,-3.000000000,deg,9,Pedestrian,17.836089779,"middle [10,30)",0,0.000000000,11,0,0.000000000,100.000000000
nuscenes,scene-1094_010,yaw,-3.000000000,deg,10,Car,18.146952958,"middle [10,30)",2,0.094680105,32,22,68.750000000,100.000000000
nuscenes,scene-1094_010,yaw,-3.000000000,deg,11,Car,20.538699000,"middle [10,30)",0,0.000000000,115,102,88.695652174,100.000000000
nuscenes,scene-1094_010,yaw,-3.000000000,deg,12,Pedestrian,10.221486951,"middle [10,30)",0,0.000000000,36,25,69.444444444,100.000000000
nuscenes,scene-1094_010,yaw,-2.000000000,deg,4,Car,6.101349710,"near [0,10)",0,0.711070155,114,104,91.228070175,100.000000000
nuscenes,scene-1094_010,yaw,-2.000000000,deg,8,Car,26.036336639,"middle [10,30)",0,0.000000000,24,24,100.000000000,100.000000000
nuscenes,scene-1094_010,yaw,-2.000000000,deg,9,Pedestrian,17.836089779,"middle [10,30)",0,0.000000000,11,0,0.000000000,100.000000000
nuscenes,scene-1094_010,yaw,-2.000000000,deg,10,Car,18.146952958,"middle [10,30)",2,0.094680105,32,27,84.375000000,100.000000000
nuscenes,scene-1094_010,yaw,-2.000000000,deg,11,Car,20.538699000,"middle [10,30)",0,0.000000000,115,106,92.173913043,100.000000000
nuscenes,scene-1094_010,yaw,-2.000000000,deg,12,Pedestrian,10.221486951,"middle [10,30)",0,0.000000000,36,31,86.111111111,100.000000000
nuscenes,scene-1094_010,yaw,-1.000000000,deg,4,Car,6.101349710,"near [0,10)",0,0.711070155,114,112,98.245614035,100.000000000
nuscenes,scene-1094_010,yaw,-1.000000000,deg,8,Car,26.036336639,"middle [10,30)",0,0.000000000,24,24,100.000000000,100.000000000
nuscenes,scene-1094_010,yaw,-1.000000000,deg,9,Pedestrian,17.836089779,"middle [10,30)",0,0.000000000,11,7,63.636363636,100.000000000
nuscenes,scene-1094_010,yaw,-1.000000000,deg,10,Car,18.146952958,"middle [10,30)",2,0.094680105,32,30,93.750000000,100.000000000
nuscenes,scene-1094_010,yaw,-1.000000000,deg,11,Car,20.538699000,"middle [10,30)",0,0.000000000,115,111,96.521739130,100.000000000
nuscenes,scene-1094_010,yaw,-1.000000000,deg,12,Pedestrian,10.221486951,"middle [10,30)",0,0.000000000,36,36,100.000000000,100.000000000
nuscenes,scene-1094_010,yaw,-0.500000000,deg,4,Car,6.101349710,"near [0,10)",0,0.711070155,114,113,99.122807018,100.000000000
nuscenes,scene-1094_010,yaw,-0.500000000,deg,8,Car,26.036336639,"middle [10,30)",0,0.000000000,24,24,100.000000000,100.000000000
nuscenes,scene-1094_010,yaw,-0.500000000,deg,9,Pedestrian,17.836089779,"middle [10,30)",0,0.000000000,11,10,90.909090909,100.000000000
nuscenes,scene-1094_010,yaw,-0.500000000,deg,10,Car,18.146952958,"middle [10,30)",2,0.094680105,32,32,100.000000000,100.000000000
nuscenes,scene-1094_010,yaw,-0.500000000,deg,11,Car,20.538699000,"middle [10,30)",0,0.000000000,115,113,98.260869565,100.000000000
nuscenes,scene-1094_010,yaw,-0.500000000,deg,12,Pedestrian,10.221486951,"middle [10,30)",0,0.000000000,36,36,100.000000000,100.000000000
nuscenes,scene-1094_010,yaw,0.000000000,deg,4,Car,6.101349710,"near [0,10)",0,0.711070155,114,114,100.000000000,100.000000000
nuscenes,scene-1094_010,yaw,0.000000000,deg,8,Car,26.036336639,"middle [10,30)",0,0.000000000,24,24,100.000000000,100.000000000
nuscenes,scene-1094_010,yaw,0.000000000,deg,9,Pedestrian,17.836089779,"middle [10,30)",0,0.000000000,11,11,100.000000000,100.000000000
nuscenes,scene-1094_010,yaw,0.000000000,deg,10,Car,18.146952958,"middle [10,30)",2,0.094680105,32,32,100.000000000,100.000000000
nuscenes,scene-1094_010,yaw,0.000000000,deg,11,Car,20.538699000,"middle [10,30)",0,0.000000000,115,115,100.000000000,100.000000000
nuscenes,scene-1094_010,yaw,0.000000000,deg,12,Pedestrian,10.221486951,"middle [10,30)",0,0.000000000,36,36,100.000000000,100.000000000
nuscenes,scene-1094_010,yaw,0.500000000,deg,4,Car,6.101349710,"near [0,10)",0,0.711070155,114,102,89.473684211,100.000000000
nuscenes,scene-1094_010,yaw,0.500000000,deg,8,Car,26.036336639,"middle [10,30)",0,0.000000000,24,24,100.000000000,100.000000000
nuscenes,scene-1094_010,yaw,0.500000000,deg,9,Pedestrian,17.836089779,"middle [10,30)",0,0.000000000,11,11,100.000000000,100.000000000
nuscenes,scene-1094_010,yaw,0.500000000,deg,10,Car,18.146952958,"middle [10,30)",2,0.094680105,32,32,100.000000000,100.000000000
nuscenes,scene-1094_010,yaw,0.500000000,deg,11,Car,20.538699000,"middle [10,30)",0,0.000000000,115,115,100.000000000,100.000000000
nuscenes,scene-1094_010,yaw,0.500000000,deg,12,Pedestrian,10.221486951,"middle [10,30)",0,0.000000000,36,36,100.000000000,100.000000000
nuscenes,scene-1094_010,yaw,1.000000000,deg,4,Car,6.101349710,"near [0,10)",0,0.711070155,114,90,78.947368421,100.000000000
nuscenes,scene-1094_010,yaw,1.000000000,deg,8,Car,26.036336639,"middle [10,30)",0,0.000000000,24,24,100.000000000,100.000000000
nuscenes,scene-1094_010,yaw,1.000000000,deg,9,Pedestrian,17.836089779,"middle [10,30)",0,0.000000000,11,11,100.000000000,100.000000000
nuscenes,scene-1094_010,yaw,1.000000000,deg,10,Car,18.146952958,"middle [10,30)",2,0.094680105,32,32,100.000000000,100.000000000
nuscenes,scene-1094_010,yaw,1.000000000,deg,11,Car,20.538699000,"middle [10,30)",0,0.000000000,115,115,100.000000000,100.000000000
nuscenes,scene-1094_010,yaw,1.000000000,deg,12,Pedestrian,10.221486951,"middle [10,30)",0,0.000000000,36,36,100.000000000,100.000000000
nuscenes,scene-1094_010,yaw,2.000000000,deg,4,Car,6.101349710,"near [0,10)",0,0.711070155,114,66,57.894736842,100.000000000
nuscenes,scene-1094_010,yaw,2.000000000,deg,8,Car,26.036336639,"middle [10,30)",0,0.000000000,24,22,91.666666667,100.000000000
nuscenes,scene-1094_010,yaw,2.000000000,deg,9,Pedestrian,17.836089779,"middle [10,30)",0,0.000000000,11,4,36.363636364,100.000000000
nuscenes,scene-1094_010,yaw,2.000000000,deg,10,Car,18.146952958,"middle [10,30)",2,0.094680105,32,32,100.000000000,100.000000000
nuscenes,scene-1094_010,yaw,2.000000000,deg,11,Car,20.538699000,"middle [10,30)",0,0.000000000,115,110,95.652173913,100.000000000
nuscenes,scene-1094_010,yaw,2.000000000,deg,12,Pedestrian,10.221486951,"middle [10,30)",0,0.000000000,36,33,91.666666667,100.000000000
nuscenes,scene-1094_010,yaw,3.000000000,deg,4,Car,6.101349710,"near [0,10)",0,0.711070155,114,43,37.719298246,100.000000000
nuscenes,scene-1094_010,yaw,3.000000000,deg,8,Car,26.036336639,"middle [10,30)",0,0.000000000,24,16,66.666666667,100.000000000
nuscenes,scene-1094_010,yaw,3.000000000,deg,9,Pedestrian,17.836089779,"middle [10,30)",0,0.000000000,11,0,0.000000000,100.000000000
nuscenes,scene-1094_010,yaw,3.000000000,deg,10,Car,18.146952958,"middle [10,30)",2,0.094680105,32,32,100.000000000,100.000000000
nuscenes,scene-1094_010,yaw,3.000000000,deg,11,Car,20.538699000,"middle [10,30)",0,0.000000000,115,105,91.304347826,100.000000000
nuscenes,scene-1094_010,yaw,3.000000000,deg,12,Pedestrian,10.221486951,"middle [10,30)",0,0.000000000,36,19,52.777777778,100.000000000
nuscenes,scene-1094_010,lateral,-0.100000000,m,4,Car,6.101349710,"near [0,10)",0,0.711070155,114,99,86.842105263,100.000000000
nuscenes,scene-1094_010,lateral,-0.100000000,m,8,Car,26.036336639,"middle [10,30)",0,0.000000000,24,24,100.000000000,100.000000000
nuscenes,scene-1094_010,lateral,-0.100000000,m,9,Pedestrian,17.836089779,"middle [10,30)",0,0.000000000,11,11,100.000000000,100.000000000
nuscenes,scene-1094_010,lateral,-0.100000000,m,10,Car,18.146952958,"middle [10,30)",2,0.094680105,32,32,100.000000000,100.000000000
nuscenes,scene-1094_010,lateral,-0.100000000,m,11,Car,20.538699000,"middle [10,30)",0,0.000000000,115,115,100.000000000,100.000000000
nuscenes,scene-1094_010,lateral,-0.100000000,m,12,Pedestrian,10.221486951,"middle [10,30)",0,0.000000000,36,36,100.000000000,100.000000000
nuscenes,scene-1094_010,lateral,-0.050000000,m,4,Car,6.101349710,"near [0,10)",0,0.711070155,114,107,93.859649123,100.000000000
nuscenes,scene-1094_010,lateral,-0.050000000,m,8,Car,26.036336639,"middle [10,30)",0,0.000000000,24,24,100.000000000,100.000000000
nuscenes,scene-1094_010,lateral,-0.050000000,m,9,Pedestrian,17.836089779,"middle [10,30)",0,0.000000000,11,11,100.000000000,100.000000000
nuscenes,scene-1094_010,lateral,-0.050000000,m,10,Car,18.146952958,"middle [10,30)",2,0.094680105,32,32,100.000000000,100.000000000
nuscenes,scene-1094_010,lateral,-0.050000000,m,11,Car,20.538699000,"middle [10,30)",0,0.000000000,115,115,100.000000000,100.000000000
nuscenes,scene-1094_010,lateral,-0.050000000,m,12,Pedestrian,10.221486951,"middle [10,30)",0,0.000000000,36,36,100.000000000,100.000000000
nuscenes,scene-1094_010,lateral,-0.020000000,m,4,Car,6.101349710,"near [0,10)",0,0.711070155,114,110,96.491228070,100.000000000
nuscenes,scene-1094_010,lateral,-0.020000000,m,8,Car,26.036336639,"middle [10,30)",0,0.000000000,24,24,100.000000000,100.000000000
nuscenes,scene-1094_010,lateral,-0.020000000,m,9,Pedestrian,17.836089779,"middle [10,30)",0,0.000000000,11,11,100.000000000,100.000000000
nuscenes,scene-1094_010,lateral,-0.020000000,m,10,Car,18.146952958,"middle [10,30)",2,0.094680105,32,32,100.000000000,100.000000000
nuscenes,scene-1094_010,lateral,-0.020000000,m,11,Car,20.538699000,"middle [10,30)",0,0.000000000,115,115,100.000000000,100.000000000
nuscenes,scene-1094_010,lateral,-0.020000000,m,12,Pedestrian,10.221486951,"middle [10,30)",0,0.000000000,36,36,100.000000000,100.000000000
nuscenes,scene-1094_010,lateral,0.000000000,m,4,Car,6.101349710,"near [0,10)",0,0.711070155,114,114,100.000000000,100.000000000
nuscenes,scene-1094_010,lateral,0.000000000,m,8,Car,26.036336639,"middle [10,30)",0,0.000000000,24,24,100.000000000,100.000000000
nuscenes,scene-1094_010,lateral,0.000000000,m,9,Pedestrian,17.836089779,"middle [10,30)",0,0.000000000,11,11,100.000000000,100.000000000
nuscenes,scene-1094_010,lateral,0.000000000,m,10,Car,18.146952958,"middle [10,30)",2,0.094680105,32,32,100.000000000,100.000000000
nuscenes,scene-1094_010,lateral,0.000000000,m,11,Car,20.538699000,"middle [10,30)",0,0.000000000,115,115,100.000000000,100.000000000
nuscenes,scene-1094_010,lateral,0.000000000,m,12,Pedestrian,10.221486951,"middle [10,30)",0,0.000000000,36,36,100.000000000,100.000000000
nuscenes,scene-1094_010,lateral,0.020000000,m,4,Car,6.101349710,"near [0,10)",0,0.711070155,114,114,100.000000000,100.000000000
nuscenes,scene-1094_010,lateral,0.020000000,m,8,Car,26.036336639,"middle [10,30)",0,0.000000000,24,24,100.000000000,100.000000000
nuscenes,scene-1094_010,lateral,0.020000000,m,9,Pedestrian,17.836089779,"middle [10,30)",0,0.000000000,11,11,100.000000000,100.000000000
nuscenes,scene-1094_010,lateral,0.020000000,m,10,Car,18.146952958,"middle [10,30)",2,0.094680105,32,32,100.000000000,100.000000000
nuscenes,scene-1094_010,lateral,0.020000000,m,11,Car,20.538699000,"middle [10,30)",0,0.000000000,115,115,100.000000000,100.000000000
nuscenes,scene-1094_010,lateral,0.020000000,m,12,Pedestrian,10.221486951,"middle [10,30)",0,0.000000000,36,36,100.000000000,100.000000000
nuscenes,scene-1094_010,lateral,0.050000000,m,4,Car,6.101349710,"near [0,10)",0,0.711070155,114,114,100.000000000,100.000000000
nuscenes,scene-1094_010,lateral,0.050000000,m,8,Car,26.036336639,"middle [10,30)",0,0.000000000,24,24,100.000000000,100.000000000
nuscenes,scene-1094_010,lateral,0.050000000,m,9,Pedestrian,17.836089779,"middle [10,30)",0,0.000000000,11,11,100.000000000,100.000000000
nuscenes,scene-1094_010,lateral,0.050000000,m,10,Car,18.146952958,"middle [10,30)",2,0.094680105,32,32,100.000000000,100.000000000
nuscenes,scene-1094_010,lateral,0.050000000,m,11,Car,20.538699000,"middle [10,30)",0,0.000000000,115,115,100.000000000,100.000000000
nuscenes,scene-1094_010,lateral,0.050000000,m,12,Pedestrian,10.221486951,"middle [10,30)",0,0.000000000,36,36,100.000000000,100.000000000
nuscenes,scene-1094_010,lateral,0.100000000,m,4,Car,6.101349710,"near [0,10)",0,0.711070155,114,113,99.122807018,100.000000000
nuscenes,scene-1094_010,lateral,0.100000000,m,8,Car,26.036336639,"middle [10,30)",0,0.000000000,24,24,100.000000000,100.000000000
nuscenes,scene-1094_010,lateral,0.100000000,m,9,Pedestrian,17.836089779,"middle [10,30)",0,0.000000000,11,11,100.000000000,100.000000000
nuscenes,scene-1094_010,lateral,0.100000000,m,10,Car,18.146952958,"middle [10,30)",2,0.094680105,32,32,100.000000000,100.000000000
nuscenes,scene-1094_010,lateral,0.100000000,m,11,Car,20.538699000,"middle [10,30)",0,0.000000000,115,115,100.000000000,100.000000000
nuscenes,scene-1094_010,lateral,0.100000000,m,12,Pedestrian,10.221486951,"middle [10,30)",0,0.000000000,36,36,100.000000000,100.000000000
nuscenes,scene-1094_011,yaw,-3.000000000,deg,0,Car,13.899370600,"middle [10,30)",0,0.086102079,88,73,82.954545455,100.000000000
nuscenes,scene-1094_011,yaw,-3.000000000,deg,9,Car,24.803031659,"middle [10,30)",0,0.000000000,33,31,93.939393939,100.000000000
nuscenes,scene-1094_011,yaw,-3.000000000,deg,10,Car,17.556456386,"middle [10,30)",2,0.000000000,25,22,88.000000000,100.000000000
nuscenes,scene-1094_011,yaw,-3.000000000,deg,11,Car,19.939424455,"middle [10,30)",0,0.000000000,121,109,90.082644628,100.000000000
nuscenes,scene-1094_011,yaw,-3.000000000,deg,12,Pedestrian,9.321212332,"near [0,10)",0,0.000000000,40,36,90.000000000,100.000000000
nuscenes,scene-1094_011,yaw,-2.000000000,deg,0,Car,13.899370600,"middle [10,30)",0,0.086102079,88,83,94.318181818,100.000000000
nuscenes,scene-1094_011,yaw,-2.000000000,deg,9,Car,24.803031659,"middle [10,30)",0,0.000000000,33,33,100.000000000,100.000000000
nuscenes,scene-1094_011,yaw,-2.000000000,deg,10,Car,17.556456386,"middle [10,30)",2,0.000000000,25,23,92.000000000,100.000000000
nuscenes,scene-1094_011,yaw,-2.000000000,deg,11,Car,19.939424455,"middle [10,30)",0,0.000000000,121,115,95.041322314,100.000000000
nuscenes,scene-1094_011,yaw,-2.000000000,deg,12,Pedestrian,9.321212332,"near [0,10)",0,0.000000000,40,39,97.500000000,100.000000000
nuscenes,scene-1094_011,yaw,-1.000000000,deg,0,Car,13.899370600,"middle [10,30)",0,0.086102079,88,88,100.000000000,100.000000000
nuscenes,scene-1094_011,yaw,-1.000000000,deg,9,Car,24.803031659,"middle [10,30)",0,0.000000000,33,33,100.000000000,100.000000000
nuscenes,scene-1094_011,yaw,-1.000000000,deg,10,Car,17.556456386,"middle [10,30)",2,0.000000000,25,25,100.000000000,100.000000000
nuscenes,scene-1094_011,yaw,-1.000000000,deg,11,Car,19.939424455,"middle [10,30)",0,0.000000000,121,121,100.000000000,100.000000000
nuscenes,scene-1094_011,yaw,-1.000000000,deg,12,Pedestrian,9.321212332,"near [0,10)",0,0.000000000,40,40,100.000000000,100.000000000
nuscenes,scene-1094_011,yaw,-0.500000000,deg,0,Car,13.899370600,"middle [10,30)",0,0.086102079,88,88,100.000000000,100.000000000
nuscenes,scene-1094_011,yaw,-0.500000000,deg,9,Car,24.803031659,"middle [10,30)",0,0.000000000,33,33,100.000000000,100.000000000
nuscenes,scene-1094_011,yaw,-0.500000000,deg,10,Car,17.556456386,"middle [10,30)",2,0.000000000,25,25,100.000000000,100.000000000
nuscenes,scene-1094_011,yaw,-0.500000000,deg,11,Car,19.939424455,"middle [10,30)",0,0.000000000,121,121,100.000000000,100.000000000
nuscenes,scene-1094_011,yaw,-0.500000000,deg,12,Pedestrian,9.321212332,"near [0,10)",0,0.000000000,40,40,100.000000000,100.000000000
nuscenes,scene-1094_011,yaw,0.000000000,deg,0,Car,13.899370600,"middle [10,30)",0,0.086102079,88,88,100.000000000,100.000000000
nuscenes,scene-1094_011,yaw,0.000000000,deg,9,Car,24.803031659,"middle [10,30)",0,0.000000000,33,33,100.000000000,100.000000000
nuscenes,scene-1094_011,yaw,0.000000000,deg,10,Car,17.556456386,"middle [10,30)",2,0.000000000,25,25,100.000000000,100.000000000
nuscenes,scene-1094_011,yaw,0.000000000,deg,11,Car,19.939424455,"middle [10,30)",0,0.000000000,121,121,100.000000000,100.000000000
nuscenes,scene-1094_011,yaw,0.000000000,deg,12,Pedestrian,9.321212332,"near [0,10)",0,0.000000000,40,40,100.000000000,100.000000000
nuscenes,scene-1094_011,yaw,0.500000000,deg,0,Car,13.899370600,"middle [10,30)",0,0.086102079,88,84,95.454545455,100.000000000
nuscenes,scene-1094_011,yaw,0.500000000,deg,9,Car,24.803031659,"middle [10,30)",0,0.000000000,33,33,100.000000000,100.000000000
nuscenes,scene-1094_011,yaw,0.500000000,deg,10,Car,17.556456386,"middle [10,30)",2,0.000000000,25,25,100.000000000,100.000000000
nuscenes,scene-1094_011,yaw,0.500000000,deg,11,Car,19.939424455,"middle [10,30)",0,0.000000000,121,121,100.000000000,100.000000000
nuscenes,scene-1094_011,yaw,0.500000000,deg,12,Pedestrian,9.321212332,"near [0,10)",0,0.000000000,40,40,100.000000000,100.000000000
nuscenes,scene-1094_011,yaw,1.000000000,deg,0,Car,13.899370600,"middle [10,30)",0,0.086102079,88,79,89.772727273,100.000000000
nuscenes,scene-1094_011,yaw,1.000000000,deg,9,Car,24.803031659,"middle [10,30)",0,0.000000000,33,33,100.000000000,100.000000000
nuscenes,scene-1094_011,yaw,1.000000000,deg,10,Car,17.556456386,"middle [10,30)",2,0.000000000,25,25,100.000000000,100.000000000
nuscenes,scene-1094_011,yaw,1.000000000,deg,11,Car,19.939424455,"middle [10,30)",0,0.000000000,121,119,98.347107438,100.000000000
nuscenes,scene-1094_011,yaw,1.000000000,deg,12,Pedestrian,9.321212332,"near [0,10)",0,0.000000000,40,39,97.500000000,100.000000000
nuscenes,scene-1094_011,yaw,2.000000000,deg,0,Car,13.899370600,"middle [10,30)",0,0.086102079,88,68,77.272727273,100.000000000
nuscenes,scene-1094_011,yaw,2.000000000,deg,9,Car,24.803031659,"middle [10,30)",0,0.000000000,33,29,87.878787879,100.000000000
nuscenes,scene-1094_011,yaw,2.000000000,deg,10,Car,17.556456386,"middle [10,30)",2,0.000000000,25,25,100.000000000,100.000000000
nuscenes,scene-1094_011,yaw,2.000000000,deg,11,Car,19.939424455,"middle [10,30)",0,0.000000000,121,114,94.214876033,100.000000000
nuscenes,scene-1094_011,yaw,2.000000000,deg,12,Pedestrian,9.321212332,"near [0,10)",0,0.000000000,40,32,80.000000000,100.000000000
nuscenes,scene-1094_011,yaw,3.000000000,deg,0,Car,13.899370600,"middle [10,30)",0,0.086102079,88,61,69.318181818,100.000000000
nuscenes,scene-1094_011,yaw,3.000000000,deg,9,Car,24.803031659,"middle [10,30)",0,0.000000000,33,24,72.727272727,100.000000000
nuscenes,scene-1094_011,yaw,3.000000000,deg,10,Car,17.556456386,"middle [10,30)",2,0.000000000,25,25,100.000000000,100.000000000
nuscenes,scene-1094_011,yaw,3.000000000,deg,11,Car,19.939424455,"middle [10,30)",0,0.000000000,121,108,89.256198347,100.000000000
nuscenes,scene-1094_011,yaw,3.000000000,deg,12,Pedestrian,9.321212332,"near [0,10)",0,0.000000000,40,15,37.500000000,100.000000000
nuscenes,scene-1094_011,lateral,-0.100000000,m,0,Car,13.899370600,"middle [10,30)",0,0.086102079,88,86,97.727272727,100.000000000
nuscenes,scene-1094_011,lateral,-0.100000000,m,9,Car,24.803031659,"middle [10,30)",0,0.000000000,33,33,100.000000000,100.000000000
nuscenes,scene-1094_011,lateral,-0.100000000,m,10,Car,17.556456386,"middle [10,30)",2,0.000000000,25,25,100.000000000,100.000000000
nuscenes,scene-1094_011,lateral,-0.100000000,m,11,Car,19.939424455,"middle [10,30)",0,0.000000000,121,121,100.000000000,100.000000000
nuscenes,scene-1094_011,lateral,-0.100000000,m,12,Pedestrian,9.321212332,"near [0,10)",0,0.000000000,40,40,100.000000000,100.000000000
nuscenes,scene-1094_011,lateral,-0.050000000,m,0,Car,13.899370600,"middle [10,30)",0,0.086102079,88,86,97.727272727,100.000000000
nuscenes,scene-1094_011,lateral,-0.050000000,m,9,Car,24.803031659,"middle [10,30)",0,0.000000000,33,33,100.000000000,100.000000000
nuscenes,scene-1094_011,lateral,-0.050000000,m,10,Car,17.556456386,"middle [10,30)",2,0.000000000,25,25,100.000000000,100.000000000
nuscenes,scene-1094_011,lateral,-0.050000000,m,11,Car,19.939424455,"middle [10,30)",0,0.000000000,121,121,100.000000000,100.000000000
nuscenes,scene-1094_011,lateral,-0.050000000,m,12,Pedestrian,9.321212332,"near [0,10)",0,0.000000000,40,40,100.000000000,100.000000000
nuscenes,scene-1094_011,lateral,-0.020000000,m,0,Car,13.899370600,"middle [10,30)",0,0.086102079,88,87,98.863636364,100.000000000
nuscenes,scene-1094_011,lateral,-0.020000000,m,9,Car,24.803031659,"middle [10,30)",0,0.000000000,33,33,100.000000000,100.000000000
nuscenes,scene-1094_011,lateral,-0.020000000,m,10,Car,17.556456386,"middle [10,30)",2,0.000000000,25,25,100.000000000,100.000000000
nuscenes,scene-1094_011,lateral,-0.020000000,m,11,Car,19.939424455,"middle [10,30)",0,0.000000000,121,121,100.000000000,100.000000000
nuscenes,scene-1094_011,lateral,-0.020000000,m,12,Pedestrian,9.321212332,"near [0,10)",0,0.000000000,40,40,100.000000000,100.000000000
nuscenes,scene-1094_011,lateral,0.000000000,m,0,Car,13.899370600,"middle [10,30)",0,0.086102079,88,88,100.000000000,100.000000000
nuscenes,scene-1094_011,lateral,0.000000000,m,9,Car,24.803031659,"middle [10,30)",0,0.000000000,33,33,100.000000000,100.000000000
nuscenes,scene-1094_011,lateral,0.000000000,m,10,Car,17.556456386,"middle [10,30)",2,0.000000000,25,25,100.000000000,100.000000000
nuscenes,scene-1094_011,lateral,0.000000000,m,11,Car,19.939424455,"middle [10,30)",0,0.000000000,121,121,100.000000000,100.000000000
nuscenes,scene-1094_011,lateral,0.000000000,m,12,Pedestrian,9.321212332,"near [0,10)",0,0.000000000,40,40,100.000000000,100.000000000
nuscenes,scene-1094_011,lateral,0.020000000,m,0,Car,13.899370600,"middle [10,30)",0,0.086102079,88,88,100.000000000,100.000000000
nuscenes,scene-1094_011,lateral,0.020000000,m,9,Car,24.803031659,"middle [10,30)",0,0.000000000,33,33,100.000000000,100.000000000
nuscenes,scene-1094_011,lateral,0.020000000,m,10,Car,17.556456386,"middle [10,30)",2,0.000000000,25,25,100.000000000,100.000000000
nuscenes,scene-1094_011,lateral,0.020000000,m,11,Car,19.939424455,"middle [10,30)",0,0.000000000,121,121,100.000000000,100.000000000
nuscenes,scene-1094_011,lateral,0.020000000,m,12,Pedestrian,9.321212332,"near [0,10)",0,0.000000000,40,40,100.000000000,100.000000000
nuscenes,scene-1094_011,lateral,0.050000000,m,0,Car,13.899370600,"middle [10,30)",0,0.086102079,88,88,100.000000000,100.000000000
nuscenes,scene-1094_011,lateral,0.050000000,m,9,Car,24.803031659,"middle [10,30)",0,0.000000000,33,33,100.000000000,100.000000000
nuscenes,scene-1094_011,lateral,0.050000000,m,10,Car,17.556456386,"middle [10,30)",2,0.000000000,25,25,100.000000000,100.000000000
nuscenes,scene-1094_011,lateral,0.050000000,m,11,Car,19.939424455,"middle [10,30)",0,0.000000000,121,121,100.000000000,100.000000000
nuscenes,scene-1094_011,lateral,0.050000000,m,12,Pedestrian,9.321212332,"near [0,10)",0,0.000000000,40,40,100.000000000,100.000000000
nuscenes,scene-1094_011,lateral,0.100000000,m,0,Car,13.899370600,"middle [10,30)",0,0.086102079,88,88,100.000000000,100.000000000
nuscenes,scene-1094_011,lateral,0.100000000,m,9,Car,24.803031659,"middle [10,30)",0,0.000000000,33,33,100.000000000,100.000000000
nuscenes,scene-1094_011,lateral,0.100000000,m,10,Car,17.556456386,"middle [10,30)",2,0.000000000,25,25,100.000000000,100.000000000
nuscenes,scene-1094_011,lateral,0.100000000,m,11,Car,19.939424455,"middle [10,30)",0,0.000000000,121,121,100.000000000,100.000000000
nuscenes,scene-1094_011,lateral,0.100000000,m,12,Pedestrian,9.321212332,"near [0,10)",0,0.000000000,40,40,100.000000000,100.000000000
nuscenes,scene-1094_012,yaw,-3.000000000,deg,0,Car,13.815757680,"middle [10,30)",0,0.000000000,137,115,83.941605839,100.000000000
nuscenes,scene-1094_012,yaw,-3.000000000,deg,6,Car,7.620929648,"near [0,10)",0,0.852574929,20,0,0.000000000,100.000000000
nuscenes,scene-1094_012,yaw,-3.000000000,deg,9,Car,21.767713390,"middle [10,30)",2,0.000000000,15,15,100.000000000,100.000000000
nuscenes,scene-1094_012,yaw,-3.000000000,deg,10,Car,22.819529590,"middle [10,30)",0,0.000000000,31,26,83.870967742,100.000000000
nuscenes,scene-1094_012,yaw,-3.000000000,deg,11,Car,16.892278814,"middle [10,30)",2,0.000000000,34,27,79.411764706,100.000000000
nuscenes,scene-1094_012,yaw,-3.000000000,deg,12,Car,19.414354207,"middle [10,30)",0,0.000000000,121,106,87.603305785,100.000000000
nuscenes,scene-1094_012,yaw,-3.000000000,deg,13,Pedestrian,7.990547674,"near [0,10)",0,0.000000000,49,42,85.714285714,100.000000000
nuscenes,scene-1094_012,yaw,-2.000000000,deg,0,Car,13.815757680,"middle [10,30)",0,0.000000000,137,127,92.700729927,100.000000000
nuscenes,scene-1094_012,yaw,-2.000000000,deg,6,Car,7.620929648,"near [0,10)",0,0.852574929,20,7,35.000000000,100.000000000
nuscenes,scene-1094_012,yaw,-2.000000000,deg,9,Car,21.767713390,"middle [10,30)",2,0.000000000,15,15,100.000000000,100.000000000
nuscenes,scene-1094_012,yaw,-2.000000000,deg,10,Car,22.819529590,"middle [10,30)",0,0.000000000,31,28,90.322580645,100.000000000
nuscenes,scene-1094_012,yaw,-2.000000000,deg,11,Car,16.892278814,"middle [10,30)",2,0.000000000,34,31,91.176470588,100.000000000
nuscenes,scene-1094_012,yaw,-2.000000000,deg,12,Car,19.414354207,"middle [10,30)",0,0.000000000,121,111,91.735537190,100.000000000
nuscenes,scene-1094_012,yaw,-2.000000000,deg,13,Pedestrian,7.990547674,"near [0,10)",0,0.000000000,49,46,93.877551020,100.000000000
nuscenes,scene-1094_012,yaw,-1.000000000,deg,0,Car,13.815757680,"middle [10,30)",0,0.000000000,137,136,99.270072993,100.000000000
nuscenes,scene-1094_012,yaw,-1.000000000,deg,6,Car,7.620929648,"near [0,10)",0,0.852574929,20,19,95.000000000,100.000000000
nuscenes,scene-1094_012,yaw,-1.000000000,deg,9,Car,21.767713390,"middle [10,30)",2,0.000000000,15,15,100.000000000,100.000000000
nuscenes,scene-1094_012,yaw,-1.000000000,deg,10,Car,22.819529590,"middle [10,30)",0,0.000000000,31,31,100.000000000,100.000000000
nuscenes,scene-1094_012,yaw,-1.000000000,deg,11,Car,16.892278814,"middle [10,30)",2,0.000000000,34,33,97.058823529,100.000000000
nuscenes,scene-1094_012,yaw,-1.000000000,deg,12,Car,19.414354207,"middle [10,30)",0,0.000000000,121,117,96.694214876,100.000000000
nuscenes,scene-1094_012,yaw,-1.000000000,deg,13,Pedestrian,7.990547674,"near [0,10)",0,0.000000000,49,49,100.000000000,100.000000000
nuscenes,scene-1094_012,yaw,-0.500000000,deg,0,Car,13.815757680,"middle [10,30)",0,0.000000000,137,137,100.000000000,100.000000000
nuscenes,scene-1094_012,yaw,-0.500000000,deg,6,Car,7.620929648,"near [0,10)",0,0.852574929,20,20,100.000000000,100.000000000
nuscenes,scene-1094_012,yaw,-0.500000000,deg,9,Car,21.767713390,"middle [10,30)",2,0.000000000,15,15,100.000000000,100.000000000
nuscenes,scene-1094_012,yaw,-0.500000000,deg,10,Car,22.819529590,"middle [10,30)",0,0.000000000,31,31,100.000000000,100.000000000
nuscenes,scene-1094_012,yaw,-0.500000000,deg,11,Car,16.892278814,"middle [10,30)",2,0.000000000,34,34,100.000000000,100.000000000
nuscenes,scene-1094_012,yaw,-0.500000000,deg,12,Car,19.414354207,"middle [10,30)",0,0.000000000,121,119,98.347107438,100.000000000
nuscenes,scene-1094_012,yaw,-0.500000000,deg,13,Pedestrian,7.990547674,"near [0,10)",0,0.000000000,49,49,100.000000000,100.000000000
nuscenes,scene-1094_012,yaw,0.000000000,deg,0,Car,13.815757680,"middle [10,30)",0,0.000000000,137,137,100.000000000,100.000000000
nuscenes,scene-1094_012,yaw,0.000000000,deg,6,Car,7.620929648,"near [0,10)",0,0.852574929,20,20,100.000000000,100.000000000
nuscenes,scene-1094_012,yaw,0.000000000,deg,9,Car,21.767713390,"middle [10,30)",2,0.000000000,15,15,100.000000000,100.000000000
nuscenes,scene-1094_012,yaw,0.000000000,deg,10,Car,22.819529590,"middle [10,30)",0,0.000000000,31,31,100.000000000,100.000000000
nuscenes,scene-1094_012,yaw,0.000000000,deg,11,Car,16.892278814,"middle [10,30)",2,0.000000000,34,34,100.000000000,100.000000000
nuscenes,scene-1094_012,yaw,0.000000000,deg,12,Car,19.414354207,"middle [10,30)",0,0.000000000,121,121,100.000000000,100.000000000
nuscenes,scene-1094_012,yaw,0.000000000,deg,13,Pedestrian,7.990547674,"near [0,10)",0,0.000000000,49,49,100.000000000,100.000000000
nuscenes,scene-1094_012,yaw,0.500000000,deg,0,Car,13.815757680,"middle [10,30)",0,0.000000000,137,136,99.270072993,100.000000000
nuscenes,scene-1094_012,yaw,0.500000000,deg,6,Car,7.620929648,"near [0,10)",0,0.852574929,20,11,55.000000000,100.000000000
nuscenes,scene-1094_012,yaw,0.500000000,deg,9,Car,21.767713390,"middle [10,30)",2,0.000000000,15,15,100.000000000,100.000000000
nuscenes,scene-1094_012,yaw,0.500000000,deg,10,Car,22.819529590,"middle [10,30)",0,0.000000000,31,31,100.000000000,100.000000000
nuscenes,scene-1094_012,yaw,0.500000000,deg,11,Car,16.892278814,"middle [10,30)",2,0.000000000,34,34,100.000000000,100.000000000
nuscenes,scene-1094_012,yaw,0.500000000,deg,12,Car,19.414354207,"middle [10,30)",0,0.000000000,121,121,100.000000000,100.000000000
nuscenes,scene-1094_012,yaw,0.500000000,deg,13,Pedestrian,7.990547674,"near [0,10)",0,0.000000000,49,49,100.000000000,100.000000000
nuscenes,scene-1094_012,yaw,1.000000000,deg,0,Car,13.815757680,"middle [10,30)",0,0.000000000,137,133,97.080291971,100.000000000
nuscenes,scene-1094_012,yaw,1.000000000,deg,6,Car,7.620929648,"near [0,10)",0,0.852574929,20,5,25.000000000,100.000000000
nuscenes,scene-1094_012,yaw,1.000000000,deg,9,Car,21.767713390,"middle [10,30)",2,0.000000000,15,14,93.333333333,100.000000000
nuscenes,scene-1094_012,yaw,1.000000000,deg,10,Car,22.819529590,"middle [10,30)",0,0.000000000,31,31,100.000000000,100.000000000
nuscenes,scene-1094_012,yaw,1.000000000,deg,11,Car,16.892278814,"middle [10,30)",2,0.000000000,34,34,100.000000000,100.000000000
nuscenes,scene-1094_012,yaw,1.000000000,deg,12,Car,19.414354207,"middle [10,30)",0,0.000000000,121,121,100.000000000,100.000000000
nuscenes,scene-1094_012,yaw,1.000000000,deg,13,Pedestrian,7.990547674,"near [0,10)",0,0.000000000,49,49,100.000000000,100.000000000
nuscenes,scene-1094_012,yaw,2.000000000,deg,0,Car,13.815757680,"middle [10,30)",0,0.000000000,137,119,86.861313869,100.000000000
nuscenes,scene-1094_012,yaw,2.000000000,deg,6,Car,7.620929648,"near [0,10)",0,0.852574929,20,0,0.000000000,100.000000000
nuscenes,scene-1094_012,yaw,2.000000000,deg,9,Car,21.767713390,"middle [10,30)",2,0.000000000,15,9,60.000000000,100.000000000
nuscenes,scene-1094_012,yaw,2.000000000,deg,10,Car,22.819529590,"middle [10,30)",0,0.000000000,31,29,93.548387097,100.000000000
nuscenes,scene-1094_012,yaw,2.000000000,deg,11,Car,16.892278814,"middle [10,30)",2,0.000000000,34,34,100.000000000,100.000000000
nuscenes,scene-1094_012,yaw,2.000000000,deg,12,Car,19.414354207,"middle [10,30)",0,0.000000000,121,118,97.520661157,100.000000000
nuscenes,scene-1094_012,yaw,2.000000000,deg,13,Pedestrian,7.990547674,"near [0,10)",0,0.000000000,49,45,91.836734694,100.000000000
nuscenes,scene-1094_012,yaw,3.000000000,deg,0,Car,13.815757680,"middle [10,30)",0,0.000000000,137,101,73.722627737,100.000000000
nuscenes,scene-1094_012,yaw,3.000000000,deg,6,Car,7.620929648,"near [0,10)",0,0.852574929,20,0,0.000000000,100.000000000
nuscenes,scene-1094_012,yaw,3.000000000,deg,9,Car,21.767713390,"middle [10,30)",2,0.000000000,15,6,40.000000000,100.000000000
nuscenes,scene-1094_012,yaw,3.000000000,deg,10,Car,22.819529590,"middle [10,30)",0,0.000000000,31,24,77.419354839,100.000000000
nuscenes,scene-1094_012,yaw,3.000000000,deg,11,Car,16.892278814,"middle [10,30)",2,0.000000000,34,34,100.000000000,100.000000000
nuscenes,scene-1094_012,yaw,3.000000000,deg,12,Car,19.414354207,"middle [10,30)",0,0.000000000,121,111,91.735537190,100.000000000
nuscenes,scene-1094_012,yaw,3.000000000,deg,13,Pedestrian,7.990547674,"near [0,10)",0,0.000000000,49,33,67.346938776,100.000000000
nuscenes,scene-1094_012,lateral,-0.100000000,m,0,Car,13.815757680,"middle [10,30)",0,0.000000000,137,137,100.000000000,100.000000000
nuscenes,scene-1094_012,lateral,-0.100000000,m,6,Car,7.620929648,"near [0,10)",0,0.852574929,20,11,55.000000000,100.000000000
nuscenes,scene-1094_012,lateral,-0.100000000,m,9,Car,21.767713390,"middle [10,30)",2,0.000000000,15,15,100.000000000,100.000000000
nuscenes,scene-1094_012,lateral,-0.100000000,m,10,Car,22.819529590,"middle [10,30)",0,0.000000000,31,31,100.000000000,100.000000000
nuscenes,scene-1094_012,lateral,-0.100000000,m,11,Car,16.892278814,"middle [10,30)",2,0.000000000,34,34,100.000000000,100.000000000
nuscenes,scene-1094_012,lateral,-0.100000000,m,12,Car,19.414354207,"middle [10,30)",0,0.000000000,121,121,100.000000000,100.000000000
nuscenes,scene-1094_012,lateral,-0.100000000,m,13,Pedestrian,7.990547674,"near [0,10)",0,0.000000000,49,49,100.000000000,100.000000000
nuscenes,scene-1094_012,lateral,-0.050000000,m,0,Car,13.815757680,"middle [10,30)",0,0.000000000,137,137,100.000000000,100.000000000
nuscenes,scene-1094_012,lateral,-0.050000000,m,6,Car,7.620929648,"near [0,10)",0,0.852574929,20,15,75.000000000,100.000000000
nuscenes,scene-1094_012,lateral,-0.050000000,m,9,Car,21.767713390,"middle [10,30)",2,0.000000000,15,15,100.000000000,100.000000000
nuscenes,scene-1094_012,lateral,-0.050000000,m,10,Car,22.819529590,"middle [10,30)",0,0.000000000,31,31,100.000000000,100.000000000
nuscenes,scene-1094_012,lateral,-0.050000000,m,11,Car,16.892278814,"middle [10,30)",2,0.000000000,34,34,100.000000000,100.000000000
nuscenes,scene-1094_012,lateral,-0.050000000,m,12,Car,19.414354207,"middle [10,30)",0,0.000000000,121,121,100.000000000,100.000000000
nuscenes,scene-1094_012,lateral,-0.050000000,m,13,Pedestrian,7.990547674,"near [0,10)",0,0.000000000,49,49,100.000000000,100.000000000
nuscenes,scene-1094_012,lateral,-0.020000000,m,0,Car,13.815757680,"middle [10,30)",0,0.000000000,137,137,100.000000000,100.000000000
nuscenes,scene-1094_012,lateral,-0.020000000,m,6,Car,7.620929648,"near [0,10)",0,0.852574929,20,18,90.000000000,100.000000000
nuscenes,scene-1094_012,lateral,-0.020000000,m,9,Car,21.767713390,"middle [10,30)",2,0.000000000,15,15,100.000000000,100.000000000
nuscenes,scene-1094_012,lateral,-0.020000000,m,10,Car,22.819529590,"middle [10,30)",0,0.000000000,31,31,100.000000000,100.000000000
nuscenes,scene-1094_012,lateral,-0.020000000,m,11,Car,16.892278814,"middle [10,30)",2,0.000000000,34,34,100.000000000,100.000000000
nuscenes,scene-1094_012,lateral,-0.020000000,m,12,Car,19.414354207,"middle [10,30)",0,0.000000000,121,121,100.000000000,100.000000000
nuscenes,scene-1094_012,lateral,-0.020000000,m,13,Pedestrian,7.990547674,"near [0,10)",0,0.000000000,49,49,100.000000000,100.000000000
nuscenes,scene-1094_012,lateral,0.000000000,m,0,Car,13.815757680,"middle [10,30)",0,0.000000000,137,137,100.000000000,100.000000000
nuscenes,scene-1094_012,lateral,0.000000000,m,6,Car,7.620929648,"near [0,10)",0,0.852574929,20,20,100.000000000,100.000000000
nuscenes,scene-1094_012,lateral,0.000000000,m,9,Car,21.767713390,"middle [10,30)",2,0.000000000,15,15,100.000000000,100.000000000
nuscenes,scene-1094_012,lateral,0.000000000,m,10,Car,22.819529590,"middle [10,30)",0,0.000000000,31,31,100.000000000,100.000000000
nuscenes,scene-1094_012,lateral,0.000000000,m,11,Car,16.892278814,"middle [10,30)",2,0.000000000,34,34,100.000000000,100.000000000
nuscenes,scene-1094_012,lateral,0.000000000,m,12,Car,19.414354207,"middle [10,30)",0,0.000000000,121,121,100.000000000,100.000000000
nuscenes,scene-1094_012,lateral,0.000000000,m,13,Pedestrian,7.990547674,"near [0,10)",0,0.000000000,49,49,100.000000000,100.000000000
nuscenes,scene-1094_012,lateral,0.020000000,m,0,Car,13.815757680,"middle [10,30)",0,0.000000000,137,137,100.000000000,100.000000000
nuscenes,scene-1094_012,lateral,0.020000000,m,6,Car,7.620929648,"near [0,10)",0,0.852574929,20,20,100.000000000,100.000000000
nuscenes,scene-1094_012,lateral,0.020000000,m,9,Car,21.767713390,"middle [10,30)",2,0.000000000,15,15,100.000000000,100.000000000
nuscenes,scene-1094_012,lateral,0.020000000,m,10,Car,22.819529590,"middle [10,30)",0,0.000000000,31,31,100.000000000,100.000000000
nuscenes,scene-1094_012,lateral,0.020000000,m,11,Car,16.892278814,"middle [10,30)",2,0.000000000,34,34,100.000000000,100.000000000
nuscenes,scene-1094_012,lateral,0.020000000,m,12,Car,19.414354207,"middle [10,30)",0,0.000000000,121,121,100.000000000,100.000000000
nuscenes,scene-1094_012,lateral,0.020000000,m,13,Pedestrian,7.990547674,"near [0,10)",0,0.000000000,49,49,100.000000000,100.000000000
nuscenes,scene-1094_012,lateral,0.050000000,m,0,Car,13.815757680,"middle [10,30)",0,0.000000000,137,137,100.000000000,100.000000000
nuscenes,scene-1094_012,lateral,0.050000000,m,6,Car,7.620929648,"near [0,10)",0,0.852574929,20,20,100.000000000,100.000000000
nuscenes,scene-1094_012,lateral,0.050000000,m,9,Car,21.767713390,"middle [10,30)",2,0.000000000,15,15,100.000000000,100.000000000
nuscenes,scene-1094_012,lateral,0.050000000,m,10,Car,22.819529590,"middle [10,30)",0,0.000000000,31,31,100.000000000,100.000000000
nuscenes,scene-1094_012,lateral,0.050000000,m,11,Car,16.892278814,"middle [10,30)",2,0.000000000,34,34,100.000000000,100.000000000
nuscenes,scene-1094_012,lateral,0.050000000,m,12,Car,19.414354207,"middle [10,30)",0,0.000000000,121,121,100.000000000,100.000000000
nuscenes,scene-1094_012,lateral,0.050000000,m,13,Pedestrian,7.990547674,"near [0,10)",0,0.000000000,49,49,100.000000000,100.000000000
nuscenes,scene-1094_012,lateral,0.100000000,m,0,Car,13.815757680,"middle [10,30)",0,0.000000000,137,137,100.000000000,100.000000000
nuscenes,scene-1094_012,lateral,0.100000000,m,6,Car,7.620929648,"near [0,10)",0,0.852574929,20,20,100.000000000,100.000000000
nuscenes,scene-1094_012,lateral,0.100000000,m,9,Car,21.767713390,"middle [10,30)",2,0.000000000,15,15,100.000000000,100.000000000
nuscenes,scene-1094_012,lateral,0.100000000,m,10,Car,22.819529590,"middle [10,30)",0,0.000000000,31,31,100.000000000,100.000000000
nuscenes,scene-1094_012,lateral,0.100000000,m,11,Car,16.892278814,"middle [10,30)",2,0.000000000,34,34,100.000000000,100.000000000
nuscenes,scene-1094_012,lateral,0.100000000,m,12,Car,19.414354207,"middle [10,30)",0,0.000000000,121,121,100.000000000,100.000000000
nuscenes,scene-1094_012,lateral,0.100000000,m,13,Pedestrian,7.990547674,"near [0,10)",0,0.000000000,49,49,100.000000000,100.000000000
nuscenes,scene-1094_013,yaw,-3.000000000,deg,0,Car,12.677359228,"middle [10,30)",0,0.000000000,126,100,79.365079365,100.000000000
nuscenes,scene-1094_013,yaw,-3.000000000,deg,2,Car,32.056820293,"far [30,inf)",2,0.000000000,10,4,40.000000000,100.000000000
nuscenes,scene-1094_013,yaw,-3.000000000,deg,4,Car,36.277302191,"far [30,inf)",2,0.000000000,15,8,53.333333333,100.000000000
nuscenes,scene-1094_013,yaw,-3.000000000,deg,5,Car,8.745749966,"near [0,10)",0,0.485800900,75,44,58.666666667,100.000000000
nuscenes,scene-1094_013,yaw,-3.000000000,deg,8,Car,22.296486775,"middle [10,30)",2,0.000000000,14,14,100.000000000,100.000000000
nuscenes,scene-1094_013,yaw,-3.000000000,deg,10,Car,20.318659118,"middle [10,30)",0,0.014436667,28,24,85.714285714,100.000000000
nuscenes,scene-1094_013,yaw,-3.000000000,deg,11,Car,15.976894958,"middle [10,30)",2,0.000000000,35,26,74.285714286,100.000000000
nuscenes,scene-1094_013,yaw,-3.000000000,deg,12,Car,18.021863332,"middle [10,30)",0,0.000000000,168,153,91.071428571,100.000000000
nuscenes,scene-1094_013,yaw,-2.000000000,deg,0,Car,12.677359228,"middle [10,30)",0,0.000000000,126,113,89.682539683,100.000000000
nuscenes,scene-1094_013,yaw,-2.000000000,deg,2,Car,32.056820293,"far [30,inf)",2,0.000000000,10,9,90.000000000,100.000000000
nuscenes,scene-1094_013,yaw,-2.000000000,deg,4,Car,36.277302191,"far [30,inf)",2,0.000000000,15,11,73.333333333,100.000000000
nuscenes,scene-1094_013,yaw,-2.000000000,deg,5,Car,8.745749966,"near [0,10)",0,0.485800900,75,59,78.666666667,100.000000000
nuscenes,scene-1094_013,yaw,-2.000000000,deg,8,Car,22.296486775,"middle [10,30)",2,0.000000000,14,14,100.000000000,100.000000000
nuscenes,scene-1094_013,yaw,-2.000000000,deg,10,Car,20.318659118,"middle [10,30)",0,0.014436667,28,26,92.857142857,100.000000000
nuscenes,scene-1094_013,yaw,-2.000000000,deg,11,Car,15.976894958,"middle [10,30)",2,0.000000000,35,31,88.571428571,100.000000000
nuscenes,scene-1094_013,yaw,-2.000000000,deg,12,Car,18.021863332,"middle [10,30)",0,0.000000000,168,159,94.642857143,100.000000000
nuscenes,scene-1094_013,yaw,-1.000000000,deg,0,Car,12.677359228,"middle [10,30)",0,0.000000000,126,123,97.619047619,100.000000000
nuscenes,scene-1094_013,yaw,-1.000000000,deg,2,Car,32.056820293,"far [30,inf)",2,0.000000000,10,10,100.000000000,100.000000000
nuscenes,scene-1094_013,yaw,-1.000000000,deg,4,Car,36.277302191,"far [30,inf)",2,0.000000000,15,14,93.333333333,100.000000000
nuscenes,scene-1094_013,yaw,-1.000000000,deg,5,Car,8.745749966,"near [0,10)",0,0.485800900,75,70,93.333333333,100.000000000
nuscenes,scene-1094_013,yaw,-1.000000000,deg,8,Car,22.296486775,"middle [10,30)",2,0.000000000,14,14,100.000000000,100.000000000
nuscenes,scene-1094_013,yaw,-1.000000000,deg,10,Car,20.318659118,"middle [10,30)",0,0.014436667,28,27,96.428571429,100.000000000
nuscenes,scene-1094_013,yaw,-1.000000000,deg,11,Car,15.976894958,"middle [10,30)",2,0.000000000,35,34,97.142857143,100.000000000
nuscenes,scene-1094_013,yaw,-1.000000000,deg,12,Car,18.021863332,"middle [10,30)",0,0.000000000,168,164,97.619047619,100.000000000
nuscenes,scene-1094_013,yaw,-0.500000000,deg,0,Car,12.677359228,"middle [10,30)",0,0.000000000,126,126,100.000000000,100.000000000
nuscenes,scene-1094_013,yaw,-0.500000000,deg,2,Car,32.056820293,"far [30,inf)",2,0.000000000,10,10,100.000000000,100.000000000
nuscenes,scene-1094_013,yaw,-0.500000000,deg,4,Car,36.277302191,"far [30,inf)",2,0.000000000,15,15,100.000000000,100.000000000
nuscenes,scene-1094_013,yaw,-0.500000000,deg,5,Car,8.745749966,"near [0,10)",0,0.485800900,75,73,97.333333333,100.000000000
nuscenes,scene-1094_013,yaw,-0.500000000,deg,8,Car,22.296486775,"middle [10,30)",2,0.000000000,14,14,100.000000000,100.000000000
nuscenes,scene-1094_013,yaw,-0.500000000,deg,10,Car,20.318659118,"middle [10,30)",0,0.014436667,28,28,100.000000000,100.000000000
nuscenes,scene-1094_013,yaw,-0.500000000,deg,11,Car,15.976894958,"middle [10,30)",2,0.000000000,35,35,100.000000000,100.000000000
nuscenes,scene-1094_013,yaw,-0.500000000,deg,12,Car,18.021863332,"middle [10,30)",0,0.000000000,168,168,100.000000000,100.000000000
nuscenes,scene-1094_013,yaw,0.000000000,deg,0,Car,12.677359228,"middle [10,30)",0,0.000000000,126,126,100.000000000,100.000000000
nuscenes,scene-1094_013,yaw,0.000000000,deg,2,Car,32.056820293,"far [30,inf)",2,0.000000000,10,10,100.000000000,100.000000000
nuscenes,scene-1094_013,yaw,0.000000000,deg,4,Car,36.277302191,"far [30,inf)",2,0.000000000,15,15,100.000000000,100.000000000
nuscenes,scene-1094_013,yaw,0.000000000,deg,5,Car,8.745749966,"near [0,10)",0,0.485800900,75,75,100.000000000,100.000000000
nuscenes,scene-1094_013,yaw,0.000000000,deg,8,Car,22.296486775,"middle [10,30)",2,0.000000000,14,14,100.000000000,100.000000000
nuscenes,scene-1094_013,yaw,0.000000000,deg,10,Car,20.318659118,"middle [10,30)",0,0.014436667,28,28,100.000000000,100.000000000
nuscenes,scene-1094_013,yaw,0.000000000,deg,11,Car,15.976894958,"middle [10,30)",2,0.000000000,35,35,100.000000000,100.000000000
nuscenes,scene-1094_013,yaw,0.000000000,deg,12,Car,18.021863332,"middle [10,30)",0,0.000000000,168,168,100.000000000,100.000000000
nuscenes,scene-1094_013,yaw,0.500000000,deg,0,Car,12.677359228,"middle [10,30)",0,0.000000000,126,126,100.000000000,100.000000000
nuscenes,scene-1094_013,yaw,0.500000000,deg,2,Car,32.056820293,"far [30,inf)",2,0.000000000,10,10,100.000000000,100.000000000
nuscenes,scene-1094_013,yaw,0.500000000,deg,4,Car,36.277302191,"far [30,inf)",2,0.000000000,15,15,100.000000000,100.000000000
nuscenes,scene-1094_013,yaw,0.500000000,deg,5,Car,8.745749966,"near [0,10)",0,0.485800900,75,68,90.666666667,100.000000000
nuscenes,scene-1094_013,yaw,0.500000000,deg,8,Car,22.296486775,"middle [10,30)",2,0.000000000,14,14,100.000000000,100.000000000
nuscenes,scene-1094_013,yaw,0.500000000,deg,10,Car,20.318659118,"middle [10,30)",0,0.014436667,28,28,100.000000000,100.000000000
nuscenes,scene-1094_013,yaw,0.500000000,deg,11,Car,15.976894958,"middle [10,30)",2,0.000000000,35,35,100.000000000,100.000000000
nuscenes,scene-1094_013,yaw,0.500000000,deg,12,Car,18.021863332,"middle [10,30)",0,0.000000000,168,168,100.000000000,100.000000000
nuscenes,scene-1094_013,yaw,1.000000000,deg,0,Car,12.677359228,"middle [10,30)",0,0.000000000,126,123,97.619047619,100.000000000
nuscenes,scene-1094_013,yaw,1.000000000,deg,2,Car,32.056820293,"far [30,inf)",2,0.000000000,10,10,100.000000000,100.000000000
nuscenes,scene-1094_013,yaw,1.000000000,deg,4,Car,36.277302191,"far [30,inf)",2,0.000000000,15,14,93.333333333,100.000000000
nuscenes,scene-1094_013,yaw,1.000000000,deg,5,Car,8.745749966,"near [0,10)",0,0.485800900,75,61,81.333333333,100.000000000
nuscenes,scene-1094_013,yaw,1.000000000,deg,8,Car,22.296486775,"middle [10,30)",2,0.000000000,14,13,92.857142857,100.000000000
nuscenes,scene-1094_013,yaw,1.000000000,deg,10,Car,20.318659118,"middle [10,30)",0,0.014436667,28,28,100.000000000,100.000000000
nuscenes,scene-1094_013,yaw,1.000000000,deg,11,Car,15.976894958,"middle [10,30)",2,0.000000000,35,35,100.000000000,100.000000000
nuscenes,scene-1094_013,yaw,1.000000000,deg,12,Car,18.021863332,"middle [10,30)",0,0.000000000,168,168,100.000000000,100.000000000
nuscenes,scene-1094_013,yaw,2.000000000,deg,0,Car,12.677359228,"middle [10,30)",0,0.000000000,126,110,87.301587302,100.000000000
nuscenes,scene-1094_013,yaw,2.000000000,deg,2,Car,32.056820293,"far [30,inf)",2,0.000000000,10,8,80.000000000,100.000000000
nuscenes,scene-1094_013,yaw,2.000000000,deg,4,Car,36.277302191,"far [30,inf)",2,0.000000000,15,8,53.333333333,100.000000000
nuscenes,scene-1094_013,yaw,2.000000000,deg,5,Car,8.745749966,"near [0,10)",0,0.485800900,75,47,62.666666667,100.000000000
nuscenes,scene-1094_013,yaw,2.000000000,deg,8,Car,22.296486775,"middle [10,30)",2,0.000000000,14,9,64.285714286,100.000000000
nuscenes,scene-1094_013,yaw,2.000000000,deg,10,Car,20.318659118,"middle [10,30)",0,0.014436667,28,25,89.285714286,100.000000000
nuscenes,scene-1094_013,yaw,2.000000000,deg,11,Car,15.976894958,"middle [10,30)",2,0.000000000,35,35,100.000000000,100.000000000
nuscenes,scene-1094_013,yaw,2.000000000,deg,12,Car,18.021863332,"middle [10,30)",0,0.000000000,168,165,98.214285714,100.000000000
nuscenes,scene-1094_013,yaw,3.000000000,deg,0,Car,12.677359228,"middle [10,30)",0,0.000000000,126,96,76.190476190,100.000000000
nuscenes,scene-1094_013,yaw,3.000000000,deg,2,Car,32.056820293,"far [30,inf)",2,0.000000000,10,2,20.000000000,100.000000000
nuscenes,scene-1094_013,yaw,3.000000000,deg,4,Car,36.277302191,"far [30,inf)",2,0.000000000,15,5,33.333333333,100.000000000
nuscenes,scene-1094_013,yaw,3.000000000,deg,5,Car,8.745749966,"near [0,10)",0,0.485800900,75,33,44.000000000,100.000000000
nuscenes,scene-1094_013,yaw,3.000000000,deg,8,Car,22.296486775,"middle [10,30)",2,0.000000000,14,5,35.714285714,100.000000000
nuscenes,scene-1094_013,yaw,3.000000000,deg,10,Car,20.318659118,"middle [10,30)",0,0.014436667,28,20,71.428571429,100.000000000
nuscenes,scene-1094_013,yaw,3.000000000,deg,11,Car,15.976894958,"middle [10,30)",2,0.000000000,35,35,100.000000000,100.000000000
nuscenes,scene-1094_013,yaw,3.000000000,deg,12,Car,18.021863332,"middle [10,30)",0,0.000000000,168,156,92.857142857,100.000000000
nuscenes,scene-1094_013,lateral,-0.100000000,m,0,Car,12.677359228,"middle [10,30)",0,0.000000000,126,126,100.000000000,100.000000000
nuscenes,scene-1094_013,lateral,-0.100000000,m,2,Car,32.056820293,"far [30,inf)",2,0.000000000,10,10,100.000000000,100.000000000
nuscenes,scene-1094_013,lateral,-0.100000000,m,4,Car,36.277302191,"far [30,inf)",2,0.000000000,15,15,100.000000000,100.000000000
nuscenes,scene-1094_013,lateral,-0.100000000,m,5,Car,8.745749966,"near [0,10)",0,0.485800900,75,69,92.000000000,100.000000000
nuscenes,scene-1094_013,lateral,-0.100000000,m,8,Car,22.296486775,"middle [10,30)",2,0.000000000,14,14,100.000000000,100.000000000
nuscenes,scene-1094_013,lateral,-0.100000000,m,10,Car,20.318659118,"middle [10,30)",0,0.014436667,28,28,100.000000000,100.000000000
nuscenes,scene-1094_013,lateral,-0.100000000,m,11,Car,15.976894958,"middle [10,30)",2,0.000000000,35,35,100.000000000,100.000000000
nuscenes,scene-1094_013,lateral,-0.100000000,m,12,Car,18.021863332,"middle [10,30)",0,0.000000000,168,168,100.000000000,100.000000000
nuscenes,scene-1094_013,lateral,-0.050000000,m,0,Car,12.677359228,"middle [10,30)",0,0.000000000,126,126,100.000000000,100.000000000
nuscenes,scene-1094_013,lateral,-0.050000000,m,2,Car,32.056820293,"far [30,inf)",2,0.000000000,10,10,100.000000000,100.000000000
nuscenes,scene-1094_013,lateral,-0.050000000,m,4,Car,36.277302191,"far [30,inf)",2,0.000000000,15,15,100.000000000,100.000000000
nuscenes,scene-1094_013,lateral,-0.050000000,m,5,Car,8.745749966,"near [0,10)",0,0.485800900,75,73,97.333333333,100.000000000
nuscenes,scene-1094_013,lateral,-0.050000000,m,8,Car,22.296486775,"middle [10,30)",2,0.000000000,14,14,100.000000000,100.000000000
nuscenes,scene-1094_013,lateral,-0.050000000,m,10,Car,20.318659118,"middle [10,30)",0,0.014436667,28,28,100.000000000,100.000000000
nuscenes,scene-1094_013,lateral,-0.050000000,m,11,Car,15.976894958,"middle [10,30)",2,0.000000000,35,35,100.000000000,100.000000000
nuscenes,scene-1094_013,lateral,-0.050000000,m,12,Car,18.021863332,"middle [10,30)",0,0.000000000,168,168,100.000000000,100.000000000
nuscenes,scene-1094_013,lateral,-0.020000000,m,0,Car,12.677359228,"middle [10,30)",0,0.000000000,126,126,100.000000000,100.000000000
nuscenes,scene-1094_013,lateral,-0.020000000,m,2,Car,32.056820293,"far [30,inf)",2,0.000000000,10,10,100.000000000,100.000000000
nuscenes,scene-1094_013,lateral,-0.020000000,m,4,Car,36.277302191,"far [30,inf)",2,0.000000000,15,15,100.000000000,100.000000000
nuscenes,scene-1094_013,lateral,-0.020000000,m,5,Car,8.745749966,"near [0,10)",0,0.485800900,75,74,98.666666667,100.000000000
nuscenes,scene-1094_013,lateral,-0.020000000,m,8,Car,22.296486775,"middle [10,30)",2,0.000000000,14,14,100.000000000,100.000000000
nuscenes,scene-1094_013,lateral,-0.020000000,m,10,Car,20.318659118,"middle [10,30)",0,0.014436667,28,28,100.000000000,100.000000000
nuscenes,scene-1094_013,lateral,-0.020000000,m,11,Car,15.976894958,"middle [10,30)",2,0.000000000,35,35,100.000000000,100.000000000
nuscenes,scene-1094_013,lateral,-0.020000000,m,12,Car,18.021863332,"middle [10,30)",0,0.000000000,168,168,100.000000000,100.000000000
nuscenes,scene-1094_013,lateral,0.000000000,m,0,Car,12.677359228,"middle [10,30)",0,0.000000000,126,126,100.000000000,100.000000000
nuscenes,scene-1094_013,lateral,0.000000000,m,2,Car,32.056820293,"far [30,inf)",2,0.000000000,10,10,100.000000000,100.000000000
nuscenes,scene-1094_013,lateral,0.000000000,m,4,Car,36.277302191,"far [30,inf)",2,0.000000000,15,15,100.000000000,100.000000000
nuscenes,scene-1094_013,lateral,0.000000000,m,5,Car,8.745749966,"near [0,10)",0,0.485800900,75,75,100.000000000,100.000000000
nuscenes,scene-1094_013,lateral,0.000000000,m,8,Car,22.296486775,"middle [10,30)",2,0.000000000,14,14,100.000000000,100.000000000
nuscenes,scene-1094_013,lateral,0.000000000,m,10,Car,20.318659118,"middle [10,30)",0,0.014436667,28,28,100.000000000,100.000000000
nuscenes,scene-1094_013,lateral,0.000000000,m,11,Car,15.976894958,"middle [10,30)",2,0.000000000,35,35,100.000000000,100.000000000
nuscenes,scene-1094_013,lateral,0.000000000,m,12,Car,18.021863332,"middle [10,30)",0,0.000000000,168,168,100.000000000,100.000000000
nuscenes,scene-1094_013,lateral,0.020000000,m,0,Car,12.677359228,"middle [10,30)",0,0.000000000,126,126,100.000000000,100.000000000
nuscenes,scene-1094_013,lateral,0.020000000,m,2,Car,32.056820293,"far [30,inf)",2,0.000000000,10,10,100.000000000,100.000000000
nuscenes,scene-1094_013,lateral,0.020000000,m,4,Car,36.277302191,"far [30,inf)",2,0.000000000,15,15,100.000000000,100.000000000
nuscenes,scene-1094_013,lateral,0.020000000,m,5,Car,8.745749966,"near [0,10)",0,0.485800900,75,75,100.000000000,100.000000000
nuscenes,scene-1094_013,lateral,0.020000000,m,8,Car,22.296486775,"middle [10,30)",2,0.000000000,14,14,100.000000000,100.000000000
nuscenes,scene-1094_013,lateral,0.020000000,m,10,Car,20.318659118,"middle [10,30)",0,0.014436667,28,28,100.000000000,100.000000000
nuscenes,scene-1094_013,lateral,0.020000000,m,11,Car,15.976894958,"middle [10,30)",2,0.000000000,35,35,100.000000000,100.000000000
nuscenes,scene-1094_013,lateral,0.020000000,m,12,Car,18.021863332,"middle [10,30)",0,0.000000000,168,168,100.000000000,100.000000000
nuscenes,scene-1094_013,lateral,0.050000000,m,0,Car,12.677359228,"middle [10,30)",0,0.000000000,126,126,100.000000000,100.000000000
nuscenes,scene-1094_013,lateral,0.050000000,m,2,Car,32.056820293,"far [30,inf)",2,0.000000000,10,10,100.000000000,100.000000000
nuscenes,scene-1094_013,lateral,0.050000000,m,4,Car,36.277302191,"far [30,inf)",2,0.000000000,15,15,100.000000000,100.000000000
nuscenes,scene-1094_013,lateral,0.050000000,m,5,Car,8.745749966,"near [0,10)",0,0.485800900,75,75,100.000000000,100.000000000
nuscenes,scene-1094_013,lateral,0.050000000,m,8,Car,22.296486775,"middle [10,30)",2,0.000000000,14,14,100.000000000,100.000000000
nuscenes,scene-1094_013,lateral,0.050000000,m,10,Car,20.318659118,"middle [10,30)",0,0.014436667,28,28,100.000000000,100.000000000
nuscenes,scene-1094_013,lateral,0.050000000,m,11,Car,15.976894958,"middle [10,30)",2,0.000000000,35,35,100.000000000,100.000000000
nuscenes,scene-1094_013,lateral,0.050000000,m,12,Car,18.021863332,"middle [10,30)",0,0.000000000,168,168,100.000000000,100.000000000
nuscenes,scene-1094_013,lateral,0.100000000,m,0,Car,12.677359228,"middle [10,30)",0,0.000000000,126,126,100.000000000,100.000000000
nuscenes,scene-1094_013,lateral,0.100000000,m,2,Car,32.056820293,"far [30,inf)",2,0.000000000,10,10,100.000000000,100.000000000
nuscenes,scene-1094_013,lateral,0.100000000,m,4,Car,36.277302191,"far [30,inf)",2,0.000000000,15,15,100.000000000,100.000000000
nuscenes,scene-1094_013,lateral,0.100000000,m,5,Car,8.745749966,"near [0,10)",0,0.485800900,75,73,97.333333333,100.000000000
nuscenes,scene-1094_013,lateral,0.100000000,m,8,Car,22.296486775,"middle [10,30)",2,0.000000000,14,14,100.000000000,100.000000000
nuscenes,scene-1094_013,lateral,0.100000000,m,10,Car,20.318659118,"middle [10,30)",0,0.014436667,28,28,100.000000000,100.000000000
nuscenes,scene-1094_013,lateral,0.100000000,m,11,Car,15.976894958,"middle [10,30)",2,0.000000000,35,35,100.000000000,100.000000000
nuscenes,scene-1094_013,lateral,0.100000000,m,12,Car,18.021863332,"middle [10,30)",0,0.000000000,168,168,100.000000000,100.000000000
nuscenes,scene-1094_014,yaw,-3.000000000,deg,0,Car,11.105749380,"middle [10,30)",0,0.000000000,180,159,88.333333333,100.000000000
nuscenes,scene-1094_014,yaw,-3.000000000,deg,1,Car,26.098817433,"middle [10,30)",0,0.000000000,14,6,42.857142857,100.000000000
nuscenes,scene-1094_014,yaw,-3.000000000,deg,2,Car,32.178824042,"far [30,inf)",2,0.000000000,11,6,54.545454545,100.000000000
nuscenes,scene-1094_014,yaw,-3.000000000,deg,3,Car,37.403685084,"far [30,inf)",2,0.000000000,16,10,62.500000000,100.000000000
nuscenes,scene-1094_014,yaw,-3.000000000,deg,4,Car,10.638916235,"middle [10,30)",0,0.000000000,99,65,65.656565657,100.000000000
nuscenes,scene-1094_014,yaw,-3.000000000,deg,6,Car,21.153940966,"middle [10,30)",2,0.000000000,11,11,100.000000000,100.000000000
nuscenes,scene-1094_014,yaw,-3.000000000,deg,8,Car,14.021016263,"middle [10,30)",2,0.000000000,48,39,81.250000000,100.000000000
nuscenes,scene-1094_014,yaw,-3.000000000,deg,9,Car,15.279862382,"middle [10,30)",0,0.000000000,199,180,90.452261307,100.000000000
nuscenes,scene-1094_014,yaw,-2.000000000,deg,0,Car,11.105749380,"middle [10,30)",0,0.000000000,180,171,95.000000000,100.000000000
nuscenes,scene-1094_014,yaw,-2.000000000,deg,1,Car,26.098817433,"middle [10,30)",0,0.000000000,14,8,57.142857143,100.000000000
nuscenes,scene-1094_014,yaw,-2.000000000,deg,2,Car,32.178824042,"far [30,inf)",2,0.000000000,11,11,100.000000000,100.000000000
nuscenes,scene-1094_014,yaw,-2.000000000,deg,3,Car,37.403685084,"far [30,inf)",2,0.000000000,16,13,81.250000000,100.000000000
nuscenes,scene-1094_014,yaw,-2.000000000,deg,4,Car,10.638916235,"middle [10,30)",0,0.000000000,99,77,77.777777778,100.000000000
nuscenes,scene-1094_014,yaw,-2.000000000,deg,6,Car,21.153940966,"middle [10,30)",2,0.000000000,11,11,100.000000000,100.000000000
nuscenes,scene-1094_014,yaw,-2.000000000,deg,8,Car,14.021016263,"middle [10,30)",2,0.000000000,48,44,91.666666667,100.000000000
nuscenes,scene-1094_014,yaw,-2.000000000,deg,9,Car,15.279862382,"middle [10,30)",0,0.000000000,199,190,95.477386935,100.000000000
nuscenes,scene-1094_014,yaw,-1.000000000,deg,0,Car,11.105749380,"middle [10,30)",0,0.000000000,180,180,100.000000000,100.000000000
nuscenes,scene-1094_014,yaw,-1.000000000,deg,1,Car,26.098817433,"middle [10,30)",0,0.000000000,14,12,85.714285714,100.000000000
nuscenes,scene-1094_014,yaw,-1.000000000,deg,2,Car,32.178824042,"far [30,inf)",2,0.000000000,11,11,100.000000000,100.000000000
nuscenes,scene-1094_014,yaw,-1.000000000,deg,3,Car,37.403685084,"far [30,inf)",2,0.000000000,16,16,100.000000000,100.000000000
nuscenes,scene-1094_014,yaw,-1.000000000,deg,4,Car,10.638916235,"middle [10,30)",0,0.000000000,99,91,91.919191919,100.000000000
nuscenes,scene-1094_014,yaw,-1.000000000,deg,6,Car,21.153940966,"middle [10,30)",2,0.000000000,11,11,100.000000000,100.000000000
nuscenes,scene-1094_014,yaw,-1.000000000,deg,8,Car,14.021016263,"middle [10,30)",2,0.000000000,48,48,100.000000000,100.000000000
nuscenes,scene-1094_014,yaw,-1.000000000,deg,9,Car,15.279862382,"middle [10,30)",0,0.000000000,199,196,98.492462312,100.000000000
nuscenes,scene-1094_014,yaw,-0.500000000,deg,0,Car,11.105749380,"middle [10,30)",0,0.000000000,180,180,100.000000000,100.000000000
nuscenes,scene-1094_014,yaw,-0.500000000,deg,1,Car,26.098817433,"middle [10,30)",0,0.000000000,14,14,100.000000000,100.000000000
nuscenes,scene-1094_014,yaw,-0.500000000,deg,2,Car,32.178824042,"far [30,inf)",2,0.000000000,11,11,100.000000000,100.000000000
nuscenes,scene-1094_014,yaw,-0.500000000,deg,3,Car,37.403685084,"far [30,inf)",2,0.000000000,16,16,100.000000000,100.000000000
nuscenes,scene-1094_014,yaw,-0.500000000,deg,4,Car,10.638916235,"middle [10,30)",0,0.000000000,99,98,98.989898990,100.000000000
nuscenes,scene-1094_014,yaw,-0.500000000,deg,6,Car,21.153940966,"middle [10,30)",2,0.000000000,11,11,100.000000000,100.000000000
nuscenes,scene-1094_014,yaw,-0.500000000,deg,8,Car,14.021016263,"middle [10,30)",2,0.000000000,48,48,100.000000000,100.000000000
nuscenes,scene-1094_014,yaw,-0.500000000,deg,9,Car,15.279862382,"middle [10,30)",0,0.000000000,199,199,100.000000000,100.000000000
nuscenes,scene-1094_014,yaw,0.000000000,deg,0,Car,11.105749380,"middle [10,30)",0,0.000000000,180,180,100.000000000,100.000000000
nuscenes,scene-1094_014,yaw,0.000000000,deg,1,Car,26.098817433,"middle [10,30)",0,0.000000000,14,14,100.000000000,100.000000000
nuscenes,scene-1094_014,yaw,0.000000000,deg,2,Car,32.178824042,"far [30,inf)",2,0.000000000,11,11,100.000000000,100.000000000
nuscenes,scene-1094_014,yaw,0.000000000,deg,3,Car,37.403685084,"far [30,inf)",2,0.000000000,16,16,100.000000000,100.000000000
nuscenes,scene-1094_014,yaw,0.000000000,deg,4,Car,10.638916235,"middle [10,30)",0,0.000000000,99,99,100.000000000,100.000000000
nuscenes,scene-1094_014,yaw,0.000000000,deg,6,Car,21.153940966,"middle [10,30)",2,0.000000000,11,11,100.000000000,100.000000000
nuscenes,scene-1094_014,yaw,0.000000000,deg,8,Car,14.021016263,"middle [10,30)",2,0.000000000,48,48,100.000000000,100.000000000
nuscenes,scene-1094_014,yaw,0.000000000,deg,9,Car,15.279862382,"middle [10,30)",0,0.000000000,199,199,100.000000000,100.000000000
nuscenes,scene-1094_014,yaw,0.500000000,deg,0,Car,11.105749380,"middle [10,30)",0,0.000000000,180,180,100.000000000,100.000000000
nuscenes,scene-1094_014,yaw,0.500000000,deg,1,Car,26.098817433,"middle [10,30)",0,0.000000000,14,14,100.000000000,100.000000000
nuscenes,scene-1094_014,yaw,0.500000000,deg,2,Car,32.178824042,"far [30,inf)",2,0.000000000,11,11,100.000000000,100.000000000
nuscenes,scene-1094_014,yaw,0.500000000,deg,3,Car,37.403685084,"far [30,inf)",2,0.000000000,16,16,100.000000000,100.000000000
nuscenes,scene-1094_014,yaw,0.500000000,deg,4,Car,10.638916235,"middle [10,30)",0,0.000000000,99,99,100.000000000,100.000000000
nuscenes,scene-1094_014,yaw,0.500000000,deg,6,Car,21.153940966,"middle [10,30)",2,0.000000000,11,11,100.000000000,100.000000000
nuscenes,scene-1094_014,yaw,0.500000000,deg,8,Car,14.021016263,"middle [10,30)",2,0.000000000,48,48,100.000000000,100.000000000
nuscenes,scene-1094_014,yaw,0.500000000,deg,9,Car,15.279862382,"middle [10,30)",0,0.000000000,199,199,100.000000000,100.000000000
nuscenes,scene-1094_014,yaw,1.000000000,deg,0,Car,11.105749380,"middle [10,30)",0,0.000000000,180,176,97.777777778,100.000000000
nuscenes,scene-1094_014,yaw,1.000000000,deg,1,Car,26.098817433,"middle [10,30)",0,0.000000000,14,14,100.000000000,100.000000000
nuscenes,scene-1094_014,yaw,1.000000000,deg,2,Car,32.178824042,"far [30,inf)",2,0.000000000,11,11,100.000000000,100.000000000
nuscenes,scene-1094_014,yaw,1.000000000,deg,3,Car,37.403685084,"far [30,inf)",2,0.000000000,16,15,93.750000000,100.000000000
nuscenes,scene-1094_014,yaw,1.000000000,deg,4,Car,10.638916235,"middle [10,30)",0,0.000000000,99,95,95.959595960,100.000000000
nuscenes,scene-1094_014,yaw,1.000000000,deg,6,Car,21.153940966,"middle [10,30)",2,0.000000000,11,10,90.909090909,100.000000000
nuscenes,scene-1094_014,yaw,1.000000000,deg,8,Car,14.021016263,"middle [10,30)",2,0.000000000,48,48,100.000000000,100.000000000
nuscenes,scene-1094_014,yaw,1.000000000,deg,9,Car,15.279862382,"middle [10,30)",0,0.000000000,199,199,100.000000000,100.000000000
nuscenes,scene-1094_014,yaw,2.000000000,deg,0,Car,11.105749380,"middle [10,30)",0,0.000000000,180,161,89.444444444,100.000000000
nuscenes,scene-1094_014,yaw,2.000000000,deg,1,Car,26.098817433,"middle [10,30)",0,0.000000000,14,13,92.857142857,100.000000000
nuscenes,scene-1094_014,yaw,2.000000000,deg,2,Car,32.178824042,"far [30,inf)",2,0.000000000,11,7,63.636363636,100.000000000
nuscenes,scene-1094_014,yaw,2.000000000,deg,3,Car,37.403685084,"far [30,inf)",2,0.000000000,16,8,50.000000000,100.000000000
nuscenes,scene-1094_014,yaw,2.000000000,deg,4,Car,10.638916235,"middle [10,30)",0,0.000000000,99,82,82.828282828,100.000000000
nuscenes,scene-1094_014,yaw,2.000000000,deg,6,Car,21.153940966,"middle [10,30)",2,0.000000000,11,8,72.727272727,100.000000000
nuscenes,scene-1094_014,yaw,2.000000000,deg,8,Car,14.021016263,"middle [10,30)",2,0.000000000,48,48,100.000000000,100.000000000
nuscenes,scene-1094_014,yaw,2.000000000,deg,9,Car,15.279862382,"middle [10,30)",0,0.000000000,199,195,97.989949749,100.000000000
nuscenes,scene-1094_014,yaw,3.000000000,deg,0,Car,11.105749380,"middle [10,30)",0,0.000000000,180,143,79.444444444,100.000000000
nuscenes,scene-1094_014,yaw,3.000000000,deg,1,Car,26.098817433,"middle [10,30)",0,0.000000000,14,11,78.571428571,100.000000000
nuscenes,scene-1094_014,yaw,3.000000000,deg,2,Car,32.178824042,"far [30,inf)",2,0.000000000,11,1,9.090909091,100.000000000
nuscenes,scene-1094_014,yaw,3.000000000,deg,3,Car,37.403685084,"far [30,inf)",2,0.000000000,16,5,31.250000000,100.000000000
nuscenes,scene-1094_014,yaw,3.000000000,deg,4,Car,10.638916235,"middle [10,30)",0,0.000000000,99,74,74.747474747,100.000000000
nuscenes,scene-1094_014,yaw,3.000000000,deg,6,Car,21.153940966,"middle [10,30)",2,0.000000000,11,5,45.454545455,100.000000000
nuscenes,scene-1094_014,yaw,3.000000000,deg,8,Car,14.021016263,"middle [10,30)",2,0.000000000,48,48,100.000000000,100.000000000
nuscenes,scene-1094_014,yaw,3.000000000,deg,9,Car,15.279862382,"middle [10,30)",0,0.000000000,199,187,93.969849246,100.000000000
nuscenes,scene-1094_014,lateral,-0.100000000,m,0,Car,11.105749380,"middle [10,30)",0,0.000000000,180,180,100.000000000,100.000000000
nuscenes,scene-1094_014,lateral,-0.100000000,m,1,Car,26.098817433,"middle [10,30)",0,0.000000000,14,14,100.000000000,100.000000000
nuscenes,scene-1094_014,lateral,-0.100000000,m,2,Car,32.178824042,"far [30,inf)",2,0.000000000,11,11,100.000000000,100.000000000
nuscenes,scene-1094_014,lateral,-0.100000000,m,3,Car,37.403685084,"far [30,inf)",2,0.000000000,16,16,100.000000000,100.000000000
nuscenes,scene-1094_014,lateral,-0.100000000,m,4,Car,10.638916235,"middle [10,30)",0,0.000000000,99,99,100.000000000,100.000000000
nuscenes,scene-1094_014,lateral,-0.100000000,m,6,Car,21.153940966,"middle [10,30)",2,0.000000000,11,11,100.000000000,100.000000000
nuscenes,scene-1094_014,lateral,-0.100000000,m,8,Car,14.021016263,"middle [10,30)",2,0.000000000,48,48,100.000000000,100.000000000
nuscenes,scene-1094_014,lateral,-0.100000000,m,9,Car,15.279862382,"middle [10,30)",0,0.000000000,199,199,100.000000000,100.000000000
nuscenes,scene-1094_014,lateral,-0.050000000,m,0,Car,11.105749380,"middle [10,30)",0,0.000000000,180,180,100.000000000,100.000000000
nuscenes,scene-1094_014,lateral,-0.050000000,m,1,Car,26.098817433,"middle [10,30)",0,0.000000000,14,14,100.000000000,100.000000000
nuscenes,scene-1094_014,lateral,-0.050000000,m,2,Car,32.178824042,"far [30,inf)",2,0.000000000,11,11,100.000000000,100.000000000
nuscenes,scene-1094_014,lateral,-0.050000000,m,3,Car,37.403685084,"far [30,inf)",2,0.000000000,16,16,100.000000000,100.000000000
nuscenes,scene-1094_014,lateral,-0.050000000,m,4,Car,10.638916235,"middle [10,30)",0,0.000000000,99,99,100.000000000,100.000000000
nuscenes,scene-1094_014,lateral,-0.050000000,m,6,Car,21.153940966,"middle [10,30)",2,0.000000000,11,11,100.000000000,100.000000000
nuscenes,scene-1094_014,lateral,-0.050000000,m,8,Car,14.021016263,"middle [10,30)",2,0.000000000,48,48,100.000000000,100.000000000
nuscenes,scene-1094_014,lateral,-0.050000000,m,9,Car,15.279862382,"middle [10,30)",0,0.000000000,199,199,100.000000000,100.000000000
nuscenes,scene-1094_014,lateral,-0.020000000,m,0,Car,11.105749380,"middle [10,30)",0,0.000000000,180,180,100.000000000,100.000000000
nuscenes,scene-1094_014,lateral,-0.020000000,m,1,Car,26.098817433,"middle [10,30)",0,0.000000000,14,14,100.000000000,100.000000000
nuscenes,scene-1094_014,lateral,-0.020000000,m,2,Car,32.178824042,"far [30,inf)",2,0.000000000,11,11,100.000000000,100.000000000
nuscenes,scene-1094_014,lateral,-0.020000000,m,3,Car,37.403685084,"far [30,inf)",2,0.000000000,16,16,100.000000000,100.000000000
nuscenes,scene-1094_014,lateral,-0.020000000,m,4,Car,10.638916235,"middle [10,30)",0,0.000000000,99,99,100.000000000,100.000000000
nuscenes,scene-1094_014,lateral,-0.020000000,m,6,Car,21.153940966,"middle [10,30)",2,0.000000000,11,11,100.000000000,100.000000000
nuscenes,scene-1094_014,lateral,-0.020000000,m,8,Car,14.021016263,"middle [10,30)",2,0.000000000,48,48,100.000000000,100.000000000
nuscenes,scene-1094_014,lateral,-0.020000000,m,9,Car,15.279862382,"middle [10,30)",0,0.000000000,199,199,100.000000000,100.000000000
nuscenes,scene-1094_014,lateral,0.000000000,m,0,Car,11.105749380,"middle [10,30)",0,0.000000000,180,180,100.000000000,100.000000000
nuscenes,scene-1094_014,lateral,0.000000000,m,1,Car,26.098817433,"middle [10,30)",0,0.000000000,14,14,100.000000000,100.000000000
nuscenes,scene-1094_014,lateral,0.000000000,m,2,Car,32.178824042,"far [30,inf)",2,0.000000000,11,11,100.000000000,100.000000000
nuscenes,scene-1094_014,lateral,0.000000000,m,3,Car,37.403685084,"far [30,inf)",2,0.000000000,16,16,100.000000000,100.000000000
nuscenes,scene-1094_014,lateral,0.000000000,m,4,Car,10.638916235,"middle [10,30)",0,0.000000000,99,99,100.000000000,100.000000000
nuscenes,scene-1094_014,lateral,0.000000000,m,6,Car,21.153940966,"middle [10,30)",2,0.000000000,11,11,100.000000000,100.000000000
nuscenes,scene-1094_014,lateral,0.000000000,m,8,Car,14.021016263,"middle [10,30)",2,0.000000000,48,48,100.000000000,100.000000000
nuscenes,scene-1094_014,lateral,0.000000000,m,9,Car,15.279862382,"middle [10,30)",0,0.000000000,199,199,100.000000000,100.000000000
nuscenes,scene-1094_014,lateral,0.020000000,m,0,Car,11.105749380,"middle [10,30)",0,0.000000000,180,180,100.000000000,100.000000000
nuscenes,scene-1094_014,lateral,0.020000000,m,1,Car,26.098817433,"middle [10,30)",0,0.000000000,14,14,100.000000000,100.000000000
nuscenes,scene-1094_014,lateral,0.020000000,m,2,Car,32.178824042,"far [30,inf)",2,0.000000000,11,11,100.000000000,100.000000000
nuscenes,scene-1094_014,lateral,0.020000000,m,3,Car,37.403685084,"far [30,inf)",2,0.000000000,16,16,100.000000000,100.000000000
nuscenes,scene-1094_014,lateral,0.020000000,m,4,Car,10.638916235,"middle [10,30)",0,0.000000000,99,99,100.000000000,100.000000000
nuscenes,scene-1094_014,lateral,0.020000000,m,6,Car,21.153940966,"middle [10,30)",2,0.000000000,11,11,100.000000000,100.000000000
nuscenes,scene-1094_014,lateral,0.020000000,m,8,Car,14.021016263,"middle [10,30)",2,0.000000000,48,48,100.000000000,100.000000000
nuscenes,scene-1094_014,lateral,0.020000000,m,9,Car,15.279862382,"middle [10,30)",0,0.000000000,199,199,100.000000000,100.000000000
nuscenes,scene-1094_014,lateral,0.050000000,m,0,Car,11.105749380,"middle [10,30)",0,0.000000000,180,180,100.000000000,100.000000000
nuscenes,scene-1094_014,lateral,0.050000000,m,1,Car,26.098817433,"middle [10,30)",0,0.000000000,14,14,100.000000000,100.000000000
nuscenes,scene-1094_014,lateral,0.050000000,m,2,Car,32.178824042,"far [30,inf)",2,0.000000000,11,11,100.000000000,100.000000000
nuscenes,scene-1094_014,lateral,0.050000000,m,3,Car,37.403685084,"far [30,inf)",2,0.000000000,16,16,100.000000000,100.000000000
nuscenes,scene-1094_014,lateral,0.050000000,m,4,Car,10.638916235,"middle [10,30)",0,0.000000000,99,99,100.000000000,100.000000000
nuscenes,scene-1094_014,lateral,0.050000000,m,6,Car,21.153940966,"middle [10,30)",2,0.000000000,11,11,100.000000000,100.000000000
nuscenes,scene-1094_014,lateral,0.050000000,m,8,Car,14.021016263,"middle [10,30)",2,0.000000000,48,48,100.000000000,100.000000000
nuscenes,scene-1094_014,lateral,0.050000000,m,9,Car,15.279862382,"middle [10,30)",0,0.000000000,199,199,100.000000000,100.000000000
nuscenes,scene-1094_014,lateral,0.100000000,m,0,Car,11.105749380,"middle [10,30)",0,0.000000000,180,180,100.000000000,100.000000000
nuscenes,scene-1094_014,lateral,0.100000000,m,1,Car,26.098817433,"middle [10,30)",0,0.000000000,14,14,100.000000000,100.000000000
nuscenes,scene-1094_014,lateral,0.100000000,m,2,Car,32.178824042,"far [30,inf)",2,0.000000000,11,11,100.000000000,100.000000000
nuscenes,scene-1094_014,lateral,0.100000000,m,3,Car,37.403685084,"far [30,inf)",2,0.000000000,16,16,100.000000000,100.000000000
nuscenes,scene-1094_014,lateral,0.100000000,m,4,Car,10.638916235,"middle [10,30)",0,0.000000000,99,98,98.989898990,100.000000000
nuscenes,scene-1094_014,lateral,0.100000000,m,6,Car,21.153940966,"middle [10,30)",2,0.000000000,11,11,100.000000000,100.000000000
nuscenes,scene-1094_014,lateral,0.100000000,m,8,Car,14.021016263,"middle [10,30)",2,0.000000000,48,48,100.000000000,100.000000000
nuscenes,scene-1094_014,lateral,0.100000000,m,9,Car,15.279862382,"middle [10,30)",0,0.000000000,199,199,100.000000000,100.000000000
nuscenes,scene-1094_015,yaw,-3.000000000,deg,0,Car,8.558765987,"near [0,10)",0,0.144494315,275,219,79.636363636,100.000000000
nuscenes,scene-1094_015,yaw,-3.000000000,deg,1,Car,24.220188245,"middle [10,30)",0,0.000000000,18,11,61.111111111,100.000000000
nuscenes,scene-1094_015,yaw,-3.000000000,deg,2,Car,29.859696030,"middle [10,30)",2,0.000000000,13,7,53.846153846,100.000000000
nuscenes,scene-1094_015,yaw,-3.000000000,deg,3,Car,35.733218207,"far [30,inf)",2,0.000000000,16,10,62.500000000,100.000000000
nuscenes,scene-1094_015,yaw,-3.000000000,deg,4,Car,12.531633506,"middle [10,30)",0,0.000000000,86,60,69.767441860,100.000000000
nuscenes,scene-1094_015,yaw,-3.000000000,deg,5,Car,19.249919315,"middle [10,30)",1,0.000000000,28,28,100.000000000,100.000000000
nuscenes,scene-1094_015,yaw,-3.000000000,deg,9,Car,14.556226914,"middle [10,30)",0,0.797408499,43,12,27.906976744,100.000000000
nuscenes,scene-1094_015,yaw,-2.000000000,deg,0,Car,8.558765987,"near [0,10)",0,0.144494315,275,239,86.909090909,100.000000000
nuscenes,scene-1094_015,yaw,-2.000000000,deg,1,Car,24.220188245,"middle [10,30)",0,0.000000000,18,14,77.777777778,100.000000000
nuscenes,scene-1094_015,yaw,-2.000000000,deg,2,Car,29.859696030,"middle [10,30)",2,0.000000000,13,12,92.307692308,100.000000000
nuscenes,scene-1094_015,yaw,-2.000000000,deg,3,Car,35.733218207,"far [30,inf)",2,0.000000000,16,13,81.250000000,100.000000000
nuscenes,scene-1094_015,yaw,-2.000000000,deg,4,Car,12.531633506,"middle [10,30)",0,0.000000000,86,71,82.558139535,100.000000000
nuscenes,scene-1094_015,yaw,-2.000000000,deg,5,Car,19.249919315,"middle [10,30)",1,0.000000000,28,28,100.000000000,100.000000000
nuscenes,scene-1094_015,yaw,-2.000000000,deg,9,Car,14.556226914,"middle [10,30)",0,0.797408499,43,20,46.511627907,100.000000000
nuscenes,scene-1094_015,yaw,-1.000000000,deg,0,Car,8.558765987,"near [0,10)",0,0.144494315,275,257,93.454545455,100.000000000
nuscenes,scene-1094_015,yaw,-1.000000000,deg,1,Car,24.220188245,"middle [10,30)",0,0.000000000,18,17,94.444444444,100.000000000
nuscenes,scene-1094_015,yaw,-1.000000000,deg,2,Car,29.859696030,"middle [10,30)",2,0.000000000,13,13,100.000000000,100.000000000
nuscenes,scene-1094_015,yaw,-1.000000000,deg,3,Car,35.733218207,"far [30,inf)",2,0.000000000,16,16,100.000000000,100.000000000
nuscenes,scene-1094_015,yaw,-1.000000000,deg,4,Car,12.531633506,"middle [10,30)",0,0.000000000,86,82,95.348837209,100.000000000
nuscenes,scene-1094_015,yaw,-1.000000000,deg,5,Car,19.249919315,"middle [10,30)",1,0.000000000,28,28,100.000000000,100.000000000
nuscenes,scene-1094_015,yaw,-1.000000000,deg,9,Car,14.556226914,"middle [10,30)",0,0.797408499,43,31,72.093023256,100.000000000
nuscenes,scene-1094_015,yaw,-0.500000000,deg,0,Car,8.558765987,"near [0,10)",0,0.144494315,275,268,97.454545455,100.000000000
nuscenes,scene-1094_015,yaw,-0.500000000,deg,1,Car,24.220188245,"middle [10,30)",0,0.000000000,18,18,100.000000000,100.000000000
nuscenes,scene-1094_015,yaw,-0.500000000,deg,2,Car,29.859696030,"middle [10,30)",2,0.000000000,13,13,100.000000000,100.000000000
nuscenes,scene-1094_015,yaw,-0.500000000,deg,3,Car,35.733218207,"far [30,inf)",2,0.000000000,16,16,100.000000000,100.000000000
nuscenes,scene-1094_015,yaw,-0.500000000,deg,4,Car,12.531633506,"middle [10,30)",0,0.000000000,86,85,98.837209302,100.000000000
nuscenes,scene-1094_015,yaw,-0.500000000,deg,5,Car,19.249919315,"middle [10,30)",1,0.000000000,28,28,100.000000000,100.000000000
nuscenes,scene-1094_015,yaw,-0.500000000,deg,9,Car,14.556226914,"middle [10,30)",0,0.797408499,43,39,90.697674419,100.000000000
nuscenes,scene-1094_015,yaw,0.000000000,deg,0,Car,8.558765987,"near [0,10)",0,0.144494315,275,275,100.000000000,100.000000000
nuscenes,scene-1094_015,yaw,0.000000000,deg,1,Car,24.220188245,"middle [10,30)",0,0.000000000,18,18,100.000000000,100.000000000
nuscenes,scene-1094_015,yaw,0.000000000,deg,2,Car,29.859696030,"middle [10,30)",2,0.000000000,13,13,100.000000000,100.000000000
nuscenes,scene-1094_015,yaw,0.000000000,deg,3,Car,35.733218207,"far [30,inf)",2,0.000000000,16,16,100.000000000,100.000000000
nuscenes,scene-1094_015,yaw,0.000000000,deg,4,Car,12.531633506,"middle [10,30)",0,0.000000000,86,86,100.000000000,100.000000000
nuscenes,scene-1094_015,yaw,0.000000000,deg,5,Car,19.249919315,"middle [10,30)",1,0.000000000,28,28,100.000000000,100.000000000
nuscenes,scene-1094_015,yaw,0.000000000,deg,9,Car,14.556226914,"middle [10,30)",0,0.797408499,43,43,100.000000000,100.000000000
nuscenes,scene-1094_015,yaw,0.500000000,deg,0,Car,8.558765987,"near [0,10)",0,0.144494315,275,275,100.000000000,100.000000000
nuscenes,scene-1094_015,yaw,0.500000000,deg,1,Car,24.220188245,"middle [10,30)",0,0.000000000,18,18,100.000000000,100.000000000
nuscenes,scene-1094_015,yaw,0.500000000,deg,2,Car,29.859696030,"middle [10,30)",2,0.000000000,13,13,100.000000000,100.000000000
nuscenes,scene-1094_015,yaw,0.500000000,deg,3,Car,35.733218207,"far [30,inf)",2,0.000000000,16,16,100.000000000,100.000000000
nuscenes,scene-1094_015,yaw,0.500000000,deg,4,Car,12.531633506,"middle [10,30)",0,0.000000000,86,84,97.674418605,100.000000000
nuscenes,scene-1094_015,yaw,0.500000000,deg,5,Car,19.249919315,"middle [10,30)",1,0.000000000,28,26,92.857142857,100.000000000
nuscenes,scene-1094_015,yaw,0.500000000,deg,9,Car,14.556226914,"middle [10,30)",0,0.797408499,43,43,100.000000000,100.000000000
nuscenes,scene-1094_015,yaw,1.000000000,deg,0,Car,8.558765987,"near [0,10)",0,0.144494315,275,272,98.909090909,100.000000000
nuscenes,scene-1094_015,yaw,1.000000000,deg,1,Car,24.220188245,"middle [10,30)",0,0.000000000,18,18,100.000000000,100.000000000
nuscenes,scene-1094_015,yaw,1.000000000,deg,2,Car,29.859696030,"middle [10,30)",2,0.000000000,13,13,100.000000000,100.000000000
nuscenes,scene-1094_015,yaw,1.000000000,deg,3,Car,35.733218207,"far [30,inf)",2,0.000000000,16,15,93.750000000,100.000000000
nuscenes,scene-1094_015,yaw,1.000000000,deg,4,Car,12.531633506,"middle [10,30)",0,0.000000000,86,78,90.697674419,100.000000000
nuscenes,scene-1094_015,yaw,1.000000000,deg,5,Car,19.249919315,"middle [10,30)",1,0.000000000,28,24,85.714285714,100.000000000
nuscenes,scene-1094_015,yaw,1.000000000,deg,9,Car,14.556226914,"middle [10,30)",0,0.797408499,43,43,100.000000000,100.000000000
nuscenes,scene-1094_015,yaw,2.000000000,deg,0,Car,8.558765987,"near [0,10)",0,0.144494315,275,259,94.181818182,100.000000000
nuscenes,scene-1094_015,yaw,2.000000000,deg,1,Car,24.220188245,"middle [10,30)",0,0.000000000,18,16,88.888888889,100.000000000
nuscenes,scene-1094_015,yaw,2.000000000,deg,2,Car,29.859696030,"middle [10,30)",2,0.000000000,13,12,92.307692308,100.000000000
nuscenes,scene-1094_015,yaw,2.000000000,deg,3,Car,35.733218207,"far [30,inf)",2,0.000000000,16,9,56.250000000,100.000000000
nuscenes,scene-1094_015,yaw,2.000000000,deg,4,Car,12.531633506,"middle [10,30)",0,0.000000000,86,76,88.372093023,100.000000000
nuscenes,scene-1094_015,yaw,2.000000000,deg,5,Car,19.249919315,"middle [10,30)",1,0.000000000,28,20,71.428571429,100.000000000
nuscenes,scene-1094_015,yaw,2.000000000,deg,9,Car,14.556226914,"middle [10,30)",0,0.797408499,43,37,86.046511628,100.000000000
nuscenes,scene-1094_015,yaw,3.000000000,deg,0,Car,8.558765987,"near [0,10)",0,0.144494315,275,241,87.636363636,100.000000000
nuscenes,scene-1094_015,yaw,3.000000000,deg,1,Car,24.220188245,"middle [10,30)",0,0.000000000,18,15,83.333333333,100.000000000
nuscenes,scene-1094_015,yaw,3.000000000,deg,2,Car,29.859696030,"middle [10,30)",2,0.000000000,13,6,46.153846154,100.000000000
nuscenes,scene-1094_015,yaw,3.000000000,deg,3,Car,35.733218207,"far [30,inf)",2,0.000000000,16,6,37.500000000,100.000000000
nuscenes,scene-1094_015,yaw,3.000000000,deg,4,Car,12.531633506,"middle [10,30)",0,0.000000000,86,64,74.418604651,100.000000000
nuscenes,scene-1094_015,yaw,3.000000000,deg,5,Car,19.249919315,"middle [10,30)",1,0.000000000,28,14,50.000000000,100.000000000
nuscenes,scene-1094_015,yaw,3.000000000,deg,9,Car,14.556226914,"middle [10,30)",0,0.797408499,43,29,67.441860465,100.000000000
nuscenes,scene-1094_015,lateral,-0.100000000,m,0,Car,8.558765987,"near [0,10)",0,0.144494315,275,275,100.000000000,100.000000000
nuscenes,scene-1094_015,lateral,-0.100000000,m,1,Car,24.220188245,"middle [10,30)",0,0.000000000,18,18,100.000000000,100.000000000
nuscenes,scene-1094_015,lateral,-0.100000000,m,2,Car,29.859696030,"middle [10,30)",2,0.000000000,13,13,100.000000000,100.000000000
nuscenes,scene-1094_015,lateral,-0.100000000,m,3,Car,35.733218207,"far [30,inf)",2,0.000000000,16,16,100.000000000,100.000000000
nuscenes,scene-1094_015,lateral,-0.100000000,m,4,Car,12.531633506,"middle [10,30)",0,0.000000000,86,86,100.000000000,100.000000000
nuscenes,scene-1094_015,lateral,-0.100000000,m,5,Car,19.249919315,"middle [10,30)",1,0.000000000,28,27,96.428571429,100.000000000
nuscenes,scene-1094_015,lateral,-0.100000000,m,9,Car,14.556226914,"middle [10,30)",0,0.797408499,43,43,100.000000000,100.000000000
nuscenes,scene-1094_015,lateral,-0.050000000,m,0,Car,8.558765987,"near [0,10)",0,0.144494315,275,275,100.000000000,100.000000000
nuscenes,scene-1094_015,lateral,-0.050000000,m,1,Car,24.220188245,"middle [10,30)",0,0.000000000,18,18,100.000000000,100.000000000
nuscenes,scene-1094_015,lateral,-0.050000000,m,2,Car,29.859696030,"middle [10,30)",2,0.000000000,13,13,100.000000000,100.000000000
nuscenes,scene-1094_015,lateral,-0.050000000,m,3,Car,35.733218207,"far [30,inf)",2,0.000000000,16,16,100.000000000,100.000000000
nuscenes,scene-1094_015,lateral,-0.050000000,m,4,Car,12.531633506,"middle [10,30)",0,0.000000000,86,86,100.000000000,100.000000000
nuscenes,scene-1094_015,lateral,-0.050000000,m,5,Car,19.249919315,"middle [10,30)",1,0.000000000,28,28,100.000000000,100.000000000
nuscenes,scene-1094_015,lateral,-0.050000000,m,9,Car,14.556226914,"middle [10,30)",0,0.797408499,43,43,100.000000000,100.000000000
nuscenes,scene-1094_015,lateral,-0.020000000,m,0,Car,8.558765987,"near [0,10)",0,0.144494315,275,275,100.000000000,100.000000000
nuscenes,scene-1094_015,lateral,-0.020000000,m,1,Car,24.220188245,"middle [10,30)",0,0.000000000,18,18,100.000000000,100.000000000
nuscenes,scene-1094_015,lateral,-0.020000000,m,2,Car,29.859696030,"middle [10,30)",2,0.000000000,13,13,100.000000000,100.000000000
nuscenes,scene-1094_015,lateral,-0.020000000,m,3,Car,35.733218207,"far [30,inf)",2,0.000000000,16,16,100.000000000,100.000000000
nuscenes,scene-1094_015,lateral,-0.020000000,m,4,Car,12.531633506,"middle [10,30)",0,0.000000000,86,86,100.000000000,100.000000000
nuscenes,scene-1094_015,lateral,-0.020000000,m,5,Car,19.249919315,"middle [10,30)",1,0.000000000,28,28,100.000000000,100.000000000
nuscenes,scene-1094_015,lateral,-0.020000000,m,9,Car,14.556226914,"middle [10,30)",0,0.797408499,43,43,100.000000000,100.000000000
nuscenes,scene-1094_015,lateral,0.000000000,m,0,Car,8.558765987,"near [0,10)",0,0.144494315,275,275,100.000000000,100.000000000
nuscenes,scene-1094_015,lateral,0.000000000,m,1,Car,24.220188245,"middle [10,30)",0,0.000000000,18,18,100.000000000,100.000000000
nuscenes,scene-1094_015,lateral,0.000000000,m,2,Car,29.859696030,"middle [10,30)",2,0.000000000,13,13,100.000000000,100.000000000
nuscenes,scene-1094_015,lateral,0.000000000,m,3,Car,35.733218207,"far [30,inf)",2,0.000000000,16,16,100.000000000,100.000000000
nuscenes,scene-1094_015,lateral,0.000000000,m,4,Car,12.531633506,"middle [10,30)",0,0.000000000,86,86,100.000000000,100.000000000
nuscenes,scene-1094_015,lateral,0.000000000,m,5,Car,19.249919315,"middle [10,30)",1,0.000000000,28,28,100.000000000,100.000000000
nuscenes,scene-1094_015,lateral,0.000000000,m,9,Car,14.556226914,"middle [10,30)",0,0.797408499,43,43,100.000000000,100.000000000
nuscenes,scene-1094_015,lateral,0.020000000,m,0,Car,8.558765987,"near [0,10)",0,0.144494315,275,274,99.636363636,100.000000000
nuscenes,scene-1094_015,lateral,0.020000000,m,1,Car,24.220188245,"middle [10,30)",0,0.000000000,18,18,100.000000000,100.000000000
nuscenes,scene-1094_015,lateral,0.020000000,m,2,Car,29.859696030,"middle [10,30)",2,0.000000000,13,13,100.000000000,100.000000000
nuscenes,scene-1094_015,lateral,0.020000000,m,3,Car,35.733218207,"far [30,inf)",2,0.000000000,16,16,100.000000000,100.000000000
nuscenes,scene-1094_015,lateral,0.020000000,m,4,Car,12.531633506,"middle [10,30)",0,0.000000000,86,86,100.000000000,100.000000000
nuscenes,scene-1094_015,lateral,0.020000000,m,5,Car,19.249919315,"middle [10,30)",1,0.000000000,28,28,100.000000000,100.000000000
nuscenes,scene-1094_015,lateral,0.020000000,m,9,Car,14.556226914,"middle [10,30)",0,0.797408499,43,43,100.000000000,100.000000000
nuscenes,scene-1094_015,lateral,0.050000000,m,0,Car,8.558765987,"near [0,10)",0,0.144494315,275,270,98.181818182,100.000000000
nuscenes,scene-1094_015,lateral,0.050000000,m,1,Car,24.220188245,"middle [10,30)",0,0.000000000,18,18,100.000000000,100.000000000
nuscenes,scene-1094_015,lateral,0.050000000,m,2,Car,29.859696030,"middle [10,30)",2,0.000000000,13,13,100.000000000,100.000000000
nuscenes,scene-1094_015,lateral,0.050000000,m,3,Car,35.733218207,"far [30,inf)",2,0.000000000,16,16,100.000000000,100.000000000
nuscenes,scene-1094_015,lateral,0.050000000,m,4,Car,12.531633506,"middle [10,30)",0,0.000000000,86,86,100.000000000,100.000000000
nuscenes,scene-1094_015,lateral,0.050000000,m,5,Car,19.249919315,"middle [10,30)",1,0.000000000,28,28,100.000000000,100.000000000
nuscenes,scene-1094_015,lateral,0.050000000,m,9,Car,14.556226914,"middle [10,30)",0,0.797408499,43,43,100.000000000,100.000000000
nuscenes,scene-1094_015,lateral,0.100000000,m,0,Car,8.558765987,"near [0,10)",0,0.144494315,275,268,97.454545455,100.000000000
nuscenes,scene-1094_015,lateral,0.100000000,m,1,Car,24.220188245,"middle [10,30)",0,0.000000000,18,18,100.000000000,100.000000000
nuscenes,scene-1094_015,lateral,0.100000000,m,2,Car,29.859696030,"middle [10,30)",2,0.000000000,13,13,100.000000000,100.000000000
nuscenes,scene-1094_015,lateral,0.100000000,m,3,Car,35.733218207,"far [30,inf)",2,0.000000000,16,16,100.000000000,100.000000000
nuscenes,scene-1094_015,lateral,0.100000000,m,4,Car,12.531633506,"middle [10,30)",0,0.000000000,86,86,100.000000000,100.000000000
nuscenes,scene-1094_015,lateral,0.100000000,m,5,Car,19.249919315,"middle [10,30)",1,0.000000000,28,28,100.000000000,100.000000000
nuscenes,scene-1094_015,lateral,0.100000000,m,9,Car,14.556226914,"middle [10,30)",0,0.797408499,43,39,90.697674419,100.000000000
nuscenes,scene-1094_016,yaw,-3.000000000,deg,0,Car,9.030702407,"near [0,10)",0,0.966740559,16,0,0.000000000,93.750000000
nuscenes,scene-1094_016,yaw,-3.000000000,deg,1,Car,21.342545804,"middle [10,30)",0,0.000000000,22,17,77.272727273,100.000000000
nuscenes,scene-1094_016,yaw,-3.000000000,deg,2,Car,24.727089528,"middle [10,30)",2,0.000000000,20,12,60.000000000,100.000000000
nuscenes,scene-1094_016,yaw,-3.000000000,deg,3,Car,32.784676121,"far [30,inf)",2,0.000000000,17,13,76.470588235,100.000000000
nuscenes,scene-1094_016,yaw,-3.000000000,deg,4,Car,13.986169162,"middle [10,30)",0,0.000000000,72,44,61.111111111,100.000000000
nuscenes,scene-1094_016,yaw,-3.000000000,deg,5,Car,14.312594214,"middle [10,30)",0,0.334131304,23,13,56.521739130,100.000000000
nuscenes,scene-1094_016,yaw,-2.000000000,deg,0,Car,9.030702407,"near [0,10)",0,0.966740559,16,0,0.000000000,93.750000000
nuscenes,scene-1094_016,yaw,-2.000000000,deg,1,Car,21.342545804,"middle [10,30)",0,0.000000000,22,21,95.454545455,100.000000000
nuscenes,scene-1094_016,yaw,-2.000000000,deg,2,Car,24.727089528,"middle [10,30)",2,0.000000000,20,18,90.000000000,100.000000000
nuscenes,scene-1094_016,yaw,-2.000000000,deg,3,Car,32.784676121,"far [30,inf)",2,0.000000000,17,16,94.117647059,100.000000000
nuscenes,scene-1094_016,yaw,-2.000000000,deg,4,Car,13.986169162,"middle [10,30)",0,0.000000000,72,56,77.777777778,100.000000000
nuscenes,scene-1094_016,yaw,-2.000000000,deg,5,Car,14.312594214,"middle [10,30)",0,0.334131304,23,21,91.304347826,100.000000000
nuscenes,scene-1094_016,yaw,-1.000000000,deg,0,Car,9.030702407,"near [0,10)",0,0.966740559,16,0,0.000000000,93.750000000
nuscenes,scene-1094_016,yaw,-1.000000000,deg,1,Car,21.342545804,"middle [10,30)",0,0.000000000,22,22,100.000000000,100.000000000
nuscenes,scene-1094_016,yaw,-1.000000000,deg,2,Car,24.727089528,"middle [10,30)",2,0.000000000,20,20,100.000000000,100.000000000
nuscenes,scene-1094_016,yaw,-1.000000000,deg,3,Car,32.784676121,"far [30,inf)",2,0.000000000,17,17,100.000000000,100.000000000
nuscenes,scene-1094_016,yaw,-1.000000000,deg,4,Car,13.986169162,"middle [10,30)",0,0.000000000,72,68,94.444444444,100.000000000
nuscenes,scene-1094_016,yaw,-1.000000000,deg,5,Car,14.312594214,"middle [10,30)",0,0.334131304,23,23,100.000000000,100.000000000
nuscenes,scene-1094_016,yaw,-0.500000000,deg,0,Car,9.030702407,"near [0,10)",0,0.966740559,16,5,31.250000000,93.750000000
nuscenes,scene-1094_016,yaw,-0.500000000,deg,1,Car,21.342545804,"middle [10,30)",0,0.000000000,22,22,100.000000000,100.000000000
nuscenes,scene-1094_016,yaw,-0.500000000,deg,2,Car,24.727089528,"middle [10,30)",2,0.000000000,20,20,100.000000000,100.000000000
nuscenes,scene-1094_016,yaw,-0.500000000,deg,3,Car,32.784676121,"far [30,inf)",2,0.000000000,17,17,100.000000000,100.000000000
nuscenes,scene-1094_016,yaw,-0.500000000,deg,4,Car,13.986169162,"middle [10,30)",0,0.000000000,72,71,98.611111111,100.000000000
nuscenes,scene-1094_016,yaw,-0.500000000,deg,5,Car,14.312594214,"middle [10,30)",0,0.334131304,23,23,100.000000000,100.000000000
nuscenes,scene-1094_016,yaw,0.000000000,deg,0,Car,9.030702407,"near [0,10)",0,0.966740559,16,15,93.750000000,93.750000000
nuscenes,scene-1094_016,yaw,0.000000000,deg,1,Car,21.342545804,"middle [10,30)",0,0.000000000,22,22,100.000000000,100.000000000
nuscenes,scene-1094_016,yaw,0.000000000,deg,2,Car,24.727089528,"middle [10,30)",2,0.000000000,20,20,100.000000000,100.000000000
nuscenes,scene-1094_016,yaw,0.000000000,deg,3,Car,32.784676121,"far [30,inf)",2,0.000000000,17,17,100.000000000,100.000000000
nuscenes,scene-1094_016,yaw,0.000000000,deg,4,Car,13.986169162,"middle [10,30)",0,0.000000000,72,72,100.000000000,100.000000000
nuscenes,scene-1094_016,yaw,0.000000000,deg,5,Car,14.312594214,"middle [10,30)",0,0.334131304,23,23,100.000000000,100.000000000
nuscenes,scene-1094_016,yaw,0.500000000,deg,0,Car,9.030702407,"near [0,10)",0,0.966740559,16,16,100.000000000,93.750000000
nuscenes,scene-1094_016,yaw,0.500000000,deg,1,Car,21.342545804,"middle [10,30)",0,0.000000000,22,22,100.000000000,100.000000000
nuscenes,scene-1094_016,yaw,0.500000000,deg,2,Car,24.727089528,"middle [10,30)",2,0.000000000,20,20,100.000000000,100.000000000
nuscenes,scene-1094_016,yaw,0.500000000,deg,3,Car,32.784676121,"far [30,inf)",2,0.000000000,17,17,100.000000000,100.000000000
nuscenes,scene-1094_016,yaw,0.500000000,deg,4,Car,13.986169162,"middle [10,30)",0,0.000000000,72,71,98.611111111,100.000000000
nuscenes,scene-1094_016,yaw,0.500000000,deg,5,Car,14.312594214,"middle [10,30)",0,0.334131304,23,23,100.000000000,100.000000000
nuscenes,scene-1094_016,yaw,1.000000000,deg,0,Car,9.030702407,"near [0,10)",0,0.966740559,16,6,37.500000000,93.750000000
nuscenes,scene-1094_016,yaw,1.000000000,deg,1,Car,21.342545804,"middle [10,30)",0,0.000000000,22,22,100.000000000,100.000000000
nuscenes,scene-1094_016,yaw,1.000000000,deg,2,Car,24.727089528,"middle [10,30)",2,0.000000000,20,20,100.000000000,100.000000000
nuscenes,scene-1094_016,yaw,1.000000000,deg,3,Car,32.784676121,"far [30,inf)",2,0.000000000,17,14,82.352941176,100.000000000
nuscenes,scene-1094_016,yaw,1.000000000,deg,4,Car,13.986169162,"middle [10,30)",0,0.000000000,72,68,94.444444444,100.000000000
nuscenes,scene-1094_016,yaw,1.000000000,deg,5,Car,14.312594214,"middle [10,30)",0,0.334131304,23,23,100.000000000,100.000000000
nuscenes,scene-1094_016,yaw,2.000000000,deg,0,Car,9.030702407,"near [0,10)",0,0.966740559,16,0,0.000000000,93.750000000
nuscenes,scene-1094_016,yaw,2.000000000,deg,1,Car,21.342545804,"middle [10,30)",0,0.000000000,22,19,86.363636364,100.000000000
nuscenes,scene-1094_016,yaw,2.000000000,deg,2,Car,24.727089528,"middle [10,30)",2,0.000000000,20,19,95.000000000,100.000000000
nuscenes,scene-1094_016,yaw,2.000000000,deg,3,Car,32.784676121,"far [30,inf)",2,0.000000000,17,9,52.941176471,100.000000000
nuscenes,scene-1094_016,yaw,2.000000000,deg,4,Car,13.986169162,"middle [10,30)",0,0.000000000,72,61,84.722222222,100.000000000
nuscenes,scene-1094_016,yaw,2.000000000,deg,5,Car,14.312594214,"middle [10,30)",0,0.334131304,23,22,95.652173913,100.000000000
nuscenes,scene-1094_016,yaw,3.000000000,deg,0,Car,9.030702407,"near [0,10)",0,0.966740559,16,0,0.000000000,93.750000000
nuscenes,scene-1094_016,yaw,3.000000000,deg,1,Car,21.342545804,"middle [10,30)",0,0.000000000,22,16,72.727272727,100.000000000
nuscenes,scene-1094_016,yaw,3.000000000,deg,2,Car,24.727089528,"middle [10,30)",2,0.000000000,20,11,55.000000000,100.000000000
nuscenes,scene-1094_016,yaw,3.000000000,deg,3,Car,32.784676121,"far [30,inf)",2,0.000000000,17,6,35.294117647,100.000000000
nuscenes,scene-1094_016,yaw,3.000000000,deg,4,Car,13.986169162,"middle [10,30)",0,0.000000000,72,53,73.611111111,100.000000000
nuscenes,scene-1094_016,yaw,3.000000000,deg,5,Car,14.312594214,"middle [10,30)",0,0.334131304,23,22,95.652173913,100.000000000
nuscenes,scene-1094_016,lateral,-0.100000000,m,0,Car,9.030702407,"near [0,10)",0,0.966740559,16,16,100.000000000,93.750000000
nuscenes,scene-1094_016,lateral,-0.100000000,m,1,Car,21.342545804,"middle [10,30)",0,0.000000000,22,22,100.000000000,100.000000000
nuscenes,scene-1094_016,lateral,-0.100000000,m,2,Car,24.727089528,"middle [10,30)",2,0.000000000,20,20,100.000000000,100.000000000
nuscenes,scene-1094_016,lateral,-0.100000000,m,3,Car,32.784676121,"far [30,inf)",2,0.000000000,17,17,100.000000000,100.000000000
nuscenes,scene-1094_016,lateral,-0.100000000,m,4,Car,13.986169162,"middle [10,30)",0,0.000000000,72,71,98.611111111,100.000000000
nuscenes,scene-1094_016,lateral,-0.100000000,m,5,Car,14.312594214,"middle [10,30)",0,0.334131304,23,23,100.000000000,100.000000000
nuscenes,scene-1094_016,lateral,-0.050000000,m,0,Car,9.030702407,"near [0,10)",0,0.966740559,16,16,100.000000000,93.750000000
nuscenes,scene-1094_016,lateral,-0.050000000,m,1,Car,21.342545804,"middle [10,30)",0,0.000000000,22,22,100.000000000,100.000000000
nuscenes,scene-1094_016,lateral,-0.050000000,m,2,Car,24.727089528,"middle [10,30)",2,0.000000000,20,20,100.000000000,100.000000000
nuscenes,scene-1094_016,lateral,-0.050000000,m,3,Car,32.784676121,"far [30,inf)",2,0.000000000,17,17,100.000000000,100.000000000
nuscenes,scene-1094_016,lateral,-0.050000000,m,4,Car,13.986169162,"middle [10,30)",0,0.000000000,72,72,100.000000000,100.000000000
nuscenes,scene-1094_016,lateral,-0.050000000,m,5,Car,14.312594214,"middle [10,30)",0,0.334131304,23,23,100.000000000,100.000000000
nuscenes,scene-1094_016,lateral,-0.020000000,m,0,Car,9.030702407,"near [0,10)",0,0.966740559,16,16,100.000000000,93.750000000
nuscenes,scene-1094_016,lateral,-0.020000000,m,1,Car,21.342545804,"middle [10,30)",0,0.000000000,22,22,100.000000000,100.000000000
nuscenes,scene-1094_016,lateral,-0.020000000,m,2,Car,24.727089528,"middle [10,30)",2,0.000000000,20,20,100.000000000,100.000000000
nuscenes,scene-1094_016,lateral,-0.020000000,m,3,Car,32.784676121,"far [30,inf)",2,0.000000000,17,17,100.000000000,100.000000000
nuscenes,scene-1094_016,lateral,-0.020000000,m,4,Car,13.986169162,"middle [10,30)",0,0.000000000,72,72,100.000000000,100.000000000
nuscenes,scene-1094_016,lateral,-0.020000000,m,5,Car,14.312594214,"middle [10,30)",0,0.334131304,23,23,100.000000000,100.000000000
nuscenes,scene-1094_016,lateral,0.000000000,m,0,Car,9.030702407,"near [0,10)",0,0.966740559,16,15,93.750000000,93.750000000
nuscenes,scene-1094_016,lateral,0.000000000,m,1,Car,21.342545804,"middle [10,30)",0,0.000000000,22,22,100.000000000,100.000000000
nuscenes,scene-1094_016,lateral,0.000000000,m,2,Car,24.727089528,"middle [10,30)",2,0.000000000,20,20,100.000000000,100.000000000
nuscenes,scene-1094_016,lateral,0.000000000,m,3,Car,32.784676121,"far [30,inf)",2,0.000000000,17,17,100.000000000,100.000000000
nuscenes,scene-1094_016,lateral,0.000000000,m,4,Car,13.986169162,"middle [10,30)",0,0.000000000,72,72,100.000000000,100.000000000
nuscenes,scene-1094_016,lateral,0.000000000,m,5,Car,14.312594214,"middle [10,30)",0,0.334131304,23,23,100.000000000,100.000000000
nuscenes,scene-1094_016,lateral,0.020000000,m,0,Car,9.030702407,"near [0,10)",0,0.966740559,16,10,62.500000000,93.750000000
nuscenes,scene-1094_016,lateral,0.020000000,m,1,Car,21.342545804,"middle [10,30)",0,0.000000000,22,22,100.000000000,100.000000000
nuscenes,scene-1094_016,lateral,0.020000000,m,2,Car,24.727089528,"middle [10,30)",2,0.000000000,20,20,100.000000000,100.000000000
nuscenes,scene-1094_016,lateral,0.020000000,m,3,Car,32.784676121,"far [30,inf)",2,0.000000000,17,17,100.000000000,100.000000000
nuscenes,scene-1094_016,lateral,0.020000000,m,4,Car,13.986169162,"middle [10,30)",0,0.000000000,72,72,100.000000000,100.000000000
nuscenes,scene-1094_016,lateral,0.020000000,m,5,Car,14.312594214,"middle [10,30)",0,0.334131304,23,23,100.000000000,100.000000000
nuscenes,scene-1094_016,lateral,0.050000000,m,0,Car,9.030702407,"near [0,10)",0,0.966740559,16,10,62.500000000,93.750000000
nuscenes,scene-1094_016,lateral,0.050000000,m,1,Car,21.342545804,"middle [10,30)",0,0.000000000,22,22,100.000000000,100.000000000
nuscenes,scene-1094_016,lateral,0.050000000,m,2,Car,24.727089528,"middle [10,30)",2,0.000000000,20,20,100.000000000,100.000000000
nuscenes,scene-1094_016,lateral,0.050000000,m,3,Car,32.784676121,"far [30,inf)",2,0.000000000,17,17,100.000000000,100.000000000
nuscenes,scene-1094_016,lateral,0.050000000,m,4,Car,13.986169162,"middle [10,30)",0,0.000000000,72,72,100.000000000,100.000000000
nuscenes,scene-1094_016,lateral,0.050000000,m,5,Car,14.312594214,"middle [10,30)",0,0.334131304,23,23,100.000000000,100.000000000
nuscenes,scene-1094_016,lateral,0.100000000,m,0,Car,9.030702407,"near [0,10)",0,0.966740559,16,5,31.250000000,93.750000000
nuscenes,scene-1094_016,lateral,0.100000000,m,1,Car,21.342545804,"middle [10,30)",0,0.000000000,22,22,100.000000000,100.000000000
nuscenes,scene-1094_016,lateral,0.100000000,m,2,Car,24.727089528,"middle [10,30)",2,0.000000000,20,20,100.000000000,100.000000000
nuscenes,scene-1094_016,lateral,0.100000000,m,3,Car,32.784676121,"far [30,inf)",2,0.000000000,17,17,100.000000000,100.000000000
nuscenes,scene-1094_016,lateral,0.100000000,m,4,Car,13.986169162,"middle [10,30)",0,0.000000000,72,71,98.611111111,100.000000000
nuscenes,scene-1094_016,lateral,0.100000000,m,5,Car,14.312594214,"middle [10,30)",0,0.334131304,23,23,100.000000000,100.000000000
nuscenes,scene-1094_017,yaw,-3.000000000,deg,0,Car,18.286615364,"middle [10,30)",0,0.000000000,27,21,77.777777778,100.000000000
nuscenes,scene-1094_017,yaw,-3.000000000,deg,1,Car,21.574038984,"middle [10,30)",2,0.000000000,22,14,63.636363636,100.000000000
nuscenes,scene-1094_017,yaw,-3.000000000,deg,2,Car,28.544812996,"middle [10,30)",2,0.000000000,16,11,68.750000000,100.000000000
nuscenes,scene-1094_017,yaw,-3.000000000,deg,3,Car,15.191186847,"middle [10,30)",0,0.000000000,64,34,53.125000000,100.000000000
nuscenes,scene-1094_017,yaw,-2.000000000,deg,0,Car,18.286615364,"middle [10,30)",0,0.000000000,27,24,88.888888889,100.000000000
nuscenes,scene-1094_017,yaw,-2.000000000,deg,1,Car,21.574038984,"middle [10,30)",2,0.000000000,22,19,86.363636364,100.000000000
nuscenes,scene-1094_017,yaw,-2.000000000,deg,2,Car,28.544812996,"middle [10,30)",2,0.000000000,16,14,87.500000000,100.000000000
nuscenes,scene-1094_017,yaw,-2.000000000,deg,3,Car,15.191186847,"middle [10,30)",0,0.000000000,64,44,68.750000000,100.000000000
nuscenes,scene-1094_017,yaw,-1.000000000,deg,0,Car,18.286615364,"middle [10,30)",0,0.000000000,27,26,96.296296296,100.000000000
nuscenes,scene-1094_017,yaw,-1.000000000,deg,1,Car,21.574038984,"middle [10,30)",2,0.000000000,22,22,100.000000000,100.000000000
nuscenes,scene-1094_017,yaw,-1.000000000,deg,2,Car,28.544812996,"middle [10,30)",2,0.000000000,16,16,100.000000000,100.000000000
nuscenes,scene-1094_017,yaw,-1.000000000,deg,3,Car,15.191186847,"middle [10,30)",0,0.000000000,64,55,85.937500000,100.000000000
nuscenes,scene-1094_017,yaw,-0.500000000,deg,0,Car,18.286615364,"middle [10,30)",0,0.000000000,27,27,100.000000000,100.000000000
nuscenes,scene-1094_017,yaw,-0.500000000,deg,1,Car,21.574038984,"middle [10,30)",2,0.000000000,22,22,100.000000000,100.000000000
nuscenes,scene-1094_017,yaw,-0.500000000,deg,2,Car,28.544812996,"middle [10,30)",2,0.000000000,16,16,100.000000000,100.000000000
nuscenes,scene-1094_017,yaw,-0.500000000,deg,3,Car,15.191186847,"middle [10,30)",0,0.000000000,64,62,96.875000000,100.000000000
nuscenes,scene-1094_017,yaw,0.000000000,deg,0,Car,18.286615364,"middle [10,30)",0,0.000000000,27,27,100.000000000,100.000000000
nuscenes,scene-1094_017,yaw,0.000000000,deg,1,Car,21.574038984,"middle [10,30)",2,0.000000000,22,22,100.000000000,100.000000000
nuscenes,scene-1094_017,yaw,0.000000000,deg,2,Car,28.544812996,"middle [10,30)",2,0.000000000,16,16,100.000000000,100.000000000
nuscenes,scene-1094_017,yaw,0.000000000,deg,3,Car,15.191186847,"middle [10,30)",0,0.000000000,64,64,100.000000000,100.000000000
nuscenes,scene-1094_017,yaw,0.500000000,deg,0,Car,18.286615364,"middle [10,30)",0,0.000000000,27,27,100.000000000,100.000000000
nuscenes,scene-1094_017,yaw,0.500000000,deg,1,Car,21.574038984,"middle [10,30)",2,0.000000000,22,22,100.000000000,100.000000000
nuscenes,scene-1094_017,yaw,0.500000000,deg,2,Car,28.544812996,"middle [10,30)",2,0.000000000,16,16,100.000000000,100.000000000
nuscenes,scene-1094_017,yaw,0.500000000,deg,3,Car,15.191186847,"middle [10,30)",0,0.000000000,64,63,98.437500000,100.000000000
nuscenes,scene-1094_017,yaw,1.000000000,deg,0,Car,18.286615364,"middle [10,30)",0,0.000000000,27,27,100.000000000,100.000000000
nuscenes,scene-1094_017,yaw,1.000000000,deg,1,Car,21.574038984,"middle [10,30)",2,0.000000000,22,22,100.000000000,100.000000000
nuscenes,scene-1094_017,yaw,1.000000000,deg,2,Car,28.544812996,"middle [10,30)",2,0.000000000,16,16,100.000000000,100.000000000
nuscenes,scene-1094_017,yaw,1.000000000,deg,3,Car,15.191186847,"middle [10,30)",0,0.000000000,64,56,87.500000000,100.000000000
nuscenes,scene-1094_017,yaw,2.000000000,deg,0,Car,18.286615364,"middle [10,30)",0,0.000000000,27,24,88.888888889,100.000000000
nuscenes,scene-1094_017,yaw,2.000000000,deg,1,Car,21.574038984,"middle [10,30)",2,0.000000000,22,21,95.454545455,100.000000000
nuscenes,scene-1094_017,yaw,2.000000000,deg,2,Car,28.544812996,"middle [10,30)",2,0.000000000,16,14,87.500000000,100.000000000
nuscenes,scene-1094_017,yaw,2.000000000,deg,3,Car,15.191186847,"middle [10,30)",0,0.000000000,64,52,81.250000000,100.000000000
nuscenes,scene-1094_017,yaw,3.000000000,deg,0,Car,18.286615364,"middle [10,30)",0,0.000000000,27,21,77.777777778,100.000000000
nuscenes,scene-1094_017,yaw,3.000000000,deg,1,Car,21.574038984,"middle [10,30)",2,0.000000000,22,17,77.272727273,100.000000000
nuscenes,scene-1094_017,yaw,3.000000000,deg,2,Car,28.544812996,"middle [10,30)",2,0.000000000,16,9,56.250000000,100.000000000
nuscenes,scene-1094_017,yaw,3.000000000,deg,3,Car,15.191186847,"middle [10,30)",0,0.000000000,64,40,62.500000000,100.000000000
nuscenes,scene-1094_017,lateral,-0.100000000,m,0,Car,18.286615364,"middle [10,30)",0,0.000000000,27,27,100.000000000,100.000000000
nuscenes,scene-1094_017,lateral,-0.100000000,m,1,Car,21.574038984,"middle [10,30)",2,0.000000000,22,22,100.000000000,100.000000000
nuscenes,scene-1094_017,lateral,-0.100000000,m,2,Car,28.544812996,"middle [10,30)",2,0.000000000,16,16,100.000000000,100.000000000
nuscenes,scene-1094_017,lateral,-0.100000000,m,3,Car,15.191186847,"middle [10,30)",0,0.000000000,64,64,100.000000000,100.000000000
nuscenes,scene-1094_017,lateral,-0.050000000,m,0,Car,18.286615364,"middle [10,30)",0,0.000000000,27,27,100.000000000,100.000000000
nuscenes,scene-1094_017,lateral,-0.050000000,m,1,Car,21.574038984,"middle [10,30)",2,0.000000000,22,22,100.000000000,100.000000000
nuscenes,scene-1094_017,lateral,-0.050000000,m,2,Car,28.544812996,"middle [10,30)",2,0.000000000,16,16,100.000000000,100.000000000
nuscenes,scene-1094_017,lateral,-0.050000000,m,3,Car,15.191186847,"middle [10,30)",0,0.000000000,64,64,100.000000000,100.000000000
nuscenes,scene-1094_017,lateral,-0.020000000,m,0,Car,18.286615364,"middle [10,30)",0,0.000000000,27,27,100.000000000,100.000000000
nuscenes,scene-1094_017,lateral,-0.020000000,m,1,Car,21.574038984,"middle [10,30)",2,0.000000000,22,22,100.000000000,100.000000000
nuscenes,scene-1094_017,lateral,-0.020000000,m,2,Car,28.544812996,"middle [10,30)",2,0.000000000,16,16,100.000000000,100.000000000
nuscenes,scene-1094_017,lateral,-0.020000000,m,3,Car,15.191186847,"middle [10,30)",0,0.000000000,64,64,100.000000000,100.000000000
nuscenes,scene-1094_017,lateral,0.000000000,m,0,Car,18.286615364,"middle [10,30)",0,0.000000000,27,27,100.000000000,100.000000000
nuscenes,scene-1094_017,lateral,0.000000000,m,1,Car,21.574038984,"middle [10,30)",2,0.000000000,22,22,100.000000000,100.000000000
nuscenes,scene-1094_017,lateral,0.000000000,m,2,Car,28.544812996,"middle [10,30)",2,0.000000000,16,16,100.000000000,100.000000000
nuscenes,scene-1094_017,lateral,0.000000000,m,3,Car,15.191186847,"middle [10,30)",0,0.000000000,64,64,100.000000000,100.000000000
nuscenes,scene-1094_017,lateral,0.020000000,m,0,Car,18.286615364,"middle [10,30)",0,0.000000000,27,27,100.000000000,100.000000000
nuscenes,scene-1094_017,lateral,0.020000000,m,1,Car,21.574038984,"middle [10,30)",2,0.000000000,22,22,100.000000000,100.000000000
nuscenes,scene-1094_017,lateral,0.020000000,m,2,Car,28.544812996,"middle [10,30)",2,0.000000000,16,16,100.000000000,100.000000000
nuscenes,scene-1094_017,lateral,0.020000000,m,3,Car,15.191186847,"middle [10,30)",0,0.000000000,64,64,100.000000000,100.000000000
nuscenes,scene-1094_017,lateral,0.050000000,m,0,Car,18.286615364,"middle [10,30)",0,0.000000000,27,27,100.000000000,100.000000000
nuscenes,scene-1094_017,lateral,0.050000000,m,1,Car,21.574038984,"middle [10,30)",2,0.000000000,22,22,100.000000000,100.000000000
nuscenes,scene-1094_017,lateral,0.050000000,m,2,Car,28.544812996,"middle [10,30)",2,0.000000000,16,16,100.000000000,100.000000000
nuscenes,scene-1094_017,lateral,0.050000000,m,3,Car,15.191186847,"middle [10,30)",0,0.000000000,64,64,100.000000000,100.000000000
nuscenes,scene-1094_017,lateral,0.100000000,m,0,Car,18.286615364,"middle [10,30)",0,0.000000000,27,27,100.000000000,100.000000000
nuscenes,scene-1094_017,lateral,0.100000000,m,1,Car,21.574038984,"middle [10,30)",2,0.000000000,22,22,100.000000000,100.000000000
nuscenes,scene-1094_017,lateral,0.100000000,m,2,Car,28.544812996,"middle [10,30)",2,0.000000000,16,16,100.000000000,100.000000000
nuscenes,scene-1094_017,lateral,0.100000000,m,3,Car,15.191186847,"middle [10,30)",0,0.000000000,64,62,96.875000000,100.000000000
nuscenes,scene-1094_018,yaw,-3.000000000,deg,0,Car,15.782748283,"middle [10,30)",0,0.239544665,42,25,59.523809524,100.000000000
nuscenes,scene-1094_018,yaw,-3.000000000,deg,2,Car,26.131237197,"middle [10,30)",2,0.000000000,10,10,100.000000000,100.000000000
nuscenes,scene-1094_018,yaw,-3.000000000,deg,3,Car,16.169234862,"middle [10,30)",0,0.000000000,43,23,53.488372093,100.000000000
nuscenes,scene-1094_018,yaw,-2.000000000,deg,0,Car,15.782748283,"middle [10,30)",0,0.239544665,42,32,76.190476190,100.000000000
nuscenes,scene-1094_018,yaw,-2.000000000,deg,2,Car,26.131237197,"middle [10,30)",2,0.000000000,10,10,100.000000000,100.000000000
nuscenes,scene-1094_018,yaw,-2.000000000,deg,3,Car,16.169234862,"middle [10,30)",0,0.000000000,43,31,72.093023256,100.000000000
nuscenes,scene-1094_018,yaw,-1.000000000,deg,0,Car,15.782748283,"middle [10,30)",0,0.239544665,42,36,85.714285714,100.000000000
nuscenes,scene-1094_018,yaw,-1.000000000,deg,2,Car,26.131237197,"middle [10,30)",2,0.000000000,10,10,100.000000000,100.000000000
nuscenes,scene-1094_018,yaw,-1.000000000,deg,3,Car,16.169234862,"middle [10,30)",0,0.000000000,43,39,90.697674419,100.000000000
nuscenes,scene-1094_018,yaw,-0.500000000,deg,0,Car,15.782748283,"middle [10,30)",0,0.239544665,42,39,92.857142857,100.000000000
nuscenes,scene-1094_018,yaw,-0.500000000,deg,2,Car,26.131237197,"middle [10,30)",2,0.000000000,10,10,100.000000000,100.000000000
nuscenes,scene-1094_018,yaw,-0.500000000,deg,3,Car,16.169234862,"middle [10,30)",0,0.000000000,43,43,100.000000000,100.000000000
nuscenes,scene-1094_018,yaw,0.000000000,deg,0,Car,15.782748283,"middle [10,30)",0,0.239544665,42,42,100.000000000,100.000000000
nuscenes,scene-1094_018,yaw,0.000000000,deg,2,Car,26.131237197,"middle [10,30)",2,0.000000000,10,10,100.000000000,100.000000000
nuscenes,scene-1094_018,yaw,0.000000000,deg,3,Car,16.169234862,"middle [10,30)",0,0.000000000,43,43,100.000000000,100.000000000
nuscenes,scene-1094_018,yaw,0.500000000,deg,0,Car,15.782748283,"middle [10,30)",0,0.239544665,42,42,100.000000000,100.000000000
nuscenes,scene-1094_018,yaw,0.500000000,deg,2,Car,26.131237197,"middle [10,30)",2,0.000000000,10,10,100.000000000,100.000000000
nuscenes,scene-1094_018,yaw,0.500000000,deg,3,Car,16.169234862,"middle [10,30)",0,0.000000000,43,40,93.023255814,100.000000000
nuscenes,scene-1094_018,yaw,1.000000000,deg,0,Car,15.782748283,"middle [10,30)",0,0.239544665,42,41,97.619047619,100.000000000
nuscenes,scene-1094_018,yaw,1.000000000,deg,2,Car,26.131237197,"middle [10,30)",2,0.000000000,10,8,80.000000000,100.000000000
nuscenes,scene-1094_018,yaw,1.000000000,deg,3,Car,16.169234862,"middle [10,30)",0,0.000000000,43,40,93.023255814,100.000000000
nuscenes,scene-1094_018,yaw,2.000000000,deg,0,Car,15.782748283,"middle [10,30)",0,0.239544665,42,39,92.857142857,100.000000000
nuscenes,scene-1094_018,yaw,2.000000000,deg,2,Car,26.131237197,"middle [10,30)",2,0.000000000,10,8,80.000000000,100.000000000
nuscenes,scene-1094_018,yaw,2.000000000,deg,3,Car,16.169234862,"middle [10,30)",0,0.000000000,43,32,74.418604651,100.000000000
nuscenes,scene-1094_018,yaw,3.000000000,deg,0,Car,15.782748283,"middle [10,30)",0,0.239544665,42,36,85.714285714,100.000000000
nuscenes,scene-1094_018,yaw,3.000000000,deg,2,Car,26.131237197,"middle [10,30)",2,0.000000000,10,5,50.000000000,100.000000000
nuscenes,scene-1094_018,yaw,3.000000000,deg,3,Car,16.169234862,"middle [10,30)",0,0.000000000,43,22,51.162790698,100.000000000
nuscenes,scene-1094_018,lateral,-0.100000000,m,0,Car,15.782748283,"middle [10,30)",0,0.239544665,42,42,100.000000000,100.000000000
nuscenes,scene-1094_018,lateral,-0.100000000,m,2,Car,26.131237197,"middle [10,30)",2,0.000000000,10,10,100.000000000,100.000000000
nuscenes,scene-1094_018,lateral,-0.100000000,m,3,Car,16.169234862,"middle [10,30)",0,0.000000000,43,40,93.023255814,100.000000000
nuscenes,scene-1094_018,lateral,-0.050000000,m,0,Car,15.782748283,"middle [10,30)",0,0.239544665,42,42,100.000000000,100.000000000
nuscenes,scene-1094_018,lateral,-0.050000000,m,2,Car,26.131237197,"middle [10,30)",2,0.000000000,10,10,100.000000000,100.000000000
nuscenes,scene-1094_018,lateral,-0.050000000,m,3,Car,16.169234862,"middle [10,30)",0,0.000000000,43,43,100.000000000,100.000000000
nuscenes,scene-1094_018,lateral,-0.020000000,m,0,Car,15.782748283,"middle [10,30)",0,0.239544665,42,42,100.000000000,100.000000000
nuscenes,scene-1094_018,lateral,-0.020000000,m,2,Car,26.131237197,"middle [10,30)",2,0.000000000,10,10,100.000000000,100.000000000
nuscenes,scene-1094_018,lateral,-0.020000000,m,3,Car,16.169234862,"middle [10,30)",0,0.000000000,43,43,100.000000000,100.000000000
nuscenes,scene-1094_018,lateral,0.000000000,m,0,Car,15.782748283,"middle [10,30)",0,0.239544665,42,42,100.000000000,100.000000000
nuscenes,scene-1094_018,lateral,0.000000000,m,2,Car,26.131237197,"middle [10,30)",2,0.000000000,10,10,100.000000000,100.000000000
nuscenes,scene-1094_018,lateral,0.000000000,m,3,Car,16.169234862,"middle [10,30)",0,0.000000000,43,43,100.000000000,100.000000000
nuscenes,scene-1094_018,lateral,0.020000000,m,0,Car,15.782748283,"middle [10,30)",0,0.239544665,42,42,100.000000000,100.000000000
nuscenes,scene-1094_018,lateral,0.020000000,m,2,Car,26.131237197,"middle [10,30)",2,0.000000000,10,10,100.000000000,100.000000000
nuscenes,scene-1094_018,lateral,0.020000000,m,3,Car,16.169234862,"middle [10,30)",0,0.000000000,43,43,100.000000000,100.000000000
nuscenes,scene-1094_018,lateral,0.050000000,m,0,Car,15.782748283,"middle [10,30)",0,0.239544665,42,41,97.619047619,100.000000000
nuscenes,scene-1094_018,lateral,0.050000000,m,2,Car,26.131237197,"middle [10,30)",2,0.000000000,10,10,100.000000000,100.000000000
nuscenes,scene-1094_018,lateral,0.050000000,m,3,Car,16.169234862,"middle [10,30)",0,0.000000000,43,43,100.000000000,100.000000000
nuscenes,scene-1094_018,lateral,0.100000000,m,0,Car,15.782748283,"middle [10,30)",0,0.239544665,42,41,97.619047619,100.000000000
nuscenes,scene-1094_018,lateral,0.100000000,m,2,Car,26.131237197,"middle [10,30)",2,0.000000000,10,10,100.000000000,100.000000000
nuscenes,scene-1094_018,lateral,0.100000000,m,3,Car,16.169234862,"middle [10,30)",0,0.000000000,43,43,100.000000000,100.000000000
nuscenes,scene-1094_019,yaw,-3.000000000,deg,0,Car,14.786432556,"middle [10,30)",0,0.727670457,20,5,25.000000000,100.000000000
nuscenes,scene-1094_019,yaw,-3.000000000,deg,1,Car,22.286319747,"middle [10,30)",2,0.055405098,36,32,88.888888889,100.000000000
nuscenes,scene-1094_019,yaw,-3.000000000,deg,2,Car,17.145365191,"middle [10,30)",0,0.000000000,43,26,60.465116279,100.000000000
nuscenes,scene-1094_019,yaw,-3.000000000,deg,3,Car,19.994421693,"middle [10,30)",0,0.000000000,14,8,57.142857143,100.000000000
nuscenes,scene-1094_019,yaw,-2.000000000,deg,0,Car,14.786432556,"middle [10,30)",0,0.727670457,20,11,55.000000000,100.000000000
nuscenes,scene-1094_019,yaw,-2.000000000,deg,1,Car,22.286319747,"middle [10,30)",2,0.055405098,36,35,97.222222222,100.000000000
nuscenes,scene-1094_019,yaw,-2.000000000,deg,2,Car,17.145365191,"middle [10,30)",0,0.000000000,43,34,79.069767442,100.000000000
nuscenes,scene-1094_019,yaw,-2.000000000,deg,3,Car,19.994421693,"middle [10,30)",0,0.000000000,14,11,78.571428571,100.000000000
nuscenes,scene-1094_019,yaw,-1.000000000,deg,0,Car,14.786432556,"middle [10,30)",0,0.727670457,20,16,80.000000000,100.000000000
nuscenes,scene-1094_019,yaw,-1.000000000,deg,1,Car,22.286319747,"middle [10,30)",2,0.055405098,36,36,100.000000000,100.000000000
nuscenes,scene-1094_019,yaw,-1.000000000,deg,2,Car,17.145365191,"middle [10,30)",0,0.000000000,43,40,93.023255814,100.000000000
nuscenes,scene-1094_019,yaw,-1.000000000,deg,3,Car,19.994421693,"middle [10,30)",0,0.000000000,14,14,100.000000000,100.000000000
nuscenes,scene-1094_019,yaw,-0.500000000,deg,0,Car,14.786432556,"middle [10,30)",0,0.727670457,20,19,95.000000000,100.000000000
nuscenes,scene-1094_019,yaw,-0.500000000,deg,1,Car,22.286319747,"middle [10,30)",2,0.055405098,36,36,100.000000000,100.000000000
nuscenes,scene-1094_019,yaw,-0.500000000,deg,2,Car,17.145365191,"middle [10,30)",0,0.000000000,43,42,97.674418605,100.000000000
nuscenes,scene-1094_019,yaw,-0.500000000,deg,3,Car,19.994421693,"middle [10,30)",0,0.000000000,14,14,100.000000000,100.000000000
nuscenes,scene-1094_019,yaw,0.000000000,deg,0,Car,14.786432556,"middle [10,30)",0,0.727670457,20,20,100.000000000,100.000000000
nuscenes,scene-1094_019,yaw,0.000000000,deg,1,Car,22.286319747,"middle [10,30)",2,0.055405098,36,36,100.000000000,100.000000000
nuscenes,scene-1094_019,yaw,0.000000000,deg,2,Car,17.145365191,"middle [10,30)",0,0.000000000,43,43,100.000000000,100.000000000
nuscenes,scene-1094_019,yaw,0.000000000,deg,3,Car,19.994421693,"middle [10,30)",0,0.000000000,14,14,100.000000000,100.000000000
nuscenes,scene-1094_019,yaw,0.500000000,deg,0,Car,14.786432556,"middle [10,30)",0,0.727670457,20,20,100.000000000,100.000000000
nuscenes,scene-1094_019,yaw,0.500000000,deg,1,Car,22.286319747,"middle [10,30)",2,0.055405098,36,36,100.000000000,100.000000000
nuscenes,scene-1094_019,yaw,0.500000000,deg,2,Car,17.145365191,"middle [10,30)",0,0.000000000,43,39,90.697674419,100.000000000
nuscenes,scene-1094_019,yaw,0.500000000,deg,3,Car,19.994421693,"middle [10,30)",0,0.000000000,14,14,100.000000000,100.000000000
nuscenes,scene-1094_019,yaw,1.000000000,deg,0,Car,14.786432556,"middle [10,30)",0,0.727670457,20,19,95.000000000,100.000000000
nuscenes,scene-1094_019,yaw,1.000000000,deg,1,Car,22.286319747,"middle [10,30)",2,0.055405098,36,35,97.222222222,100.000000000
nuscenes,scene-1094_019,yaw,1.000000000,deg,2,Car,17.145365191,"middle [10,30)",0,0.000000000,43,37,86.046511628,100.000000000
nuscenes,scene-1094_019,yaw,1.000000000,deg,3,Car,19.994421693,"middle [10,30)",0,0.000000000,14,12,85.714285714,100.000000000
nuscenes,scene-1094_019,yaw,2.000000000,deg,0,Car,14.786432556,"middle [10,30)",0,0.727670457,20,15,75.000000000,100.000000000
nuscenes,scene-1094_019,yaw,2.000000000,deg,1,Car,22.286319747,"middle [10,30)",2,0.055405098,36,32,88.888888889,100.000000000
nuscenes,scene-1094_019,yaw,2.000000000,deg,2,Car,17.145365191,"middle [10,30)",0,0.000000000,43,28,65.116279070,100.000000000
nuscenes,scene-1094_019,yaw,2.000000000,deg,3,Car,19.994421693,"middle [10,30)",0,0.000000000,14,11,78.571428571,100.000000000
nuscenes,scene-1094_019,yaw,3.000000000,deg,0,Car,14.786432556,"middle [10,30)",0,0.727670457,20,8,40.000000000,100.000000000
nuscenes,scene-1094_019,yaw,3.000000000,deg,1,Car,22.286319747,"middle [10,30)",2,0.055405098,36,26,72.222222222,100.000000000
nuscenes,scene-1094_019,yaw,3.000000000,deg,2,Car,17.145365191,"middle [10,30)",0,0.000000000,43,17,39.534883721,100.000000000
nuscenes,scene-1094_019,yaw,3.000000000,deg,3,Car,19.994421693,"middle [10,30)",0,0.000000000,14,11,78.571428571,100.000000000
nuscenes,scene-1094_019,lateral,-0.100000000,m,0,Car,14.786432556,"middle [10,30)",0,0.727670457,20,20,100.000000000,100.000000000
nuscenes,scene-1094_019,lateral,-0.100000000,m,1,Car,22.286319747,"middle [10,30)",2,0.055405098,36,36,100.000000000,100.000000000
nuscenes,scene-1094_019,lateral,-0.100000000,m,2,Car,17.145365191,"middle [10,30)",0,0.000000000,43,40,93.023255814,100.000000000
nuscenes,scene-1094_019,lateral,-0.100000000,m,3,Car,19.994421693,"middle [10,30)",0,0.000000000,14,14,100.000000000,100.000000000
nuscenes,scene-1094_019,lateral,-0.050000000,m,0,Car,14.786432556,"middle [10,30)",0,0.727670457,20,20,100.000000000,100.000000000
nuscenes,scene-1094_019,lateral,-0.050000000,m,1,Car,22.286319747,"middle [10,30)",2,0.055405098,36,36,100.000000000,100.000000000
nuscenes,scene-1094_019,lateral,-0.050000000,m,2,Car,17.145365191,"middle [10,30)",0,0.000000000,43,41,95.348837209,100.000000000
nuscenes,scene-1094_019,lateral,-0.050000000,m,3,Car,19.994421693,"middle [10,30)",0,0.000000000,14,14,100.000000000,100.000000000
nuscenes,scene-1094_019,lateral,-0.020000000,m,0,Car,14.786432556,"middle [10,30)",0,0.727670457,20,20,100.000000000,100.000000000
nuscenes,scene-1094_019,lateral,-0.020000000,m,1,Car,22.286319747,"middle [10,30)",2,0.055405098,36,36,100.000000000,100.000000000
nuscenes,scene-1094_019,lateral,-0.020000000,m,2,Car,17.145365191,"middle [10,30)",0,0.000000000,43,43,100.000000000,100.000000000
nuscenes,scene-1094_019,lateral,-0.020000000,m,3,Car,19.994421693,"middle [10,30)",0,0.000000000,14,14,100.000000000,100.000000000
nuscenes,scene-1094_019,lateral,0.000000000,m,0,Car,14.786432556,"middle [10,30)",0,0.727670457,20,20,100.000000000,100.000000000
nuscenes,scene-1094_019,lateral,0.000000000,m,1,Car,22.286319747,"middle [10,30)",2,0.055405098,36,36,100.000000000,100.000000000
nuscenes,scene-1094_019,lateral,0.000000000,m,2,Car,17.145365191,"middle [10,30)",0,0.000000000,43,43,100.000000000,100.000000000
nuscenes,scene-1094_019,lateral,0.000000000,m,3,Car,19.994421693,"middle [10,30)",0,0.000000000,14,14,100.000000000,100.000000000
nuscenes,scene-1094_019,lateral,0.020000000,m,0,Car,14.786432556,"middle [10,30)",0,0.727670457,20,20,100.000000000,100.000000000
nuscenes,scene-1094_019,lateral,0.020000000,m,1,Car,22.286319747,"middle [10,30)",2,0.055405098,36,36,100.000000000,100.000000000
nuscenes,scene-1094_019,lateral,0.020000000,m,2,Car,17.145365191,"middle [10,30)",0,0.000000000,43,43,100.000000000,100.000000000
nuscenes,scene-1094_019,lateral,0.020000000,m,3,Car,19.994421693,"middle [10,30)",0,0.000000000,14,14,100.000000000,100.000000000
nuscenes,scene-1094_019,lateral,0.050000000,m,0,Car,14.786432556,"middle [10,30)",0,0.727670457,20,20,100.000000000,100.000000000
nuscenes,scene-1094_019,lateral,0.050000000,m,1,Car,22.286319747,"middle [10,30)",2,0.055405098,36,36,100.000000000,100.000000000
nuscenes,scene-1094_019,lateral,0.050000000,m,2,Car,17.145365191,"middle [10,30)",0,0.000000000,43,43,100.000000000,100.000000000
nuscenes,scene-1094_019,lateral,0.050000000,m,3,Car,19.994421693,"middle [10,30)",0,0.000000000,14,14,100.000000000,100.000000000
nuscenes,scene-1094_019,lateral,0.100000000,m,0,Car,14.786432556,"middle [10,30)",0,0.727670457,20,19,95.000000000,100.000000000
nuscenes,scene-1094_019,lateral,0.100000000,m,1,Car,22.286319747,"middle [10,30)",2,0.055405098,36,36,100.000000000,100.000000000
nuscenes,scene-1094_019,lateral,0.100000000,m,2,Car,17.145365191,"middle [10,30)",0,0.000000000,43,43,100.000000000,100.000000000
nuscenes,scene-1094_019,lateral,0.100000000,m,3,Car,19.994421693,"middle [10,30)",0,0.000000000,14,14,100.000000000,100.000000000
nuscenes,scene-1094_020,yaw,-3.000000000,deg,1,Car,20.088039118,"middle [10,30)",2,0.529076289,21,4,19.047619048,100.000000000
nuscenes,scene-1094_020,yaw,-3.000000000,deg,3,Car,18.002276175,"middle [10,30)",0,0.000000000,37,19,51.351351351,100.000000000
nuscenes,scene-1094_020,yaw,-3.000000000,deg,4,Car,17.031482390,"middle [10,30)",0,0.028665128,25,18,72.000000000,100.000000000
nuscenes,scene-1094_020,yaw,-2.000000000,deg,1,Car,20.088039118,"middle [10,30)",2,0.529076289,21,8,38.095238095,100.000000000
nuscenes,scene-1094_020,yaw,-2.000000000,deg,3,Car,18.002276175,"middle [10,30)",0,0.000000000,37,27,72.972972973,100.000000000
nuscenes,scene-1094_020,yaw,-2.000000000,deg,4,Car,17.031482390,"middle [10,30)",0,0.028665128,25,21,84.000000000,100.000000000
nuscenes,scene-1094_020,yaw,-1.000000000,deg,1,Car,20.088039118,"middle [10,30)",2,0.529076289,21,13,61.904761905,100.000000000
nuscenes,scene-1094_020,yaw,-1.000000000,deg,3,Car,18.002276175,"middle [10,30)",0,0.000000000,37,35,94.594594595,100.000000000
nuscenes,scene-1094_020,yaw,-1.000000000,deg,4,Car,17.031482390,"middle [10,30)",0,0.028665128,25,24,96.000000000,100.000000000
nuscenes,scene-1094_020,yaw,-0.500000000,deg,1,Car,20.088039118,"middle [10,30)",2,0.529076289,21,15,71.428571429,100.000000000
nuscenes,scene-1094_020,yaw,-0.500000000,deg,3,Car,18.002276175,"middle [10,30)",0,0.000000000,37,37,100.000000000,100.000000000
nuscenes,scene-1094_020,yaw,-0.500000000,deg,4,Car,17.031482390,"middle [10,30)",0,0.028665128,25,25,100.000000000,100.000000000
nuscenes,scene-1094_020,yaw,0.000000000,deg,1,Car,20.088039118,"middle [10,30)",2,0.529076289,21,21,100.000000000,100.000000000
nuscenes,scene-1094_020,yaw,0.000000000,deg,3,Car,18.002276175,"middle [10,30)",0,0.000000000,37,37,100.000000000,100.000000000
nuscenes,scene-1094_020,yaw,0.000000000,deg,4,Car,17.031482390,"middle [10,30)",0,0.028665128,25,25,100.000000000,100.000000000
nuscenes,scene-1094_020,yaw,0.500000000,deg,1,Car,20.088039118,"middle [10,30)",2,0.529076289,21,21,100.000000000,100.000000000
nuscenes,scene-1094_020,yaw,0.500000000,deg,3,Car,18.002276175,"middle [10,30)",0,0.000000000,37,34,91.891891892,100.000000000
nuscenes,scene-1094_020,yaw,0.500000000,deg,4,Car,17.031482390,"middle [10,30)",0,0.028665128,25,25,100.000000000,100.000000000
nuscenes,scene-1094_020,yaw,1.000000000,deg,1,Car,20.088039118,"middle [10,30)",2,0.529076289,21,21,100.000000000,100.000000000
nuscenes,scene-1094_020,yaw,1.000000000,deg,3,Car,18.002276175,"middle [10,30)",0,0.000000000,37,31,83.783783784,100.000000000
nuscenes,scene-1094_020,yaw,1.000000000,deg,4,Car,17.031482390,"middle [10,30)",0,0.028665128,25,25,100.000000000,100.000000000
nuscenes,scene-1094_020,yaw,2.000000000,deg,1,Car,20.088039118,"middle [10,30)",2,0.529076289,21,18,85.714285714,100.000000000
nuscenes,scene-1094_020,yaw,2.000000000,deg,3,Car,18.002276175,"middle [10,30)",0,0.000000000,37,22,59.459459459,100.000000000
nuscenes,scene-1094_020,yaw,2.000000000,deg,4,Car,17.031482390,"middle [10,30)",0,0.028665128,25,23,92.000000000,100.000000000
nuscenes,scene-1094_020,yaw,3.000000000,deg,1,Car,20.088039118,"middle [10,30)",2,0.529076289,21,15,71.428571429,100.000000000
nuscenes,scene-1094_020,yaw,3.000000000,deg,3,Car,18.002276175,"middle [10,30)",0,0.000000000,37,16,43.243243243,100.000000000
nuscenes,scene-1094_020,yaw,3.000000000,deg,4,Car,17.031482390,"middle [10,30)",0,0.028665128,25,20,80.000000000,100.000000000
nuscenes,scene-1094_020,lateral,-0.100000000,m,1,Car,20.088039118,"middle [10,30)",2,0.529076289,21,21,100.000000000,100.000000000
nuscenes,scene-1094_020,lateral,-0.100000000,m,3,Car,18.002276175,"middle [10,30)",0,0.000000000,37,34,91.891891892,100.000000000
nuscenes,scene-1094_020,lateral,-0.100000000,m,4,Car,17.031482390,"middle [10,30)",0,0.028665128,25,25,100.000000000,100.000000000
nuscenes,scene-1094_020,lateral,-0.050000000,m,1,Car,20.088039118,"middle [10,30)",2,0.529076289,21,21,100.000000000,100.000000000
nuscenes,scene-1094_020,lateral,-0.050000000,m,3,Car,18.002276175,"middle [10,30)",0,0.000000000,37,37,100.000000000,100.000000000
nuscenes,scene-1094_020,lateral,-0.050000000,m,4,Car,17.031482390,"middle [10,30)",0,0.028665128,25,25,100.000000000,100.000000000
nuscenes,scene-1094_020,lateral,-0.020000000,m,1,Car,20.088039118,"middle [10,30)",2,0.529076289,21,21,100.000000000,100.000000000
nuscenes,scene-1094_020,lateral,-0.020000000,m,3,Car,18.002276175,"middle [10,30)",0,0.000000000,37,37,100.000000000,100.000000000
nuscenes,scene-1094_020,lateral,-0.020000000,m,4,Car,17.031482390,"middle [10,30)",0,0.028665128,25,25,100.000000000,100.000000000
nuscenes,scene-1094_020,lateral,0.000000000,m,1,Car,20.088039118,"middle [10,30)",2,0.529076289,21,21,100.000000000,100.000000000
nuscenes,scene-1094_020,lateral,0.000000000,m,3,Car,18.002276175,"middle [10,30)",0,0.000000000,37,37,100.000000000,100.000000000
nuscenes,scene-1094_020,lateral,0.000000000,m,4,Car,17.031482390,"middle [10,30)",0,0.028665128,25,25,100.000000000,100.000000000
nuscenes,scene-1094_020,lateral,0.020000000,m,1,Car,20.088039118,"middle [10,30)",2,0.529076289,21,21,100.000000000,100.000000000
nuscenes,scene-1094_020,lateral,0.020000000,m,3,Car,18.002276175,"middle [10,30)",0,0.000000000,37,37,100.000000000,100.000000000
nuscenes,scene-1094_020,lateral,0.020000000,m,4,Car,17.031482390,"middle [10,30)",0,0.028665128,25,25,100.000000000,100.000000000
nuscenes,scene-1094_020,lateral,0.050000000,m,1,Car,20.088039118,"middle [10,30)",2,0.529076289,21,20,95.238095238,100.000000000
nuscenes,scene-1094_020,lateral,0.050000000,m,3,Car,18.002276175,"middle [10,30)",0,0.000000000,37,37,100.000000000,100.000000000
nuscenes,scene-1094_020,lateral,0.050000000,m,4,Car,17.031482390,"middle [10,30)",0,0.028665128,25,25,100.000000000,100.000000000
nuscenes,scene-1094_020,lateral,0.100000000,m,1,Car,20.088039118,"middle [10,30)",2,0.529076289,21,18,85.714285714,100.000000000
nuscenes,scene-1094_020,lateral,0.100000000,m,3,Car,18.002276175,"middle [10,30)",0,0.000000000,37,37,100.000000000,100.000000000
nuscenes,scene-1094_020,lateral,0.100000000,m,4,Car,17.031482390,"middle [10,30)",0,0.028665128,25,25,100.000000000,100.000000000
nuscenes,scene-1094_021,yaw,-3.000000000,deg,3,Car,18.923869317,"middle [10,30)",0,0.000000000,40,19,47.500000000,100.000000000
nuscenes,scene-1094_021,yaw,-3.000000000,deg,4,Car,15.787642078,"middle [10,30)",0,0.637647556,24,4,16.666666667,100.000000000
nuscenes,scene-1094_021,yaw,-3.000000000,deg,7,Motorcycle,15.142507582,"middle [10,30)",0,0.000000000,16,8,50.000000000,100.000000000
nuscenes,scene-1094_021,yaw,-2.000000000,deg,3,Car,18.923869317,"middle [10,30)",0,0.000000000,40,28,70.000000000,100.000000000
nuscenes,scene-1094_021,yaw,-2.000000000,deg,4,Car,15.787642078,"middle [10,30)",0,0.637647556,24,13,54.166666667,100.000000000
nuscenes,scene-1094_021,yaw,-2.000000000,deg,7,Motorcycle,15.142507582,"middle [10,30)",0,0.000000000,16,13,81.250000000,100.000000000
nuscenes,scene-1094_021,yaw,-1.000000000,deg,3,Car,18.923869317,"middle [10,30)",0,0.000000000,40,35,87.500000000,100.000000000
nuscenes,scene-1094_021,yaw,-1.000000000,deg,4,Car,15.787642078,"middle [10,30)",0,0.637647556,24,20,83.333333333,100.000000000
nuscenes,scene-1094_021,yaw,-1.000000000,deg,7,Motorcycle,15.142507582,"middle [10,30)",0,0.000000000,16,16,100.000000000,100.000000000
nuscenes,scene-1094_021,yaw,-0.500000000,deg,3,Car,18.923869317,"middle [10,30)",0,0.000000000,40,40,100.000000000,100.000000000
nuscenes,scene-1094_021,yaw,-0.500000000,deg,4,Car,15.787642078,"middle [10,30)",0,0.637647556,24,22,91.666666667,100.000000000
nuscenes,scene-1094_021,yaw,-0.500000000,deg,7,Motorcycle,15.142507582,"middle [10,30)",0,0.000000000,16,16,100.000000000,100.000000000
nuscenes,scene-1094_021,yaw,0.000000000,deg,3,Car,18.923869317,"middle [10,30)",0,0.000000000,40,40,100.000000000,100.000000000
nuscenes,scene-1094_021,yaw,0.000000000,deg,4,Car,15.787642078,"middle [10,30)",0,0.637647556,24,24,100.000000000,100.000000000
nuscenes,scene-1094_021,yaw,0.000000000,deg,7,Motorcycle,15.142507582,"middle [10,30)",0,0.000000000,16,16,100.000000000,100.000000000
nuscenes,scene-1094_021,yaw,0.500000000,deg,3,Car,18.923869317,"middle [10,30)",0,0.000000000,40,36,90.000000000,100.000000000
nuscenes,scene-1094_021,yaw,0.500000000,deg,4,Car,15.787642078,"middle [10,30)",0,0.637647556,24,24,100.000000000,100.000000000
nuscenes,scene-1094_021,yaw,0.500000000,deg,7,Motorcycle,15.142507582,"middle [10,30)",0,0.000000000,16,16,100.000000000,100.000000000
nuscenes,scene-1094_021,yaw,1.000000000,deg,3,Car,18.923869317,"middle [10,30)",0,0.000000000,40,33,82.500000000,100.000000000
nuscenes,scene-1094_021,yaw,1.000000000,deg,4,Car,15.787642078,"middle [10,30)",0,0.637647556,24,24,100.000000000,100.000000000
nuscenes,scene-1094_021,yaw,1.000000000,deg,7,Motorcycle,15.142507582,"middle [10,30)",0,0.000000000,16,15,93.750000000,100.000000000
nuscenes,scene-1094_021,yaw,2.000000000,deg,3,Car,18.923869317,"middle [10,30)",0,0.000000000,40,24,60.000000000,100.000000000
nuscenes,scene-1094_021,yaw,2.000000000,deg,4,Car,15.787642078,"middle [10,30)",0,0.637647556,24,17,70.833333333,100.000000000
nuscenes,scene-1094_021,yaw,2.000000000,deg,7,Motorcycle,15.142507582,"middle [10,30)",0,0.000000000,16,11,68.750000000,100.000000000
nuscenes,scene-1094_021,yaw,3.000000000,deg,3,Car,18.923869317,"middle [10,30)",0,0.000000000,40,15,37.500000000,100.000000000
nuscenes,scene-1094_021,yaw,3.000000000,deg,4,Car,15.787642078,"middle [10,30)",0,0.637647556,24,9,37.500000000,100.000000000
nuscenes,scene-1094_021,yaw,3.000000000,deg,7,Motorcycle,15.142507582,"middle [10,30)",0,0.000000000,16,7,43.750000000,100.000000000
nuscenes,scene-1094_021,lateral,-0.100000000,m,3,Car,18.923869317,"middle [10,30)",0,0.000000000,40,37,92.500000000,100.000000000
nuscenes,scene-1094_021,lateral,-0.100000000,m,4,Car,15.787642078,"middle [10,30)",0,0.637647556,24,24,100.000000000,100.000000000
nuscenes,scene-1094_021,lateral,-0.100000000,m,7,Motorcycle,15.142507582,"middle [10,30)",0,0.000000000,16,16,100.000000000,100.000000000
nuscenes,scene-1094_021,lateral,-0.050000000,m,3,Car,18.923869317,"middle [10,30)",0,0.000000000,40,40,100.000000000,100.000000000
nuscenes,scene-1094_021,lateral,-0.050000000,m,4,Car,15.787642078,"middle [10,30)",0,0.637647556,24,24,100.000000000,100.000000000
nuscenes,scene-1094_021,lateral,-0.050000000,m,7,Motorcycle,15.142507582,"middle [10,30)",0,0.000000000,16,16,100.000000000,100.000000000
nuscenes,scene-1094_021,lateral,-0.020000000,m,3,Car,18.923869317,"middle [10,30)",0,0.000000000,40,40,100.000000000,100.000000000
nuscenes,scene-1094_021,lateral,-0.020000000,m,4,Car,15.787642078,"middle [10,30)",0,0.637647556,24,24,100.000000000,100.000000000
nuscenes,scene-1094_021,lateral,-0.020000000,m,7,Motorcycle,15.142507582,"middle [10,30)",0,0.000000000,16,16,100.000000000,100.000000000
nuscenes,scene-1094_021,lateral,0.000000000,m,3,Car,18.923869317,"middle [10,30)",0,0.000000000,40,40,100.000000000,100.000000000
nuscenes,scene-1094_021,lateral,0.000000000,m,4,Car,15.787642078,"middle [10,30)",0,0.637647556,24,24,100.000000000,100.000000000
nuscenes,scene-1094_021,lateral,0.000000000,m,7,Motorcycle,15.142507582,"middle [10,30)",0,0.000000000,16,16,100.000000000,100.000000000
nuscenes,scene-1094_021,lateral,0.020000000,m,3,Car,18.923869317,"middle [10,30)",0,0.000000000,40,40,100.000000000,100.000000000
nuscenes,scene-1094_021,lateral,0.020000000,m,4,Car,15.787642078,"middle [10,30)",0,0.637647556,24,24,100.000000000,100.000000000
nuscenes,scene-1094_021,lateral,0.020000000,m,7,Motorcycle,15.142507582,"middle [10,30)",0,0.000000000,16,16,100.000000000,100.000000000
nuscenes,scene-1094_021,lateral,0.050000000,m,3,Car,18.923869317,"middle [10,30)",0,0.000000000,40,40,100.000000000,100.000000000
nuscenes,scene-1094_021,lateral,0.050000000,m,4,Car,15.787642078,"middle [10,30)",0,0.637647556,24,23,95.833333333,100.000000000
nuscenes,scene-1094_021,lateral,0.050000000,m,7,Motorcycle,15.142507582,"middle [10,30)",0,0.000000000,16,16,100.000000000,100.000000000
nuscenes,scene-1094_021,lateral,0.100000000,m,3,Car,18.923869317,"middle [10,30)",0,0.000000000,40,40,100.000000000,100.000000000
nuscenes,scene-1094_021,lateral,0.100000000,m,4,Car,15.787642078,"middle [10,30)",0,0.637647556,24,23,95.833333333,100.000000000
nuscenes,scene-1094_021,lateral,0.100000000,m,7,Motorcycle,15.142507582,"middle [10,30)",0,0.000000000,16,16,100.000000000,100.000000000
nuscenes,scene-1094_022,yaw,-3.000000000,deg,3,Car,19.790584172,"middle [10,30)",0,0.000000000,23,10,43.478260870,100.000000000
nuscenes,scene-1094_022,yaw,-3.000000000,deg,8,Car,17.074200459,"middle [10,30)",0,0.154598186,24,18,75.000000000,100.000000000
nuscenes,scene-1094_022,yaw,-2.000000000,deg,3,Car,19.790584172,"middle [10,30)",0,0.000000000,23,16,69.565217391,100.000000000
nuscenes,scene-1094_022,yaw,-2.000000000,deg,8,Car,17.074200459,"middle [10,30)",0,0.154598186,24,23,95.833333333,100.000000000
nuscenes,scene-1094_022,yaw,-1.000000000,deg,3,Car,19.790584172,"middle [10,30)",0,0.000000000,23,21,91.304347826,100.000000000
nuscenes,scene-1094_022,yaw,-1.000000000,deg,8,Car,17.074200459,"middle [10,30)",0,0.154598186,24,24,100.000000000,100.000000000
nuscenes,scene-1094_022,yaw,-0.500000000,deg,3,Car,19.790584172,"middle [10,30)",0,0.000000000,23,23,100.000000000,100.000000000
nuscenes,scene-1094_022,yaw,-0.500000000,deg,8,Car,17.074200459,"middle [10,30)",0,0.154598186,24,24,100.000000000,100.000000000
nuscenes,scene-1094_022,yaw,0.000000000,deg,3,Car,19.790584172,"middle [10,30)",0,0.000000000,23,23,100.000000000,100.000000000
nuscenes,scene-1094_022,yaw,0.000000000,deg,8,Car,17.074200459,"middle [10,30)",0,0.154598186,24,24,100.000000000,100.000000000
nuscenes,scene-1094_022,yaw,0.500000000,deg,3,Car,19.790584172,"middle [10,30)",0,0.000000000,23,20,86.956521739,100.000000000
nuscenes,scene-1094_022,yaw,0.500000000,deg,8,Car,17.074200459,"middle [10,30)",0,0.154598186,24,24,100.000000000,100.000000000
nuscenes,scene-1094_022,yaw,1.000000000,deg,3,Car,19.790584172,"middle [10,30)",0,0.000000000,23,20,86.956521739,100.000000000
nuscenes,scene-1094_022,yaw,1.000000000,deg,8,Car,17.074200459,"middle [10,30)",0,0.154598186,24,24,100.000000000,100.000000000
nuscenes,scene-1094_022,yaw,2.000000000,deg,3,Car,19.790584172,"middle [10,30)",0,0.000000000,23,15,65.217391304,100.000000000
nuscenes,scene-1094_022,yaw,2.000000000,deg,8,Car,17.074200459,"middle [10,30)",0,0.154598186,24,23,95.833333333,100.000000000
nuscenes,scene-1094_022,yaw,3.000000000,deg,3,Car,19.790584172,"middle [10,30)",0,0.000000000,23,9,39.130434783,100.000000000
nuscenes,scene-1094_022,yaw,3.000000000,deg,8,Car,17.074200459,"middle [10,30)",0,0.154598186,24,20,83.333333333,100.000000000
nuscenes,scene-1094_022,lateral,-0.100000000,m,3,Car,19.790584172,"middle [10,30)",0,0.000000000,23,22,95.652173913,100.000000000
nuscenes,scene-1094_022,lateral,-0.100000000,m,8,Car,17.074200459,"middle [10,30)",0,0.154598186,24,24,100.000000000,100.000000000
nuscenes,scene-1094_022,lateral,-0.050000000,m,3,Car,19.790584172,"middle [10,30)",0,0.000000000,23,22,95.652173913,100.000000000
nuscenes,scene-1094_022,lateral,-0.050000000,m,8,Car,17.074200459,"middle [10,30)",0,0.154598186,24,24,100.000000000,100.000000000
nuscenes,scene-1094_022,lateral,-0.020000000,m,3,Car,19.790584172,"middle [10,30)",0,0.000000000,23,23,100.000000000,100.000000000
nuscenes,scene-1094_022,lateral,-0.020000000,m,8,Car,17.074200459,"middle [10,30)",0,0.154598186,24,24,100.000000000,100.000000000
nuscenes,scene-1094_022,lateral,0.000000000,m,3,Car,19.790584172,"middle [10,30)",0,0.000000000,23,23,100.000000000,100.000000000
nuscenes,scene-1094_022,lateral,0.000000000,m,8,Car,17.074200459,"middle [10,30)",0,0.154598186,24,24,100.000000000,100.000000000
nuscenes,scene-1094_022,lateral,0.020000000,m,3,Car,19.790584172,"middle [10,30)",0,0.000000000,23,23,100.000000000,100.000000000
nuscenes,scene-1094_022,lateral,0.020000000,m,8,Car,17.074200459,"middle [10,30)",0,0.154598186,24,24,100.000000000,100.000000000
nuscenes,scene-1094_022,lateral,0.050000000,m,3,Car,19.790584172,"middle [10,30)",0,0.000000000,23,23,100.000000000,100.000000000
nuscenes,scene-1094_022,lateral,0.050000000,m,8,Car,17.074200459,"middle [10,30)",0,0.154598186,24,24,100.000000000,100.000000000
nuscenes,scene-1094_022,lateral,0.100000000,m,3,Car,19.790584172,"middle [10,30)",0,0.000000000,23,23,100.000000000,100.000000000
nuscenes,scene-1094_022,lateral,0.100000000,m,8,Car,17.074200459,"middle [10,30)",0,0.154598186,24,24,100.000000000,100.000000000
nuscenes,scene-1094_023,yaw,-3.000000000,deg,3,Car,20.737437966,"middle [10,30)",0,0.000000000,18,8,44.444444444,100.000000000
nuscenes,scene-1094_023,yaw,-3.000000000,deg,8,Car,14.870735593,"middle [10,30)",0,0.835364781,10,0,0.000000000,100.000000000
nuscenes,scene-1094_023,yaw,-2.000000000,deg,3,Car,20.737437966,"middle [10,30)",0,0.000000000,18,11,61.111111111,100.000000000
nuscenes,scene-1094_023,yaw,-2.000000000,deg,8,Car,14.870735593,"middle [10,30)",0,0.835364781,10,0,0.000000000,100.000000000
nuscenes,scene-1094_023,yaw,-1.000000000,deg,3,Car,20.737437966,"middle [10,30)",0,0.000000000,18,15,83.333333333,100.000000000
nuscenes,scene-1094_023,yaw,-1.000000000,deg,8,Car,14.870735593,"middle [10,30)",0,0.835364781,10,3,30.000000000,100.000000000
nuscenes,scene-1094_023,yaw,-0.500000000,deg,3,Car,20.737437966,"middle [10,30)",0,0.000000000,18,17,94.444444444,100.000000000
nuscenes,scene-1094_023,yaw,-0.500000000,deg,8,Car,14.870735593,"middle [10,30)",0,0.835364781,10,7,70.000000000,100.000000000
nuscenes,scene-1094_023,yaw,0.000000000,deg,3,Car,20.737437966,"middle [10,30)",0,0.000000000,18,18,100.000000000,100.000000000
nuscenes,scene-1094_023,yaw,0.000000000,deg,8,Car,14.870735593,"middle [10,30)",0,0.835364781,10,10,100.000000000,100.000000000
nuscenes,scene-1094_023,yaw,0.500000000,deg,3,Car,20.737437966,"middle [10,30)",0,0.000000000,18,16,88.888888889,100.000000000
nuscenes,scene-1094_023,yaw,0.500000000,deg,8,Car,14.870735593,"middle [10,30)",0,0.835364781,10,10,100.000000000,100.000000000
nuscenes,scene-1094_023,yaw,1.000000000,deg,3,Car,20.737437966,"middle [10,30)",0,0.000000000,18,15,83.333333333,100.000000000
nuscenes,scene-1094_023,yaw,1.000000000,deg,8,Car,14.870735593,"middle [10,30)",0,0.835364781,10,10,100.000000000,100.000000000
nuscenes,scene-1094_023,yaw,2.000000000,deg,3,Car,20.737437966,"middle [10,30)",0,0.000000000,18,10,55.555555556,100.000000000
nuscenes,scene-1094_023,yaw,2.000000000,deg,8,Car,14.870735593,"middle [10,30)",0,0.835364781,10,5,50.000000000,100.000000000
nuscenes,scene-1094_023,yaw,3.000000000,deg,3,Car,20.737437966,"middle [10,30)",0,0.000000000,18,7,38.888888889,100.000000000
nuscenes,scene-1094_023,yaw,3.000000000,deg,8,Car,14.870735593,"middle [10,30)",0,0.835364781,10,0,0.000000000,100.000000000
nuscenes,scene-1094_023,lateral,-0.100000000,m,3,Car,20.737437966,"middle [10,30)",0,0.000000000,18,18,100.000000000,100.000000000
nuscenes,scene-1094_023,lateral,-0.100000000,m,8,Car,14.870735593,"middle [10,30)",0,0.835364781,10,10,100.000000000,100.000000000
nuscenes,scene-1094_023,lateral,-0.050000000,m,3,Car,20.737437966,"middle [10,30)",0,0.000000000,18,18,100.000000000,100.000000000
nuscenes,scene-1094_023,lateral,-0.050000000,m,8,Car,14.870735593,"middle [10,30)",0,0.835364781,10,10,100.000000000,100.000000000
nuscenes,scene-1094_023,lateral,-0.020000000,m,3,Car,20.737437966,"middle [10,30)",0,0.000000000,18,18,100.000000000,100.000000000
nuscenes,scene-1094_023,lateral,-0.020000000,m,8,Car,14.870735593,"middle [10,30)",0,0.835364781,10,10,100.000000000,100.000000000
nuscenes,scene-1094_023,lateral,0.000000000,m,3,Car,20.737437966,"middle [10,30)",0,0.000000000,18,18,100.000000000,100.000000000
nuscenes,scene-1094_023,lateral,0.000000000,m,8,Car,14.870735593,"middle [10,30)",0,0.835364781,10,10,100.000000000,100.000000000
nuscenes,scene-1094_023,lateral,0.020000000,m,3,Car,20.737437966,"middle [10,30)",0,0.000000000,18,18,100.000000000,100.000000000
nuscenes,scene-1094_023,lateral,0.020000000,m,8,Car,14.870735593,"middle [10,30)",0,0.835364781,10,10,100.000000000,100.000000000
nuscenes,scene-1094_023,lateral,0.050000000,m,3,Car,20.737437966,"middle [10,30)",0,0.000000000,18,18,100.000000000,100.000000000
nuscenes,scene-1094_023,lateral,0.050000000,m,8,Car,14.870735593,"middle [10,30)",0,0.835364781,10,10,100.000000000,100.000000000
nuscenes,scene-1094_023,lateral,0.100000000,m,3,Car,20.737437966,"middle [10,30)",0,0.000000000,18,18,100.000000000,100.000000000
nuscenes,scene-1094_023,lateral,0.100000000,m,8,Car,14.870735593,"middle [10,30)",0,0.835364781,10,7,70.000000000,100.000000000
nuscenes,scene-1094_024,yaw,-3.000000000,deg,3,Car,21.548739190,"middle [10,30)",0,0.000000000,30,10,33.333333333,100.000000000
nuscenes,scene-1094_024,yaw,-3.000000000,deg,6,Pedestrian,15.117562954,"middle [10,30)",0,0.000000000,15,0,0.000000000,100.000000000
nuscenes,scene-1094_024,yaw,-2.000000000,deg,3,Car,21.548739190,"middle [10,30)",0,0.000000000,30,18,60.000000000,100.000000000
nuscenes,scene-1094_024,yaw,-2.000000000,deg,6,Pedestrian,15.117562954,"middle [10,30)",0,0.000000000,15,2,13.333333333,100.000000000
nuscenes,scene-1094_024,yaw,-1.000000000,deg,3,Car,21.548739190,"middle [10,30)",0,0.000000000,30,26,86.666666667,100.000000000
nuscenes,scene-1094_024,yaw,-1.000000000,deg,6,Pedestrian,15.117562954,"middle [10,30)",0,0.000000000,15,9,60.000000000,100.000000000
nuscenes,scene-1094_024,yaw,-0.500000000,deg,3,Car,21.548739190,"middle [10,30)",0,0.000000000,30,29,96.666666667,100.000000000
nuscenes,scene-1094_024,yaw,-0.500000000,deg,6,Pedestrian,15.117562954,"middle [10,30)",0,0.000000000,15,13,86.666666667,100.000000000
nuscenes,scene-1094_024,yaw,0.000000000,deg,3,Car,21.548739190,"middle [10,30)",0,0.000000000,30,30,100.000000000,100.000000000
nuscenes,scene-1094_024,yaw,0.000000000,deg,6,Pedestrian,15.117562954,"middle [10,30)",0,0.000000000,15,15,100.000000000,100.000000000
nuscenes,scene-1094_024,yaw,0.500000000,deg,3,Car,21.548739190,"middle [10,30)",0,0.000000000,30,29,96.666666667,100.000000000
nuscenes,scene-1094_024,yaw,0.500000000,deg,6,Pedestrian,15.117562954,"middle [10,30)",0,0.000000000,15,14,93.333333333,100.000000000
nuscenes,scene-1094_024,yaw,1.000000000,deg,3,Car,21.548739190,"middle [10,30)",0,0.000000000,30,26,86.666666667,100.000000000
nuscenes,scene-1094_024,yaw,1.000000000,deg,6,Pedestrian,15.117562954,"middle [10,30)",0,0.000000000,15,12,80.000000000,100.000000000
nuscenes,scene-1094_024,yaw,2.000000000,deg,3,Car,21.548739190,"middle [10,30)",0,0.000000000,30,18,60.000000000,100.000000000
nuscenes,scene-1094_024,yaw,2.000000000,deg,6,Pedestrian,15.117562954,"middle [10,30)",0,0.000000000,15,4,26.666666667,100.000000000
nuscenes,scene-1094_024,yaw,3.000000000,deg,3,Car,21.548739190,"middle [10,30)",0,0.000000000,30,10,33.333333333,100.000000000
nuscenes,scene-1094_024,yaw,3.000000000,deg,6,Pedestrian,15.117562954,"middle [10,30)",0,0.000000000,15,0,0.000000000,100.000000000
nuscenes,scene-1094_024,lateral,-0.100000000,m,3,Car,21.548739190,"middle [10,30)",0,0.000000000,30,30,100.000000000,100.000000000
nuscenes,scene-1094_024,lateral,-0.100000000,m,6,Pedestrian,15.117562954,"middle [10,30)",0,0.000000000,15,15,100.000000000,100.000000000
nuscenes,scene-1094_024,lateral,-0.050000000,m,3,Car,21.548739190,"middle [10,30)",0,0.000000000,30,30,100.000000000,100.000000000
nuscenes,scene-1094_024,lateral,-0.050000000,m,6,Pedestrian,15.117562954,"middle [10,30)",0,0.000000000,15,15,100.000000000,100.000000000
nuscenes,scene-1094_024,lateral,-0.020000000,m,3,Car,21.548739190,"middle [10,30)",0,0.000000000,30,30,100.000000000,100.000000000
nuscenes,scene-1094_024,lateral,-0.020000000,m,6,Pedestrian,15.117562954,"middle [10,30)",0,0.000000000,15,15,100.000000000,100.000000000
nuscenes,scene-1094_024,lateral,0.000000000,m,3,Car,21.548739190,"middle [10,30)",0,0.000000000,30,30,100.000000000,100.000000000
nuscenes,scene-1094_024,lateral,0.000000000,m,6,Pedestrian,15.117562954,"middle [10,30)",0,0.000000000,15,15,100.000000000,100.000000000
nuscenes,scene-1094_024,lateral,0.020000000,m,3,Car,21.548739190,"middle [10,30)",0,0.000000000,30,30,100.000000000,100.000000000
nuscenes,scene-1094_024,lateral,0.020000000,m,6,Pedestrian,15.117562954,"middle [10,30)",0,0.000000000,15,15,100.000000000,100.000000000
nuscenes,scene-1094_024,lateral,0.050000000,m,3,Car,21.548739190,"middle [10,30)",0,0.000000000,30,30,100.000000000,100.000000000
nuscenes,scene-1094_024,lateral,0.050000000,m,6,Pedestrian,15.117562954,"middle [10,30)",0,0.000000000,15,14,93.333333333,100.000000000
nuscenes,scene-1094_024,lateral,0.100000000,m,3,Car,21.548739190,"middle [10,30)",0,0.000000000,30,30,100.000000000,100.000000000
nuscenes,scene-1094_024,lateral,0.100000000,m,6,Pedestrian,15.117562954,"middle [10,30)",0,0.000000000,15,14,93.333333333,100.000000000
nuscenes,scene-1094_025,yaw,-3.000000000,deg,4,Car,22.359469196,"middle [10,30)",0,0.000000000,42,13,30.952380952,100.000000000
nuscenes,scene-1094_025,yaw,-3.000000000,deg,7,Pedestrian,10.202943811,"middle [10,30)",0,0.000000000,19,1,5.263157895,100.000000000
nuscenes,scene-1094_025,yaw,-2.000000000,deg,4,Car,22.359469196,"middle [10,30)",0,0.000000000,42,25,59.523809524,100.000000000
nuscenes,scene-1094_025,yaw,-2.000000000,deg,7,Pedestrian,10.202943811,"middle [10,30)",0,0.000000000,19,7,36.842105263,100.000000000
nuscenes,scene-1094_025,yaw,-1.000000000,deg,4,Car,22.359469196,"middle [10,30)",0,0.000000000,42,37,88.095238095,100.000000000
nuscenes,scene-1094_025,yaw,-1.000000000,deg,7,Pedestrian,10.202943811,"middle [10,30)",0,0.000000000,19,16,84.210526316,100.000000000
nuscenes,scene-1094_025,yaw,-0.500000000,deg,4,Car,22.359469196,"middle [10,30)",0,0.000000000,42,39,92.857142857,100.000000000
nuscenes,scene-1094_025,yaw,-0.500000000,deg,7,Pedestrian,10.202943811,"middle [10,30)",0,0.000000000,19,19,100.000000000,100.000000000
nuscenes,scene-1094_025,yaw,0.000000000,deg,4,Car,22.359469196,"middle [10,30)",0,0.000000000,42,42,100.000000000,100.000000000
nuscenes,scene-1094_025,yaw,0.000000000,deg,7,Pedestrian,10.202943811,"middle [10,30)",0,0.000000000,19,19,100.000000000,100.000000000
nuscenes,scene-1094_025,yaw,0.500000000,deg,4,Car,22.359469196,"middle [10,30)",0,0.000000000,42,39,92.857142857,100.000000000
nuscenes,scene-1094_025,yaw,0.500000000,deg,7,Pedestrian,10.202943811,"middle [10,30)",0,0.000000000,19,19,100.000000000,100.000000000
nuscenes,scene-1094_025,yaw,1.000000000,deg,4,Car,22.359469196,"middle [10,30)",0,0.000000000,42,36,85.714285714,100.000000000
nuscenes,scene-1094_025,yaw,1.000000000,deg,7,Pedestrian,10.202943811,"middle [10,30)",0,0.000000000,19,18,94.736842105,100.000000000
nuscenes,scene-1094_025,yaw,2.000000000,deg,4,Car,22.359469196,"middle [10,30)",0,0.000000000,42,25,59.523809524,100.000000000
nuscenes,scene-1094_025,yaw,2.000000000,deg,7,Pedestrian,10.202943811,"middle [10,30)",0,0.000000000,19,11,57.894736842,100.000000000
nuscenes,scene-1094_025,yaw,3.000000000,deg,4,Car,22.359469196,"middle [10,30)",0,0.000000000,42,13,30.952380952,100.000000000
nuscenes,scene-1094_025,yaw,3.000000000,deg,7,Pedestrian,10.202943811,"middle [10,30)",0,0.000000000,19,2,10.526315789,100.000000000
nuscenes,scene-1094_025,lateral,-0.100000000,m,4,Car,22.359469196,"middle [10,30)",0,0.000000000,42,40,95.238095238,100.000000000
nuscenes,scene-1094_025,lateral,-0.100000000,m,7,Pedestrian,10.202943811,"middle [10,30)",0,0.000000000,19,19,100.000000000,100.000000000
nuscenes,scene-1094_025,lateral,-0.050000000,m,4,Car,22.359469196,"middle [10,30)",0,0.000000000,42,42,100.000000000,100.000000000
nuscenes,scene-1094_025,lateral,-0.050000000,m,7,Pedestrian,10.202943811,"middle [10,30)",0,0.000000000,19,19,100.000000000,100.000000000
nuscenes,scene-1094_025,lateral,-0.020000000,m,4,Car,22.359469196,"middle [10,30)",0,0.000000000,42,42,100.000000000,100.000000000
nuscenes,scene-1094_025,lateral,-0.020000000,m,7,Pedestrian,10.202943811,"middle [10,30)",0,0.000000000,19,19,100.000000000,100.000000000
nuscenes,scene-1094_025,lateral,0.000000000,m,4,Car,22.359469196,"middle [10,30)",0,0.000000000,42,42,100.000000000,100.000000000
nuscenes,scene-1094_025,lateral,0.000000000,m,7,Pedestrian,10.202943811,"middle [10,30)",0,0.000000000,19,19,100.000000000,100.000000000
nuscenes,scene-1094_025,lateral,0.020000000,m,4,Car,22.359469196,"middle [10,30)",0,0.000000000,42,42,100.000000000,100.000000000
nuscenes,scene-1094_025,lateral,0.020000000,m,7,Pedestrian,10.202943811,"middle [10,30)",0,0.000000000,19,19,100.000000000,100.000000000
nuscenes,scene-1094_025,lateral,0.050000000,m,4,Car,22.359469196,"middle [10,30)",0,0.000000000,42,41,97.619047619,100.000000000
nuscenes,scene-1094_025,lateral,0.050000000,m,7,Pedestrian,10.202943811,"middle [10,30)",0,0.000000000,19,19,100.000000000,100.000000000
nuscenes,scene-1094_025,lateral,0.100000000,m,4,Car,22.359469196,"middle [10,30)",0,0.000000000,42,41,97.619047619,100.000000000
nuscenes,scene-1094_025,lateral,0.100000000,m,7,Pedestrian,10.202943811,"middle [10,30)",0,0.000000000,19,19,100.000000000,100.000000000
nuscenes,scene-1094_026,yaw,-3.000000000,deg,4,Car,22.986168561,"middle [10,30)",0,0.000000000,30,7,23.333333333,100.000000000
nuscenes,scene-1094_026,yaw,-2.000000000,deg,4,Car,22.986168561,"middle [10,30)",0,0.000000000,30,15,50.000000000,100.000000000
nuscenes,scene-1094_026,yaw,-1.000000000,deg,4,Car,22.986168561,"middle [10,30)",0,0.000000000,30,24,80.000000000,100.000000000
nuscenes,scene-1094_026,yaw,-0.500000000,deg,4,Car,22.986168561,"middle [10,30)",0,0.000000000,30,28,93.333333333,100.000000000
nuscenes,scene-1094_026,yaw,0.000000000,deg,4,Car,22.986168561,"middle [10,30)",0,0.000000000,30,30,100.000000000,100.000000000
nuscenes,scene-1094_026,yaw,0.500000000,deg,4,Car,22.986168561,"middle [10,30)",0,0.000000000,30,28,93.333333333,100.000000000
nuscenes,scene-1094_026,yaw,1.000000000,deg,4,Car,22.986168561,"middle [10,30)",0,0.000000000,30,27,90.000000000,100.000000000
nuscenes,scene-1094_026,yaw,2.000000000,deg,4,Car,22.986168561,"middle [10,30)",0,0.000000000,30,20,66.666666667,100.000000000
nuscenes,scene-1094_026,yaw,3.000000000,deg,4,Car,22.986168561,"middle [10,30)",0,0.000000000,30,11,36.666666667,100.000000000
nuscenes,scene-1094_026,lateral,-0.100000000,m,4,Car,22.986168561,"middle [10,30)",0,0.000000000,30,30,100.000000000,100.000000000
nuscenes,scene-1094_026,lateral,-0.050000000,m,4,Car,22.986168561,"middle [10,30)",0,0.000000000,30,30,100.000000000,100.000000000
nuscenes,scene-1094_026,lateral,-0.020000000,m,4,Car,22.986168561,"middle [10,30)",0,0.000000000,30,30,100.000000000,100.000000000
nuscenes,scene-1094_026,lateral,0.000000000,m,4,Car,22.986168561,"middle [10,30)",0,0.000000000,30,30,100.000000000,100.000000000
nuscenes,scene-1094_026,lateral,0.020000000,m,4,Car,22.986168561,"middle [10,30)",0,0.000000000,30,30,100.000000000,100.000000000
nuscenes,scene-1094_026,lateral,0.050000000,m,4,Car,22.986168561,"middle [10,30)",0,0.000000000,30,30,100.000000000,100.000000000
nuscenes,scene-1094_026,lateral,0.100000000,m,4,Car,22.986168561,"middle [10,30)",0,0.000000000,30,30,100.000000000,100.000000000
nuscenes,scene-1094_027,yaw,-3.000000000,deg,4,Car,23.753869972,"middle [10,30)",0,0.000000000,29,6,20.689655172,100.000000000
nuscenes,scene-1094_027,yaw,-3.000000000,deg,6,Pedestrian,12.591360786,"middle [10,30)",0,0.000000000,13,0,0.000000000,100.000000000
nuscenes,scene-1094_027,yaw,-3.000000000,deg,8,Pedestrian,12.965531874,"middle [10,30)",0,0.000000000,22,2,9.090909091,100.000000000
nuscenes,scene-1094_027,yaw,-2.000000000,deg,4,Car,23.753869972,"middle [10,30)",0,0.000000000,29,15,51.724137931,100.000000000
nuscenes,scene-1094_027,yaw,-2.000000000,deg,6,Pedestrian,12.591360786,"middle [10,30)",0,0.000000000,13,0,0.000000000,100.000000000
nuscenes,scene-1094_027,yaw,-2.000000000,deg,8,Pedestrian,12.965531874,"middle [10,30)",0,0.000000000,22,7,31.818181818,100.000000000
nuscenes,scene-1094_027,yaw,-1.000000000,deg,4,Car,23.753869972,"middle [10,30)",0,0.000000000,29,23,79.310344828,100.000000000
nuscenes,scene-1094_027,yaw,-1.000000000,deg,6,Pedestrian,12.591360786,"middle [10,30)",0,0.000000000,13,5,38.461538462,100.000000000
nuscenes,scene-1094_027,yaw,-1.000000000,deg,8,Pedestrian,12.965531874,"middle [10,30)",0,0.000000000,22,17,77.272727273,100.000000000
nuscenes,scene-1094_027,yaw,-0.500000000,deg,4,Car,23.753869972,"middle [10,30)",0,0.000000000,29,27,93.103448276,100.000000000
nuscenes,scene-1094_027,yaw,-0.500000000,deg,6,Pedestrian,12.591360786,"middle [10,30)",0,0.000000000,13,11,84.615384615,100.000000000
nuscenes,scene-1094_027,yaw,-0.500000000,deg,8,Pedestrian,12.965531874,"middle [10,30)",0,0.000000000,22,21,95.454545455,100.000000000
nuscenes,scene-1094_027,yaw,0.000000000,deg,4,Car,23.753869972,"middle [10,30)",0,0.000000000,29,29,100.000000000,100.000000000
nuscenes,scene-1094_027,yaw,0.000000000,deg,6,Pedestrian,12.591360786,"middle [10,30)",0,0.000000000,13,13,100.000000000,100.000000000
nuscenes,scene-1094_027,yaw,0.000000000,deg,8,Pedestrian,12.965531874,"middle [10,30)",0,0.000000000,22,22,100.000000000,100.000000000
nuscenes,scene-1094_027,yaw,0.500000000,deg,4,Car,23.753869972,"middle [10,30)",0,0.000000000,29,27,93.103448276,100.000000000
nuscenes,scene-1094_027,yaw,0.500000000,deg,6,Pedestrian,12.591360786,"middle [10,30)",0,0.000000000,13,13,100.000000000,100.000000000
nuscenes,scene-1094_027,yaw,0.500000000,deg,8,Pedestrian,12.965531874,"middle [10,30)",0,0.000000000,22,22,100.000000000,100.000000000
nuscenes,scene-1094_027,yaw,1.000000000,deg,4,Car,23.753869972,"middle [10,30)",0,0.000000000,29,25,86.206896552,100.000000000
nuscenes,scene-1094_027,yaw,1.000000000,deg,6,Pedestrian,12.591360786,"middle [10,30)",0,0.000000000,13,13,100.000000000,100.000000000
nuscenes,scene-1094_027,yaw,1.000000000,deg,8,Pedestrian,12.965531874,"middle [10,30)",0,0.000000000,22,20,90.909090909,100.000000000
nuscenes,scene-1094_027,yaw,2.000000000,deg,4,Car,23.753869972,"middle [10,30)",0,0.000000000,29,17,58.620689655,100.000000000
nuscenes,scene-1094_027,yaw,2.000000000,deg,6,Pedestrian,12.591360786,"middle [10,30)",0,0.000000000,13,6,46.153846154,100.000000000
nuscenes,scene-1094_027,yaw,2.000000000,deg,8,Pedestrian,12.965531874,"middle [10,30)",0,0.000000000,22,13,59.090909091,100.000000000
nuscenes,scene-1094_027,yaw,3.000000000,deg,4,Car,23.753869972,"middle [10,30)",0,0.000000000,29,9,31.034482759,100.000000000
nuscenes,scene-1094_027,yaw,3.000000000,deg,6,Pedestrian,12.591360786,"middle [10,30)",0,0.000000000,13,0,0.000000000,100.000000000
nuscenes,scene-1094_027,yaw,3.000000000,deg,8,Pedestrian,12.965531874,"middle [10,30)",0,0.000000000,22,4,18.181818182,100.000000000
nuscenes,scene-1094_027,lateral,-0.100000000,m,4,Car,23.753869972,"middle [10,30)",0,0.000000000,29,29,100.000000000,100.000000000
nuscenes,scene-1094_027,lateral,-0.100000000,m,6,Pedestrian,12.591360786,"middle [10,30)",0,0.000000000,13,13,100.000000000,100.000000000
nuscenes,scene-1094_027,lateral,-0.100000000,m,8,Pedestrian,12.965531874,"middle [10,30)",0,0.000000000,22,22,100.000000000,100.000000000
nuscenes,scene-1094_027,lateral,-0.050000000,m,4,Car,23.753869972,"middle [10,30)",0,0.000000000,29,29,100.000000000,100.000000000
nuscenes,scene-1094_027,lateral,-0.050000000,m,6,Pedestrian,12.591360786,"middle [10,30)",0,0.000000000,13,13,100.000000000,100.000000000
nuscenes,scene-1094_027,lateral,-0.050000000,m,8,Pedestrian,12.965531874,"middle [10,30)",0,0.000000000,22,22,100.000000000,100.000000000
nuscenes,scene-1094_027,lateral,-0.020000000,m,4,Car,23.753869972,"middle [10,30)",0,0.000000000,29,29,100.000000000,100.000000000
nuscenes,scene-1094_027,lateral,-0.020000000,m,6,Pedestrian,12.591360786,"middle [10,30)",0,0.000000000,13,13,100.000000000,100.000000000
nuscenes,scene-1094_027,lateral,-0.020000000,m,8,Pedestrian,12.965531874,"middle [10,30)",0,0.000000000,22,22,100.000000000,100.000000000
nuscenes,scene-1094_027,lateral,0.000000000,m,4,Car,23.753869972,"middle [10,30)",0,0.000000000,29,29,100.000000000,100.000000000
nuscenes,scene-1094_027,lateral,0.000000000,m,6,Pedestrian,12.591360786,"middle [10,30)",0,0.000000000,13,13,100.000000000,100.000000000
nuscenes,scene-1094_027,lateral,0.000000000,m,8,Pedestrian,12.965531874,"middle [10,30)",0,0.000000000,22,22,100.000000000,100.000000000
nuscenes,scene-1094_027,lateral,0.020000000,m,4,Car,23.753869972,"middle [10,30)",0,0.000000000,29,29,100.000000000,100.000000000
nuscenes,scene-1094_027,lateral,0.020000000,m,6,Pedestrian,12.591360786,"middle [10,30)",0,0.000000000,13,13,100.000000000,100.000000000
nuscenes,scene-1094_027,lateral,0.020000000,m,8,Pedestrian,12.965531874,"middle [10,30)",0,0.000000000,22,22,100.000000000,100.000000000
nuscenes,scene-1094_027,lateral,0.050000000,m,4,Car,23.753869972,"middle [10,30)",0,0.000000000,29,29,100.000000000,100.000000000
nuscenes,scene-1094_027,lateral,0.050000000,m,6,Pedestrian,12.591360786,"middle [10,30)",0,0.000000000,13,13,100.000000000,100.000000000
nuscenes,scene-1094_027,lateral,0.050000000,m,8,Pedestrian,12.965531874,"middle [10,30)",0,0.000000000,22,22,100.000000000,100.000000000
nuscenes,scene-1094_027,lateral,0.100000000,m,4,Car,23.753869972,"middle [10,30)",0,0.000000000,29,29,100.000000000,100.000000000
nuscenes,scene-1094_027,lateral,0.100000000,m,6,Pedestrian,12.591360786,"middle [10,30)",0,0.000000000,13,11,84.615384615,100.000000000
nuscenes,scene-1094_027,lateral,0.100000000,m,8,Pedestrian,12.965531874,"middle [10,30)",0,0.000000000,22,22,100.000000000,100.000000000
nuscenes,scene-1094_028,yaw,-3.000000000,deg,6,Pedestrian,7.387596583,"near [0,10)",0,0.000000000,49,9,18.367346939,100.000000000
nuscenes,scene-1094_028,yaw,-2.000000000,deg,6,Pedestrian,7.387596583,"near [0,10)",0,0.000000000,49,19,38.775510204,100.000000000
nuscenes,scene-1094_028,yaw,-1.000000000,deg,6,Pedestrian,7.387596583,"near [0,10)",0,0.000000000,49,41,83.673469388,100.000000000
nuscenes,scene-1094_028,yaw,-0.500000000,deg,6,Pedestrian,7.387596583,"near [0,10)",0,0.000000000,49,47,95.918367347,100.000000000
nuscenes,scene-1094_028,yaw,0.000000000,deg,6,Pedestrian,7.387596583,"near [0,10)",0,0.000000000,49,49,100.000000000,100.000000000
nuscenes,scene-1094_028,yaw,0.500000000,deg,6,Pedestrian,7.387596583,"near [0,10)",0,0.000000000,49,49,100.000000000,100.000000000
nuscenes,scene-1094_028,yaw,1.000000000,deg,6,Pedestrian,7.387596583,"near [0,10)",0,0.000000000,49,46,93.877551020,100.000000000
nuscenes,scene-1094_028,yaw,2.000000000,deg,6,Pedestrian,7.387596583,"near [0,10)",0,0.000000000,49,43,87.755102041,100.000000000
nuscenes,scene-1094_028,yaw,3.000000000,deg,6,Pedestrian,7.387596583,"near [0,10)",0,0.000000000,49,34,69.387755102,100.000000000
nuscenes,scene-1094_028,lateral,-0.100000000,m,6,Pedestrian,7.387596583,"near [0,10)",0,0.000000000,49,48,97.959183673,100.000000000
nuscenes,scene-1094_028,lateral,-0.050000000,m,6,Pedestrian,7.387596583,"near [0,10)",0,0.000000000,49,49,100.000000000,100.000000000
nuscenes,scene-1094_028,lateral,-0.020000000,m,6,Pedestrian,7.387596583,"near [0,10)",0,0.000000000,49,49,100.000000000,100.000000000
nuscenes,scene-1094_028,lateral,0.000000000,m,6,Pedestrian,7.387596583,"near [0,10)",0,0.000000000,49,49,100.000000000,100.000000000
nuscenes,scene-1094_028,lateral,0.020000000,m,6,Pedestrian,7.387596583,"near [0,10)",0,0.000000000,49,49,100.000000000,100.000000000
nuscenes,scene-1094_028,lateral,0.050000000,m,6,Pedestrian,7.387596583,"near [0,10)",0,0.000000000,49,49,100.000000000,100.000000000
nuscenes,scene-1094_028,lateral,0.100000000,m,6,Pedestrian,7.387596583,"near [0,10)",0,0.000000000,49,46,93.877551020,100.000000000
nuscenes,scene-1094_029,yaw,-3.000000000,deg,0,Pedestrian,12.411004400,"middle [10,30)",0,0.000000000,19,3,15.789473684,100.000000000
nuscenes,scene-1094_029,yaw,-3.000000000,deg,3,Car,25.395416697,"middle [10,30)",0,0.000000000,19,3,15.789473684,100.000000000
nuscenes,scene-1094_029,yaw,-2.000000000,deg,0,Pedestrian,12.411004400,"middle [10,30)",0,0.000000000,19,15,78.947368421,100.000000000
nuscenes,scene-1094_029,yaw,-2.000000000,deg,3,Car,25.395416697,"middle [10,30)",0,0.000000000,19,8,42.105263158,100.000000000
nuscenes,scene-1094_029,yaw,-1.000000000,deg,0,Pedestrian,12.411004400,"middle [10,30)",0,0.000000000,19,19,100.000000000,100.000000000
nuscenes,scene-1094_029,yaw,-1.000000000,deg,3,Car,25.395416697,"middle [10,30)",0,0.000000000,19,16,84.210526316,100.000000000
nuscenes,scene-1094_029,yaw,-0.500000000,deg,0,Pedestrian,12.411004400,"middle [10,30)",0,0.000000000,19,19,100.000000000,100.000000000
nuscenes,scene-1094_029,yaw,-0.500000000,deg,3,Car,25.395416697,"middle [10,30)",0,0.000000000,19,19,100.000000000,100.000000000
nuscenes,scene-1094_029,yaw,0.000000000,deg,0,Pedestrian,12.411004400,"middle [10,30)",0,0.000000000,19,19,100.000000000,100.000000000
nuscenes,scene-1094_029,yaw,0.000000000,deg,3,Car,25.395416697,"middle [10,30)",0,0.000000000,19,19,100.000000000,100.000000000
nuscenes,scene-1094_029,yaw,0.500000000,deg,0,Pedestrian,12.411004400,"middle [10,30)",0,0.000000000,19,19,100.000000000,100.000000000
nuscenes,scene-1094_029,yaw,0.500000000,deg,3,Car,25.395416697,"middle [10,30)",0,0.000000000,19,18,94.736842105,100.000000000
nuscenes,scene-1094_029,yaw,1.000000000,deg,0,Pedestrian,12.411004400,"middle [10,30)",0,0.000000000,19,17,89.473684211,100.000000000
nuscenes,scene-1094_029,yaw,1.000000000,deg,3,Car,25.395416697,"middle [10,30)",0,0.000000000,19,16,84.210526316,100.000000000
nuscenes,scene-1094_029,yaw,2.000000000,deg,0,Pedestrian,12.411004400,"middle [10,30)",0,0.000000000,19,5,26.315789474,100.000000000
nuscenes,scene-1094_029,yaw,2.000000000,deg,3,Car,25.395416697,"middle [10,30)",0,0.000000000,19,11,57.894736842,100.000000000
nuscenes,scene-1094_029,yaw,3.000000000,deg,0,Pedestrian,12.411004400,"middle [10,30)",0,0.000000000,19,0,0.000000000,100.000000000
nuscenes,scene-1094_029,yaw,3.000000000,deg,3,Car,25.395416697,"middle [10,30)",0,0.000000000,19,3,15.789473684,100.000000000
nuscenes,scene-1094_029,lateral,-0.100000000,m,0,Pedestrian,12.411004400,"middle [10,30)",0,0.000000000,19,19,100.000000000,100.000000000
nuscenes,scene-1094_029,lateral,-0.100000000,m,3,Car,25.395416697,"middle [10,30)",0,0.000000000,19,18,94.736842105,100.000000000
nuscenes,scene-1094_029,lateral,-0.050000000,m,0,Pedestrian,12.411004400,"middle [10,30)",0,0.000000000,19,19,100.000000000,100.000000000
nuscenes,scene-1094_029,lateral,-0.050000000,m,3,Car,25.395416697,"middle [10,30)",0,0.000000000,19,19,100.000000000,100.000000000
nuscenes,scene-1094_029,lateral,-0.020000000,m,0,Pedestrian,12.411004400,"middle [10,30)",0,0.000000000,19,19,100.000000000,100.000000000
nuscenes,scene-1094_029,lateral,-0.020000000,m,3,Car,25.395416697,"middle [10,30)",0,0.000000000,19,19,100.000000000,100.000000000
nuscenes,scene-1094_029,lateral,0.000000000,m,0,Pedestrian,12.411004400,"middle [10,30)",0,0.000000000,19,19,100.000000000,100.000000000
nuscenes,scene-1094_029,lateral,0.000000000,m,3,Car,25.395416697,"middle [10,30)",0,0.000000000,19,19,100.000000000,100.000000000
nuscenes,scene-1094_029,lateral,0.020000000,m,0,Pedestrian,12.411004400,"middle [10,30)",0,0.000000000,19,19,100.000000000,100.000000000
nuscenes,scene-1094_029,lateral,0.020000000,m,3,Car,25.395416697,"middle [10,30)",0,0.000000000,19,19,100.000000000,100.000000000
nuscenes,scene-1094_029,lateral,0.050000000,m,0,Pedestrian,12.411004400,"middle [10,30)",0,0.000000000,19,19,100.000000000,100.000000000
nuscenes,scene-1094_029,lateral,0.050000000,m,3,Car,25.395416697,"middle [10,30)",0,0.000000000,19,19,100.000000000,100.000000000
nuscenes,scene-1094_029,lateral,0.100000000,m,0,Pedestrian,12.411004400,"middle [10,30)",0,0.000000000,19,19,100.000000000,100.000000000
nuscenes,scene-1094_029,lateral,0.100000000,m,3,Car,25.395416697,"middle [10,30)",0,0.000000000,19,19,100.000000000,100.000000000
nuscenes,scene-1094_030,yaw,-3.000000000,deg,0,Pedestrian,7.946657647,"near [0,10)",0,0.000000000,42,27,64.285714286,100.000000000
nuscenes,scene-1094_030,yaw,-3.000000000,deg,1,Bus,37.795694588,"far [30,inf)",0,0.000000000,32,24,75.000000000,100.000000000
nuscenes,scene-1094_030,yaw,-2.000000000,deg,0,Pedestrian,7.946657647,"near [0,10)",0,0.000000000,42,37,88.095238095,100.000000000
nuscenes,scene-1094_030,yaw,-2.000000000,deg,1,Bus,37.795694588,"far [30,inf)",0,0.000000000,32,27,84.375000000,100.000000000
nuscenes,scene-1094_030,yaw,-1.000000000,deg,0,Pedestrian,7.946657647,"near [0,10)",0,0.000000000,42,41,97.619047619,100.000000000
nuscenes,scene-1094_030,yaw,-1.000000000,deg,1,Bus,37.795694588,"far [30,inf)",0,0.000000000,32,30,93.750000000,100.000000000
nuscenes,scene-1094_030,yaw,-0.500000000,deg,0,Pedestrian,7.946657647,"near [0,10)",0,0.000000000,42,42,100.000000000,100.000000000
nuscenes,scene-1094_030,yaw,-0.500000000,deg,1,Bus,37.795694588,"far [30,inf)",0,0.000000000,32,32,100.000000000,100.000000000
nuscenes,scene-1094_030,yaw,0.000000000,deg,0,Pedestrian,7.946657647,"near [0,10)",0,0.000000000,42,42,100.000000000,100.000000000
nuscenes,scene-1094_030,yaw,0.000000000,deg,1,Bus,37.795694588,"far [30,inf)",0,0.000000000,32,32,100.000000000,100.000000000
nuscenes,scene-1094_030,yaw,0.500000000,deg,0,Pedestrian,7.946657647,"near [0,10)",0,0.000000000,42,42,100.000000000,100.000000000
nuscenes,scene-1094_030,yaw,0.500000000,deg,1,Bus,37.795694588,"far [30,inf)",0,0.000000000,32,32,100.000000000,100.000000000
nuscenes,scene-1094_030,yaw,1.000000000,deg,0,Pedestrian,7.946657647,"near [0,10)",0,0.000000000,42,39,92.857142857,100.000000000
nuscenes,scene-1094_030,yaw,1.000000000,deg,1,Bus,37.795694588,"far [30,inf)",0,0.000000000,32,30,93.750000000,100.000000000
nuscenes,scene-1094_030,yaw,2.000000000,deg,0,Pedestrian,7.946657647,"near [0,10)",0,0.000000000,42,19,45.238095238,100.000000000
nuscenes,scene-1094_030,yaw,2.000000000,deg,1,Bus,37.795694588,"far [30,inf)",0,0.000000000,32,22,68.750000000,100.000000000
nuscenes,scene-1094_030,yaw,3.000000000,deg,0,Pedestrian,7.946657647,"near [0,10)",0,0.000000000,42,8,19.047619048,100.000000000
nuscenes,scene-1094_030,yaw,3.000000000,deg,1,Bus,37.795694588,"far [30,inf)",0,0.000000000,32,17,53.125000000,100.000000000
nuscenes,scene-1094_030,lateral,-0.100000000,m,0,Pedestrian,7.946657647,"near [0,10)",0,0.000000000,42,42,100.000000000,100.000000000
nuscenes,scene-1094_030,lateral,-0.100000000,m,1,Bus,37.795694588,"far [30,inf)",0,0.000000000,32,32,100.000000000,100.000000000
nuscenes,scene-1094_030,lateral,-0.050000000,m,0,Pedestrian,7.946657647,"near [0,10)",0,0.000000000,42,42,100.000000000,100.000000000
nuscenes,scene-1094_030,lateral,-0.050000000,m,1,Bus,37.795694588,"far [30,inf)",0,0.000000000,32,32,100.000000000,100.000000000
nuscenes,scene-1094_030,lateral,-0.020000000,m,0,Pedestrian,7.946657647,"near [0,10)",0,0.000000000,42,42,100.000000000,100.000000000
nuscenes,scene-1094_030,lateral,-0.020000000,m,1,Bus,37.795694588,"far [30,inf)",0,0.000000000,32,32,100.000000000,100.000000000
nuscenes,scene-1094_030,lateral,0.000000000,m,0,Pedestrian,7.946657647,"near [0,10)",0,0.000000000,42,42,100.000000000,100.000000000
nuscenes,scene-1094_030,lateral,0.000000000,m,1,Bus,37.795694588,"far [30,inf)",0,0.000000000,32,32,100.000000000,100.000000000
nuscenes,scene-1094_030,lateral,0.020000000,m,0,Pedestrian,7.946657647,"near [0,10)",0,0.000000000,42,42,100.000000000,100.000000000
nuscenes,scene-1094_030,lateral,0.020000000,m,1,Bus,37.795694588,"far [30,inf)",0,0.000000000,32,32,100.000000000,100.000000000
nuscenes,scene-1094_030,lateral,0.050000000,m,0,Pedestrian,7.946657647,"near [0,10)",0,0.000000000,42,42,100.000000000,100.000000000
nuscenes,scene-1094_030,lateral,0.050000000,m,1,Bus,37.795694588,"far [30,inf)",0,0.000000000,32,32,100.000000000,100.000000000
nuscenes,scene-1094_030,lateral,0.100000000,m,0,Pedestrian,7.946657647,"near [0,10)",0,0.000000000,42,42,100.000000000,100.000000000
nuscenes,scene-1094_030,lateral,0.100000000,m,1,Bus,37.795694588,"far [30,inf)",0,0.000000000,32,32,100.000000000,100.000000000
nuscenes,scene-1094_031,yaw,-3.000000000,deg,0,Bus,30.699504474,"far [30,inf)",0,0.000000000,47,39,82.978723404,100.000000000
nuscenes,scene-1094_031,yaw,-2.000000000,deg,0,Bus,30.699504474,"far [30,inf)",0,0.000000000,47,42,89.361702128,100.000000000
nuscenes,scene-1094_031,yaw,-1.000000000,deg,0,Bus,30.699504474,"far [30,inf)",0,0.000000000,47,45,95.744680851,100.000000000
nuscenes,scene-1094_031,yaw,-0.500000000,deg,0,Bus,30.699504474,"far [30,inf)",0,0.000000000,47,47,100.000000000,100.000000000
nuscenes,scene-1094_031,yaw,0.000000000,deg,0,Bus,30.699504474,"far [30,inf)",0,0.000000000,47,47,100.000000000,100.000000000
nuscenes,scene-1094_031,yaw,0.500000000,deg,0,Bus,30.699504474,"far [30,inf)",0,0.000000000,47,46,97.872340426,100.000000000
nuscenes,scene-1094_031,yaw,1.000000000,deg,0,Bus,30.699504474,"far [30,inf)",0,0.000000000,47,44,93.617021277,100.000000000
nuscenes,scene-1094_031,yaw,2.000000000,deg,0,Bus,30.699504474,"far [30,inf)",0,0.000000000,47,35,74.468085106,100.000000000
nuscenes,scene-1094_031,yaw,3.000000000,deg,0,Bus,30.699504474,"far [30,inf)",0,0.000000000,47,27,57.446808511,100.000000000
nuscenes,scene-1094_031,lateral,-0.100000000,m,0,Bus,30.699504474,"far [30,inf)",0,0.000000000,47,47,100.000000000,100.000000000
nuscenes,scene-1094_031,lateral,-0.050000000,m,0,Bus,30.699504474,"far [30,inf)",0,0.000000000,47,47,100.000000000,100.000000000
nuscenes,scene-1094_031,lateral,-0.020000000,m,0,Bus,30.699504474,"far [30,inf)",0,0.000000000,47,47,100.000000000,100.000000000
nuscenes,scene-1094_031,lateral,0.000000000,m,0,Bus,30.699504474,"far [30,inf)",0,0.000000000,47,47,100.000000000,100.000000000
nuscenes,scene-1094_031,lateral,0.020000000,m,0,Bus,30.699504474,"far [30,inf)",0,0.000000000,47,47,100.000000000,100.000000000
nuscenes,scene-1094_031,lateral,0.050000000,m,0,Bus,30.699504474,"far [30,inf)",0,0.000000000,47,47,100.000000000,100.000000000
nuscenes,scene-1094_031,lateral,0.100000000,m,0,Bus,30.699504474,"far [30,inf)",0,0.000000000,47,47,100.000000000,100.000000000
nuscenes,scene-1094_032,yaw,-3.000000000,deg,0,Bus,22.491497433,"middle [10,30)",0,0.284963132,108,89,82.407407407,100.000000000
nuscenes,scene-1094_032,yaw,-2.000000000,deg,0,Bus,22.491497433,"middle [10,30)",0,0.284963132,108,100,92.592592593,100.000000000
nuscenes,scene-1094_032,yaw,-1.000000000,deg,0,Bus,22.491497433,"middle [10,30)",0,0.284963132,108,108,100.000000000,100.000000000
nuscenes,scene-1094_032,yaw,-0.500000000,deg,0,Bus,22.491497433,"middle [10,30)",0,0.284963132,108,108,100.000000000,100.000000000
nuscenes,scene-1094_032,yaw,0.000000000,deg,0,Bus,22.491497433,"middle [10,30)",0,0.284963132,108,108,100.000000000,100.000000000
nuscenes,scene-1094_032,yaw,0.500000000,deg,0,Bus,22.491497433,"middle [10,30)",0,0.284963132,108,108,100.000000000,100.000000000
nuscenes,scene-1094_032,yaw,1.000000000,deg,0,Bus,22.491497433,"middle [10,30)",0,0.284963132,108,104,96.296296296,100.000000000
nuscenes,scene-1094_032,yaw,2.000000000,deg,0,Bus,22.491497433,"middle [10,30)",0,0.284963132,108,95,87.962962963,100.000000000
nuscenes,scene-1094_032,yaw,3.000000000,deg,0,Bus,22.491497433,"middle [10,30)",0,0.284963132,108,87,80.555555556,100.000000000
nuscenes,scene-1094_032,lateral,-0.100000000,m,0,Bus,22.491497433,"middle [10,30)",0,0.284963132,108,108,100.000000000,100.000000000
nuscenes,scene-1094_032,lateral,-0.050000000,m,0,Bus,22.491497433,"middle [10,30)",0,0.284963132,108,108,100.000000000,100.000000000
nuscenes,scene-1094_032,lateral,-0.020000000,m,0,Bus,22.491497433,"middle [10,30)",0,0.284963132,108,108,100.000000000,100.000000000
nuscenes,scene-1094_032,lateral,0.000000000,m,0,Bus,22.491497433,"middle [10,30)",0,0.284963132,108,108,100.000000000,100.000000000
nuscenes,scene-1094_032,lateral,0.020000000,m,0,Bus,22.491497433,"middle [10,30)",0,0.284963132,108,108,100.000000000,100.000000000
nuscenes,scene-1094_032,lateral,0.050000000,m,0,Bus,22.491497433,"middle [10,30)",0,0.284963132,108,108,100.000000000,100.000000000
nuscenes,scene-1094_032,lateral,0.100000000,m,0,Bus,22.491497433,"middle [10,30)",0,0.284963132,108,108,100.000000000,100.000000000
nuscenes,scene-1094_033,yaw,-3.000000000,deg,0,Bus,18.773271893,"middle [10,30)",0,0.847874145,73,38,52.054794521,100.000000000
nuscenes,scene-1094_033,yaw,-3.000000000,deg,1,Car,27.761802698,"middle [10,30)",0,0.000000000,17,2,11.764705882,100.000000000
nuscenes,scene-1094_033,yaw,-2.000000000,deg,0,Bus,18.773271893,"middle [10,30)",0,0.847874145,73,47,64.383561644,100.000000000
nuscenes,scene-1094_033,yaw,-2.000000000,deg,1,Car,27.761802698,"middle [10,30)",0,0.000000000,17,8,47.058823529,100.000000000
nuscenes,scene-1094_033,yaw,-1.000000000,deg,0,Bus,18.773271893,"middle [10,30)",0,0.847874145,73,61,83.561643836,100.000000000
nuscenes,scene-1094_033,yaw,-1.000000000,deg,1,Car,27.761802698,"middle [10,30)",0,0.000000000,17,14,82.352941176,100.000000000
nuscenes,scene-1094_033,yaw,-0.500000000,deg,0,Bus,18.773271893,"middle [10,30)",0,0.847874145,73,69,94.520547945,100.000000000
nuscenes,scene-1094_033,yaw,-0.500000000,deg,1,Car,27.761802698,"middle [10,30)",0,0.000000000,17,16,94.117647059,100.000000000
nuscenes,scene-1094_033,yaw,0.000000000,deg,0,Bus,18.773271893,"middle [10,30)",0,0.847874145,73,73,100.000000000,100.000000000
nuscenes,scene-1094_033,yaw,0.000000000,deg,1,Car,27.761802698,"middle [10,30)",0,0.000000000,17,17,100.000000000,100.000000000
nuscenes,scene-1094_033,yaw,0.500000000,deg,0,Bus,18.773271893,"middle [10,30)",0,0.847874145,73,73,100.000000000,100.000000000
nuscenes,scene-1094_033,yaw,0.500000000,deg,1,Car,27.761802698,"middle [10,30)",0,0.000000000,17,17,100.000000000,100.000000000
nuscenes,scene-1094_033,yaw,1.000000000,deg,0,Bus,18.773271893,"middle [10,30)",0,0.847874145,73,70,95.890410959,100.000000000
nuscenes,scene-1094_033,yaw,1.000000000,deg,1,Car,27.761802698,"middle [10,30)",0,0.000000000,17,13,76.470588235,100.000000000
nuscenes,scene-1094_033,yaw,2.000000000,deg,0,Bus,18.773271893,"middle [10,30)",0,0.847874145,73,59,80.821917808,100.000000000
nuscenes,scene-1094_033,yaw,2.000000000,deg,1,Car,27.761802698,"middle [10,30)",0,0.000000000,17,7,41.176470588,100.000000000
nuscenes,scene-1094_033,yaw,3.000000000,deg,0,Bus,18.773271893,"middle [10,30)",0,0.847874145,73,46,63.013698630,100.000000000
nuscenes,scene-1094_033,yaw,3.000000000,deg,1,Car,27.761802698,"middle [10,30)",0,0.000000000,17,1,5.882352941,100.000000000
nuscenes,scene-1094_033,lateral,-0.100000000,m,0,Bus,18.773271893,"middle [10,30)",0,0.847874145,73,73,100.000000000,100.000000000
nuscenes,scene-1094_033,lateral,-0.100000000,m,1,Car,27.761802698,"middle [10,30)",0,0.000000000,17,17,100.000000000,100.000000000
nuscenes,scene-1094_033,lateral,-0.050000000,m,0,Bus,18.773271893,"middle [10,30)",0,0.847874145,73,73,100.000000000,100.000000000
nuscenes,scene-1094_033,lateral,-0.050000000,m,1,Car,27.761802698,"middle [10,30)",0,0.000000000,17,17,100.000000000,100.000000000
nuscenes,scene-1094_033,lateral,-0.020000000,m,0,Bus,18.773271893,"middle [10,30)",0,0.847874145,73,73,100.000000000,100.000000000
nuscenes,scene-1094_033,lateral,-0.020000000,m,1,Car,27.761802698,"middle [10,30)",0,0.000000000,17,17,100.000000000,100.000000000
nuscenes,scene-1094_033,lateral,0.000000000,m,0,Bus,18.773271893,"middle [10,30)",0,0.847874145,73,73,100.000000000,100.000000000
nuscenes,scene-1094_033,lateral,0.000000000,m,1,Car,27.761802698,"middle [10,30)",0,0.000000000,17,17,100.000000000,100.000000000
nuscenes,scene-1094_033,lateral,0.020000000,m,0,Bus,18.773271893,"middle [10,30)",0,0.847874145,73,72,98.630136986,100.000000000
nuscenes,scene-1094_033,lateral,0.020000000,m,1,Car,27.761802698,"middle [10,30)",0,0.000000000,17,17,100.000000000,100.000000000
nuscenes,scene-1094_033,lateral,0.050000000,m,0,Bus,18.773271893,"middle [10,30)",0,0.847874145,73,72,98.630136986,100.000000000
nuscenes,scene-1094_033,lateral,0.050000000,m,1,Car,27.761802698,"middle [10,30)",0,0.000000000,17,17,100.000000000,100.000000000
nuscenes,scene-1094_033,lateral,0.100000000,m,0,Bus,18.773271893,"middle [10,30)",0,0.847874145,73,70,95.890410959,100.000000000
nuscenes,scene-1094_033,lateral,0.100000000,m,1,Car,27.761802698,"middle [10,30)",0,0.000000000,17,17,100.000000000,100.000000000
nuscenes,scene-1094_034,yaw,-3.000000000,deg,1,Pedestrian,12.138996546,"middle [10,30)",2,0.000000000,13,0,0.000000000,100.000000000
nuscenes,scene-1094_034,yaw,-2.000000000,deg,1,Pedestrian,12.138996546,"middle [10,30)",2,0.000000000,13,6,46.153846154,100.000000000
nuscenes,scene-1094_034,yaw,-1.000000000,deg,1,Pedestrian,12.138996546,"middle [10,30)",2,0.000000000,13,13,100.000000000,100.000000000
nuscenes,scene-1094_034,yaw,-0.500000000,deg,1,Pedestrian,12.138996546,"middle [10,30)",2,0.000000000,13,13,100.000000000,100.000000000
nuscenes,scene-1094_034,yaw,0.000000000,deg,1,Pedestrian,12.138996546,"middle [10,30)",2,0.000000000,13,13,100.000000000,100.000000000
nuscenes,scene-1094_034,yaw,0.500000000,deg,1,Pedestrian,12.138996546,"middle [10,30)",2,0.000000000,13,13,100.000000000,100.000000000
nuscenes,scene-1094_034,yaw,1.000000000,deg,1,Pedestrian,12.138996546,"middle [10,30)",2,0.000000000,13,13,100.000000000,100.000000000
nuscenes,scene-1094_034,yaw,2.000000000,deg,1,Pedestrian,12.138996546,"middle [10,30)",2,0.000000000,13,7,53.846153846,100.000000000
nuscenes,scene-1094_034,yaw,3.000000000,deg,1,Pedestrian,12.138996546,"middle [10,30)",2,0.000000000,13,1,7.692307692,100.000000000
nuscenes,scene-1094_034,lateral,-0.100000000,m,1,Pedestrian,12.138996546,"middle [10,30)",2,0.000000000,13,13,100.000000000,100.000000000
nuscenes,scene-1094_034,lateral,-0.050000000,m,1,Pedestrian,12.138996546,"middle [10,30)",2,0.000000000,13,13,100.000000000,100.000000000
nuscenes,scene-1094_034,lateral,-0.020000000,m,1,Pedestrian,12.138996546,"middle [10,30)",2,0.000000000,13,13,100.000000000,100.000000000
nuscenes,scene-1094_034,lateral,0.000000000,m,1,Pedestrian,12.138996546,"middle [10,30)",2,0.000000000,13,13,100.000000000,100.000000000
nuscenes,scene-1094_034,lateral,0.020000000,m,1,Pedestrian,12.138996546,"middle [10,30)",2,0.000000000,13,13,100.000000000,100.000000000
nuscenes,scene-1094_034,lateral,0.050000000,m,1,Pedestrian,12.138996546,"middle [10,30)",2,0.000000000,13,13,100.000000000,100.000000000
nuscenes,scene-1094_034,lateral,0.100000000,m,1,Pedestrian,12.138996546,"middle [10,30)",2,0.000000000,13,13,100.000000000,100.000000000
nuscenes,scene-1094_036,yaw,-3.000000000,deg,0,Car,28.057288535,"middle [10,30)",0,0.000000000,17,1,5.882352941,100.000000000
nuscenes,scene-1094_036,yaw,-2.000000000,deg,0,Car,28.057288535,"middle [10,30)",0,0.000000000,17,7,41.176470588,100.000000000
nuscenes,scene-1094_036,yaw,-1.000000000,deg,0,Car,28.057288535,"middle [10,30)",0,0.000000000,17,13,76.470588235,100.000000000
nuscenes,scene-1094_036,yaw,-0.500000000,deg,0,Car,28.057288535,"middle [10,30)",0,0.000000000,17,17,100.000000000,100.000000000
nuscenes,scene-1094_036,yaw,0.000000000,deg,0,Car,28.057288535,"middle [10,30)",0,0.000000000,17,17,100.000000000,100.000000000
nuscenes,scene-1094_036,yaw,0.500000000,deg,0,Car,28.057288535,"middle [10,30)",0,0.000000000,17,17,100.000000000,100.000000000
nuscenes,scene-1094_036,yaw,1.000000000,deg,0,Car,28.057288535,"middle [10,30)",0,0.000000000,17,14,82.352941176,100.000000000
nuscenes,scene-1094_036,yaw,2.000000000,deg,0,Car,28.057288535,"middle [10,30)",0,0.000000000,17,8,47.058823529,100.000000000
nuscenes,scene-1094_036,yaw,3.000000000,deg,0,Car,28.057288535,"middle [10,30)",0,0.000000000,17,2,11.764705882,100.000000000
nuscenes,scene-1094_036,lateral,-0.100000000,m,0,Car,28.057288535,"middle [10,30)",0,0.000000000,17,17,100.000000000,100.000000000
nuscenes,scene-1094_036,lateral,-0.050000000,m,0,Car,28.057288535,"middle [10,30)",0,0.000000000,17,17,100.000000000,100.000000000
nuscenes,scene-1094_036,lateral,-0.020000000,m,0,Car,28.057288535,"middle [10,30)",0,0.000000000,17,17,100.000000000,100.000000000
nuscenes,scene-1094_036,lateral,0.000000000,m,0,Car,28.057288535,"middle [10,30)",0,0.000000000,17,17,100.000000000,100.000000000
nuscenes,scene-1094_036,lateral,0.020000000,m,0,Car,28.057288535,"middle [10,30)",0,0.000000000,17,17,100.000000000,100.000000000
nuscenes,scene-1094_036,lateral,0.050000000,m,0,Car,28.057288535,"middle [10,30)",0,0.000000000,17,17,100.000000000,100.000000000
nuscenes,scene-1094_036,lateral,0.100000000,m,0,Car,28.057288535,"middle [10,30)",0,0.000000000,17,17,100.000000000,100.000000000
nuscenes,scene-1094_038,yaw,-3.000000000,deg,0,Car,28.001175819,"middle [10,30)",0,0.000000000,18,3,16.666666667,100.000000000
nuscenes,scene-1094_038,yaw,-3.000000000,deg,3,Car,15.345974743,"middle [10,30)",0,0.000000000,42,29,69.047619048,100.000000000
nuscenes,scene-1094_038,yaw,-2.000000000,deg,0,Car,28.001175819,"middle [10,30)",0,0.000000000,18,8,44.444444444,100.000000000
nuscenes,scene-1094_038,yaw,-2.000000000,deg,3,Car,15.345974743,"middle [10,30)",0,0.000000000,42,34,80.952380952,100.000000000
nuscenes,scene-1094_038,yaw,-1.000000000,deg,0,Car,28.001175819,"middle [10,30)",0,0.000000000,18,14,77.777777778,100.000000000
nuscenes,scene-1094_038,yaw,-1.000000000,deg,3,Car,15.345974743,"middle [10,30)",0,0.000000000,42,40,95.238095238,100.000000000
nuscenes,scene-1094_038,yaw,-0.500000000,deg,0,Car,28.001175819,"middle [10,30)",0,0.000000000,18,18,100.000000000,100.000000000
nuscenes,scene-1094_038,yaw,-0.500000000,deg,3,Car,15.345974743,"middle [10,30)",0,0.000000000,42,42,100.000000000,100.000000000
nuscenes,scene-1094_038,yaw,0.000000000,deg,0,Car,28.001175819,"middle [10,30)",0,0.000000000,18,18,100.000000000,100.000000000
nuscenes,scene-1094_038,yaw,0.000000000,deg,3,Car,15.345974743,"middle [10,30)",0,0.000000000,42,42,100.000000000,100.000000000
nuscenes,scene-1094_038,yaw,0.500000000,deg,0,Car,28.001175819,"middle [10,30)",0,0.000000000,18,15,83.333333333,100.000000000
nuscenes,scene-1094_038,yaw,0.500000000,deg,3,Car,15.345974743,"middle [10,30)",0,0.000000000,42,42,100.000000000,100.000000000
nuscenes,scene-1094_038,yaw,1.000000000,deg,0,Car,28.001175819,"middle [10,30)",0,0.000000000,18,14,77.777777778,100.000000000
nuscenes,scene-1094_038,yaw,1.000000000,deg,3,Car,15.345974743,"middle [10,30)",0,0.000000000,42,41,97.619047619,100.000000000
nuscenes,scene-1094_038,yaw,2.000000000,deg,0,Car,28.001175819,"middle [10,30)",0,0.000000000,18,8,44.444444444,100.000000000
nuscenes,scene-1094_038,yaw,2.000000000,deg,3,Car,15.345974743,"middle [10,30)",0,0.000000000,42,38,90.476190476,100.000000000
nuscenes,scene-1094_038,yaw,3.000000000,deg,0,Car,28.001175819,"middle [10,30)",0,0.000000000,18,2,11.111111111,100.000000000
nuscenes,scene-1094_038,yaw,3.000000000,deg,3,Car,15.345974743,"middle [10,30)",0,0.000000000,42,30,71.428571429,100.000000000
nuscenes,scene-1094_038,lateral,-0.100000000,m,0,Car,28.001175819,"middle [10,30)",0,0.000000000,18,17,94.444444444,100.000000000
nuscenes,scene-1094_038,lateral,-0.100000000,m,3,Car,15.345974743,"middle [10,30)",0,0.000000000,42,42,100.000000000,100.000000000
nuscenes,scene-1094_038,lateral,-0.050000000,m,0,Car,28.001175819,"middle [10,30)",0,0.000000000,18,18,100.000000000,100.000000000
nuscenes,scene-1094_038,lateral,-0.050000000,m,3,Car,15.345974743,"middle [10,30)",0,0.000000000,42,42,100.000000000,100.000000000
nuscenes,scene-1094_038,lateral,-0.020000000,m,0,Car,28.001175819,"middle [10,30)",0,0.000000000,18,18,100.000000000,100.000000000
nuscenes,scene-1094_038,lateral,-0.020000000,m,3,Car,15.345974743,"middle [10,30)",0,0.000000000,42,42,100.000000000,100.000000000
nuscenes,scene-1094_038,lateral,0.000000000,m,0,Car,28.001175819,"middle [10,30)",0,0.000000000,18,18,100.000000000,100.000000000
nuscenes,scene-1094_038,lateral,0.000000000,m,3,Car,15.345974743,"middle [10,30)",0,0.000000000,42,42,100.000000000,100.000000000
nuscenes,scene-1094_038,lateral,0.020000000,m,0,Car,28.001175819,"middle [10,30)",0,0.000000000,18,18,100.000000000,100.000000000
nuscenes,scene-1094_038,lateral,0.020000000,m,3,Car,15.345974743,"middle [10,30)",0,0.000000000,42,42,100.000000000,100.000000000
nuscenes,scene-1094_038,lateral,0.050000000,m,0,Car,28.001175819,"middle [10,30)",0,0.000000000,18,18,100.000000000,100.000000000
nuscenes,scene-1094_038,lateral,0.050000000,m,3,Car,15.345974743,"middle [10,30)",0,0.000000000,42,42,100.000000000,100.000000000
nuscenes,scene-1094_038,lateral,0.100000000,m,0,Car,28.001175819,"middle [10,30)",0,0.000000000,18,18,100.000000000,100.000000000
nuscenes,scene-1094_038,lateral,0.100000000,m,3,Car,15.345974743,"middle [10,30)",0,0.000000000,42,42,100.000000000,100.000000000
nuscenes,scene-1094_039,yaw,-3.000000000,deg,0,Car,27.902480451,"middle [10,30)",0,0.000000000,10,1,10.000000000,100.000000000
nuscenes,scene-1094_039,yaw,-3.000000000,deg,1,Pedestrian,18.883594716,"middle [10,30)",0,0.000000000,11,0,0.000000000,100.000000000
nuscenes,scene-1094_039,yaw,-2.000000000,deg,0,Car,27.902480451,"middle [10,30)",0,0.000000000,10,4,40.000000000,100.000000000
nuscenes,scene-1094_039,yaw,-2.000000000,deg,1,Pedestrian,18.883594716,"middle [10,30)",0,0.000000000,11,0,0.000000000,100.000000000
nuscenes,scene-1094_039,yaw,-1.000000000,deg,0,Car,27.902480451,"middle [10,30)",0,0.000000000,10,7,70.000000000,100.000000000
nuscenes,scene-1094_039,yaw,-1.000000000,deg,1,Pedestrian,18.883594716,"middle [10,30)",0,0.000000000,11,6,54.545454545,100.000000000
nuscenes,scene-1094_039,yaw,-0.500000000,deg,0,Car,27.902480451,"middle [10,30)",0,0.000000000,10,9,90.000000000,100.000000000
nuscenes,scene-1094_039,yaw,-0.500000000,deg,1,Pedestrian,18.883594716,"middle [10,30)",0,0.000000000,11,10,90.909090909,100.000000000
nuscenes,scene-1094_039,yaw,0.000000000,deg,0,Car,27.902480451,"middle [10,30)",0,0.000000000,10,10,100.000000000,100.000000000
nuscenes,scene-1094_039,yaw,0.000000000,deg,1,Pedestrian,18.883594716,"middle [10,30)",0,0.000000000,11,11,100.000000000,100.000000000
nuscenes,scene-1094_039,yaw,0.500000000,deg,0,Car,27.902480451,"middle [10,30)",0,0.000000000,10,9,90.000000000,100.000000000
nuscenes,scene-1094_039,yaw,0.500000000,deg,1,Pedestrian,18.883594716,"middle [10,30)",0,0.000000000,11,11,100.000000000,100.000000000
nuscenes,scene-1094_039,yaw,1.000000000,deg,0,Car,27.902480451,"middle [10,30)",0,0.000000000,10,8,80.000000000,100.000000000
nuscenes,scene-1094_039,yaw,1.000000000,deg,1,Pedestrian,18.883594716,"middle [10,30)",0,0.000000000,11,7,63.636363636,100.000000000
nuscenes,scene-1094_039,yaw,2.000000000,deg,0,Car,27.902480451,"middle [10,30)",0,0.000000000,10,5,50.000000000,100.000000000
nuscenes,scene-1094_039,yaw,2.000000000,deg,1,Pedestrian,18.883594716,"middle [10,30)",0,0.000000000,11,0,0.000000000,100.000000000
nuscenes,scene-1094_039,yaw,3.000000000,deg,0,Car,27.902480451,"middle [10,30)",0,0.000000000,10,2,20.000000000,100.000000000
nuscenes,scene-1094_039,yaw,3.000000000,deg,1,Pedestrian,18.883594716,"middle [10,30)",0,0.000000000,11,0,0.000000000,100.000000000
nuscenes,scene-1094_039,lateral,-0.100000000,m,0,Car,27.902480451,"middle [10,30)",0,0.000000000,10,10,100.000000000,100.000000000
nuscenes,scene-1094_039,lateral,-0.100000000,m,1,Pedestrian,18.883594716,"middle [10,30)",0,0.000000000,11,11,100.000000000,100.000000000
nuscenes,scene-1094_039,lateral,-0.050000000,m,0,Car,27.902480451,"middle [10,30)",0,0.000000000,10,10,100.000000000,100.000000000
nuscenes,scene-1094_039,lateral,-0.050000000,m,1,Pedestrian,18.883594716,"middle [10,30)",0,0.000000000,11,11,100.000000000,100.000000000
nuscenes,scene-1094_039,lateral,-0.020000000,m,0,Car,27.902480451,"middle [10,30)",0,0.000000000,10,10,100.000000000,100.000000000
nuscenes,scene-1094_039,lateral,-0.020000000,m,1,Pedestrian,18.883594716,"middle [10,30)",0,0.000000000,11,11,100.000000000,100.000000000
nuscenes,scene-1094_039,lateral,0.000000000,m,0,Car,27.902480451,"middle [10,30)",0,0.000000000,10,10,100.000000000,100.000000000
nuscenes,scene-1094_039,lateral,0.000000000,m,1,Pedestrian,18.883594716,"middle [10,30)",0,0.000000000,11,11,100.000000000,100.000000000
nuscenes,scene-1094_039,lateral,0.020000000,m,0,Car,27.902480451,"middle [10,30)",0,0.000000000,10,10,100.000000000,100.000000000
nuscenes,scene-1094_039,lateral,0.020000000,m,1,Pedestrian,18.883594716,"middle [10,30)",0,0.000000000,11,11,100.000000000,100.000000000
nuscenes,scene-1094_039,lateral,0.050000000,m,0,Car,27.902480451,"middle [10,30)",0,0.000000000,10,10,100.000000000,100.000000000
nuscenes,scene-1094_039,lateral,0.050000000,m,1,Pedestrian,18.883594716,"middle [10,30)",0,0.000000000,11,11,100.000000000,100.000000000
nuscenes,scene-1094_039,lateral,0.100000000,m,0,Car,27.902480451,"middle [10,30)",0,0.000000000,10,10,100.000000000,100.000000000
nuscenes,scene-1094_039,lateral,0.100000000,m,1,Pedestrian,18.883594716,"middle [10,30)",0,0.000000000,11,11,100.000000000,100.000000000
